label order: ['emotion.happy', 'emotion.funny', 'emotion.calm', 'emotion.sad', 'emotion.lonely', 'emotion.angry']
label_list: ['emotion.happy.0', 'emotion.happy.1', 'emotion.happy.2', 'emotion.funny.0', 'emotion.funny.1', 'emotion.funny.2', 'emotion.calm.0', 'emotion.calm.1', 'emotion.calm.2', 'emotion.sad.0', 'emotion.sad.1', 'emotion.sad.2', 'emotion.lonely.0', 'emotion.lonely.1', 'emotion.lonely.2', 'emotion.angry.0', 'emotion.angry.1', 'emotion.angry.2']
{'eval_loss': 0.689494252204895, 'eval_f1': 0.42216358839050133, 'eval_runtime': 0.2094, 'eval_samples_per_second': 143.271, 'eval_steps_per_second': 9.551, 'epoch': 1.0}
{'eval_loss': 0.6885850429534912, 'eval_f1': 0.42216358839050133, 'eval_runtime': 0.229, 'eval_samples_per_second': 131.002, 'eval_steps_per_second': 8.733, 'epoch': 2.0}
{'eval_loss': 0.6875852346420288, 'eval_f1': 0.417989417989418, 'eval_runtime': 0.2055, 'eval_samples_per_second': 145.961, 'eval_steps_per_second': 9.731, 'epoch': 3.0}
{'eval_loss': 0.6865370273590088, 'eval_f1': 0.41489361702127664, 'eval_runtime': 0.2144, 'eval_samples_per_second': 139.916, 'eval_steps_per_second': 9.328, 'epoch': 4.0}
{'eval_loss': 0.6854933500289917, 'eval_f1': 0.4128686327077748, 'eval_runtime': 0.2117, 'eval_samples_per_second': 141.741, 'eval_steps_per_second': 9.449, 'epoch': 5.0}
{'eval_loss': 0.6844748854637146, 'eval_f1': 0.4173441734417344, 'eval_runtime': 0.2241, 'eval_samples_per_second': 133.877, 'eval_steps_per_second': 8.925, 'epoch': 6.0}
{'eval_loss': 0.6834748387336731, 'eval_f1': 0.4119241192411924, 'eval_runtime': 0.2092, 'eval_samples_per_second': 143.389, 'eval_steps_per_second': 9.559, 'epoch': 7.0}
{'eval_loss': 0.6825169324874878, 'eval_f1': 0.41304347826086957, 'eval_runtime': 0.2122, 'eval_samples_per_second': 141.391, 'eval_steps_per_second': 9.426, 'epoch': 8.0}
{'eval_loss': 0.6815780997276306, 'eval_f1': 0.4175824175824176, 'eval_runtime': 0.2091, 'eval_samples_per_second': 143.449, 'eval_steps_per_second': 9.563, 'epoch': 9.0}
{'eval_loss': 0.6806279420852661, 'eval_f1': 0.41436464088397795, 'eval_runtime': 0.2288, 'eval_samples_per_second': 131.106, 'eval_steps_per_second': 8.74, 'epoch': 10.0}
{'eval_loss': 0.6796815991401672, 'eval_f1': 0.4155124653739612, 'eval_runtime': 0.2096, 'eval_samples_per_second': 143.109, 'eval_steps_per_second': 9.541, 'epoch': 11.0}
{'eval_loss': 0.6787158250808716, 'eval_f1': 0.41573033707865165, 'eval_runtime': 0.2082, 'eval_samples_per_second': 144.099, 'eval_steps_per_second': 9.607, 'epoch': 12.0}
{'eval_loss': 0.6777849793434143, 'eval_f1': 0.4192634560906515, 'eval_runtime': 0.2125, 'eval_samples_per_second': 141.171, 'eval_steps_per_second': 9.411, 'epoch': 13.0}
{'eval_loss': 0.6768998503684998, 'eval_f1': 0.4183381088825215, 'eval_runtime': 0.213, 'eval_samples_per_second': 140.849, 'eval_steps_per_second': 9.39, 'epoch': 14.0}
{'eval_loss': 0.6760084629058838, 'eval_f1': 0.42318840579710143, 'eval_runtime': 0.2089, 'eval_samples_per_second': 143.606, 'eval_steps_per_second': 9.574, 'epoch': 15.0}
{'eval_loss': 0.6751390099525452, 'eval_f1': 0.4198250728862974, 'eval_runtime': 0.2089, 'eval_samples_per_second': 143.598, 'eval_steps_per_second': 9.573, 'epoch': 16.0}
{'eval_loss': 0.6742762327194214, 'eval_f1': 0.4164222873900293, 'eval_runtime': 0.2087, 'eval_samples_per_second': 143.767, 'eval_steps_per_second': 9.584, 'epoch': 17.0}
{'eval_loss': 0.673428475856781, 'eval_f1': 0.41764705882352937, 'eval_runtime': 0.2086, 'eval_samples_per_second': 143.84, 'eval_steps_per_second': 9.589, 'epoch': 18.0}
{'eval_loss': 0.6725868582725525, 'eval_f1': 0.41764705882352937, 'eval_runtime': 0.2094, 'eval_samples_per_second': 143.288, 'eval_steps_per_second': 9.553, 'epoch': 19.0}
{'eval_loss': 0.671742856502533, 'eval_f1': 0.42228739002932547, 'eval_runtime': 0.2093, 'eval_samples_per_second': 143.333, 'eval_steps_per_second': 9.556, 'epoch': 20.0}
{'eval_loss': 0.6709203124046326, 'eval_f1': 0.4247787610619469, 'eval_runtime': 0.2088, 'eval_samples_per_second': 143.682, 'eval_steps_per_second': 9.579, 'epoch': 21.0}
{'eval_loss': 0.6700693368911743, 'eval_f1': 0.42388059701492536, 'eval_runtime': 0.2085, 'eval_samples_per_second': 143.862, 'eval_steps_per_second': 9.591, 'epoch': 22.0}
{'eval_loss': 0.6692419648170471, 'eval_f1': 0.42388059701492536, 'eval_runtime': 0.2059, 'eval_samples_per_second': 145.697, 'eval_steps_per_second': 9.713, 'epoch': 23.0}
{'eval_loss': 0.6684297323226929, 'eval_f1': 0.42771084337349397, 'eval_runtime': 0.2068, 'eval_samples_per_second': 145.055, 'eval_steps_per_second': 9.67, 'epoch': 24.0}
{'eval_loss': 0.6676517724990845, 'eval_f1': 0.4290030211480363, 'eval_runtime': 0.2125, 'eval_samples_per_second': 141.207, 'eval_steps_per_second': 9.414, 'epoch': 25.0}
{'eval_loss': 0.6669038534164429, 'eval_f1': 0.425531914893617, 'eval_runtime': 0.2097, 'eval_samples_per_second': 143.095, 'eval_steps_per_second': 9.54, 'epoch': 26.0}
{'eval_loss': 0.6661531329154968, 'eval_f1': 0.4342507645259938, 'eval_runtime': 0.2088, 'eval_samples_per_second': 143.681, 'eval_steps_per_second': 9.579, 'epoch': 27.0}
{'eval_loss': 0.6653977632522583, 'eval_f1': 0.4320987654320988, 'eval_runtime': 0.2089, 'eval_samples_per_second': 143.637, 'eval_steps_per_second': 9.576, 'epoch': 28.0}
{'eval_loss': 0.6646133661270142, 'eval_f1': 0.4347826086956522, 'eval_runtime': 0.2087, 'eval_samples_per_second': 143.735, 'eval_steps_per_second': 9.582, 'epoch': 29.0}
{'eval_loss': 0.6638647317886353, 'eval_f1': 0.42990654205607476, 'eval_runtime': 0.2123, 'eval_samples_per_second': 141.323, 'eval_steps_per_second': 9.422, 'epoch': 30.0}
{'eval_loss': 0.6631011366844177, 'eval_f1': 0.42990654205607476, 'eval_runtime': 0.2097, 'eval_samples_per_second': 143.082, 'eval_steps_per_second': 9.539, 'epoch': 31.0}
{'eval_loss': 0.6623226404190063, 'eval_f1': 0.4276729559748428, 'eval_runtime': 0.2086, 'eval_samples_per_second': 143.825, 'eval_steps_per_second': 9.588, 'epoch': 32.0}
{'eval_loss': 0.6616118550300598, 'eval_f1': 0.42271293375394325, 'eval_runtime': 0.2082, 'eval_samples_per_second': 144.1, 'eval_steps_per_second': 9.607, 'epoch': 33.0}
{'eval_loss': 0.6609095335006714, 'eval_f1': 0.42138364779874216, 'eval_runtime': 0.2082, 'eval_samples_per_second': 144.109, 'eval_steps_per_second': 9.607, 'epoch': 34.0}
{'eval_loss': 0.6602191925048828, 'eval_f1': 0.4200626959247649, 'eval_runtime': 0.2075, 'eval_samples_per_second': 144.566, 'eval_steps_per_second': 9.638, 'epoch': 35.0}
{'eval_loss': 0.6594980955123901, 'eval_f1': 0.4200626959247649, 'eval_runtime': 0.2172, 'eval_samples_per_second': 138.102, 'eval_steps_per_second': 9.207, 'epoch': 36.0}
{'eval_loss': 0.658808171749115, 'eval_f1': 0.42271293375394325, 'eval_runtime': 0.2234, 'eval_samples_per_second': 134.271, 'eval_steps_per_second': 8.951, 'epoch': 37.0}
{'eval_loss': 0.658126950263977, 'eval_f1': 0.42271293375394325, 'eval_runtime': 0.2166, 'eval_samples_per_second': 138.502, 'eval_steps_per_second': 9.233, 'epoch': 38.0}
{'eval_loss': 0.6574535369873047, 'eval_f1': 0.4253968253968254, 'eval_runtime': 0.2223, 'eval_samples_per_second': 134.953, 'eval_steps_per_second': 8.997, 'epoch': 39.0}
{'eval_loss': 0.6568087339401245, 'eval_f1': 0.42038216560509556, 'eval_runtime': 0.2164, 'eval_samples_per_second': 138.625, 'eval_steps_per_second': 9.242, 'epoch': 40.0}
{'eval_loss': 0.6561321020126343, 'eval_f1': 0.4153354632587859, 'eval_runtime': 0.2177, 'eval_samples_per_second': 137.833, 'eval_steps_per_second': 9.189, 'epoch': 41.0}
{'eval_loss': 0.6554498076438904, 'eval_f1': 0.4115755627009646, 'eval_runtime': 0.216, 'eval_samples_per_second': 138.871, 'eval_steps_per_second': 9.258, 'epoch': 42.0}
{'eval_loss': 0.654786229133606, 'eval_f1': 0.4115755627009646, 'eval_runtime': 0.2164, 'eval_samples_per_second': 138.618, 'eval_steps_per_second': 9.241, 'epoch': 43.0}
{'eval_loss': 0.6541369557380676, 'eval_f1': 0.41666666666666663, 'eval_runtime': 0.2234, 'eval_samples_per_second': 134.314, 'eval_steps_per_second': 8.954, 'epoch': 44.0}
{'eval_loss': 0.6534560918807983, 'eval_f1': 0.4115755627009646, 'eval_runtime': 0.2183, 'eval_samples_per_second': 137.433, 'eval_steps_per_second': 9.162, 'epoch': 45.0}
{'eval_loss': 0.6527957916259766, 'eval_f1': 0.4115755627009646, 'eval_runtime': 0.2639, 'eval_samples_per_second': 113.692, 'eval_steps_per_second': 7.579, 'epoch': 46.0}
{'eval_loss': 0.6521578431129456, 'eval_f1': 0.4115755627009646, 'eval_runtime': 0.2102, 'eval_samples_per_second': 142.695, 'eval_steps_per_second': 9.513, 'epoch': 47.0}
{'eval_loss': 0.6515187621116638, 'eval_f1': 0.4129032258064516, 'eval_runtime': 0.2081, 'eval_samples_per_second': 144.173, 'eval_steps_per_second': 9.612, 'epoch': 48.0}
{'eval_loss': 0.6508921980857849, 'eval_f1': 0.41800643086816724, 'eval_runtime': 0.2034, 'eval_samples_per_second': 147.457, 'eval_steps_per_second': 9.83, 'epoch': 49.0}
{'eval_loss': 0.6502718329429626, 'eval_f1': 0.41800643086816724, 'eval_runtime': 0.209, 'eval_samples_per_second': 143.567, 'eval_steps_per_second': 9.571, 'epoch': 50.0}
{'eval_loss': 0.649683952331543, 'eval_f1': 0.41800643086816724, 'eval_runtime': 0.2182, 'eval_samples_per_second': 137.461, 'eval_steps_per_second': 9.164, 'epoch': 51.0}
{'eval_loss': 0.649084746837616, 'eval_f1': 0.4129032258064516, 'eval_runtime': 0.2197, 'eval_samples_per_second': 136.531, 'eval_steps_per_second': 9.102, 'epoch': 52.0}
{'eval_loss': 0.6484529972076416, 'eval_f1': 0.4129032258064516, 'eval_runtime': 0.2137, 'eval_samples_per_second': 140.396, 'eval_steps_per_second': 9.36, 'epoch': 53.0}
{'eval_loss': 0.6478551030158997, 'eval_f1': 0.41800643086816724, 'eval_runtime': 0.225, 'eval_samples_per_second': 133.309, 'eval_steps_per_second': 8.887, 'epoch': 54.0}
{'eval_loss': 0.6472697854042053, 'eval_f1': 0.41558441558441556, 'eval_runtime': 0.227, 'eval_samples_per_second': 132.147, 'eval_steps_per_second': 8.81, 'epoch': 55.0}
{'eval_loss': 0.6466976404190063, 'eval_f1': 0.4129032258064516, 'eval_runtime': 0.2263, 'eval_samples_per_second': 132.562, 'eval_steps_per_second': 8.837, 'epoch': 56.0}
{'eval_loss': 0.646145761013031, 'eval_f1': 0.4115755627009646, 'eval_runtime': 0.2262, 'eval_samples_per_second': 132.604, 'eval_steps_per_second': 8.84, 'epoch': 57.0}
{'eval_loss': 0.645612359046936, 'eval_f1': 0.40645161290322585, 'eval_runtime': 0.2295, 'eval_samples_per_second': 130.722, 'eval_steps_per_second': 8.715, 'epoch': 58.0}
{'eval_loss': 0.6451146602630615, 'eval_f1': 0.40645161290322585, 'eval_runtime': 0.2283, 'eval_samples_per_second': 131.396, 'eval_steps_per_second': 8.76, 'epoch': 59.0}
{'eval_loss': 0.6446073651313782, 'eval_f1': 0.40129449838187703, 'eval_runtime': 0.2291, 'eval_samples_per_second': 130.954, 'eval_steps_per_second': 8.73, 'epoch': 60.0}
{'eval_loss': 0.644126832485199, 'eval_f1': 0.40259740259740256, 'eval_runtime': 0.2151, 'eval_samples_per_second': 139.462, 'eval_steps_per_second': 9.297, 'epoch': 61.0}
{'eval_loss': 0.6436394453048706, 'eval_f1': 0.40259740259740256, 'eval_runtime': 0.2138, 'eval_samples_per_second': 140.338, 'eval_steps_per_second': 9.356, 'epoch': 62.0}
{'loss': 0.6653, 'grad_norm': 0.9706224799156189, 'learning_rate': 1.9583333333333332e-07, 'epoch': 62.5}
{'eval_loss': 0.643124520778656, 'eval_f1': 0.40259740259740256, 'eval_runtime': 0.2082, 'eval_samples_per_second': 144.098, 'eval_steps_per_second': 9.607, 'epoch': 63.0}
{'eval_loss': 0.642619252204895, 'eval_f1': 0.40129449838187703, 'eval_runtime': 0.2064, 'eval_samples_per_second': 145.33, 'eval_steps_per_second': 9.689, 'epoch': 64.0}
{'eval_loss': 0.6421253085136414, 'eval_f1': 0.3973941368078176, 'eval_runtime': 0.2069, 'eval_samples_per_second': 145.022, 'eval_steps_per_second': 9.668, 'epoch': 65.0}
{'eval_loss': 0.6416323781013489, 'eval_f1': 0.3973941368078176, 'eval_runtime': 0.2072, 'eval_samples_per_second': 144.82, 'eval_steps_per_second': 9.655, 'epoch': 66.0}
{'eval_loss': 0.6411727666854858, 'eval_f1': 0.3961038961038961, 'eval_runtime': 0.2072, 'eval_samples_per_second': 144.814, 'eval_steps_per_second': 9.654, 'epoch': 67.0}
{'eval_loss': 0.6407040953636169, 'eval_f1': 0.3961038961038961, 'eval_runtime': 0.2068, 'eval_samples_per_second': 145.082, 'eval_steps_per_second': 9.672, 'epoch': 68.0}
{'eval_loss': 0.6402156352996826, 'eval_f1': 0.39215686274509803, 'eval_runtime': 0.2062, 'eval_samples_per_second': 145.505, 'eval_steps_per_second': 9.7, 'epoch': 69.0}
{'eval_loss': 0.6397411227226257, 'eval_f1': 0.39215686274509803, 'eval_runtime': 0.2083, 'eval_samples_per_second': 143.997, 'eval_steps_per_second': 9.6, 'epoch': 70.0}
{'eval_loss': 0.6392737030982971, 'eval_f1': 0.39215686274509803, 'eval_runtime': 0.2189, 'eval_samples_per_second': 137.024, 'eval_steps_per_second': 9.135, 'epoch': 71.0}
{'eval_loss': 0.638805627822876, 'eval_f1': 0.39215686274509803, 'eval_runtime': 0.2075, 'eval_samples_per_second': 144.573, 'eval_steps_per_second': 9.638, 'epoch': 72.0}
{'eval_loss': 0.638349175453186, 'eval_f1': 0.39215686274509803, 'eval_runtime': 0.208, 'eval_samples_per_second': 144.242, 'eval_steps_per_second': 9.616, 'epoch': 73.0}
{'eval_loss': 0.6379185318946838, 'eval_f1': 0.39215686274509803, 'eval_runtime': 0.2085, 'eval_samples_per_second': 143.882, 'eval_steps_per_second': 9.592, 'epoch': 74.0}
{'eval_loss': 0.6374940276145935, 'eval_f1': 0.39215686274509803, 'eval_runtime': 0.2023, 'eval_samples_per_second': 148.331, 'eval_steps_per_second': 9.889, 'epoch': 75.0}
{'eval_loss': 0.6370686292648315, 'eval_f1': 0.3856209150326797, 'eval_runtime': 0.2209, 'eval_samples_per_second': 135.813, 'eval_steps_per_second': 9.054, 'epoch': 76.0}
{'eval_loss': 0.6366433501243591, 'eval_f1': 0.39087947882736157, 'eval_runtime': 0.2185, 'eval_samples_per_second': 137.272, 'eval_steps_per_second': 9.151, 'epoch': 77.0}
{'eval_loss': 0.6361944079399109, 'eval_f1': 0.39087947882736157, 'eval_runtime': 0.2036, 'eval_samples_per_second': 147.333, 'eval_steps_per_second': 9.822, 'epoch': 78.0}
{'eval_loss': 0.6357463002204895, 'eval_f1': 0.39215686274509803, 'eval_runtime': 0.1825, 'eval_samples_per_second': 164.403, 'eval_steps_per_second': 10.96, 'epoch': 79.0}
{'eval_loss': 0.6353094577789307, 'eval_f1': 0.39344262295081966, 'eval_runtime': 0.2168, 'eval_samples_per_second': 138.406, 'eval_steps_per_second': 9.227, 'epoch': 80.0}
{'eval_loss': 0.6349099278450012, 'eval_f1': 0.39344262295081966, 'eval_runtime': 0.2184, 'eval_samples_per_second': 137.369, 'eval_steps_per_second': 9.158, 'epoch': 81.0}
{'eval_loss': 0.6345162987709045, 'eval_f1': 0.39344262295081966, 'eval_runtime': 0.2186, 'eval_samples_per_second': 137.213, 'eval_steps_per_second': 9.148, 'epoch': 82.0}
{'eval_loss': 0.6341074705123901, 'eval_f1': 0.3907284768211921, 'eval_runtime': 0.2181, 'eval_samples_per_second': 137.575, 'eval_steps_per_second': 9.172, 'epoch': 83.0}
{'eval_loss': 0.6337050199508667, 'eval_f1': 0.3907284768211921, 'eval_runtime': 0.2276, 'eval_samples_per_second': 131.808, 'eval_steps_per_second': 8.787, 'epoch': 84.0}
{'eval_loss': 0.6332862377166748, 'eval_f1': 0.3853820598006645, 'eval_runtime': 0.2208, 'eval_samples_per_second': 135.856, 'eval_steps_per_second': 9.057, 'epoch': 85.0}
{'eval_loss': 0.6328710317611694, 'eval_f1': 0.37999999999999995, 'eval_runtime': 0.2169, 'eval_samples_per_second': 138.318, 'eval_steps_per_second': 9.221, 'epoch': 86.0}
{'eval_loss': 0.6324653625488281, 'eval_f1': 0.37999999999999995, 'eval_runtime': 0.2165, 'eval_samples_per_second': 138.585, 'eval_steps_per_second': 9.239, 'epoch': 87.0}
{'eval_loss': 0.6320436596870422, 'eval_f1': 0.37458193979933113, 'eval_runtime': 0.2162, 'eval_samples_per_second': 138.75, 'eval_steps_per_second': 9.25, 'epoch': 88.0}
{'eval_loss': 0.6316490173339844, 'eval_f1': 0.37458193979933113, 'eval_runtime': 0.2263, 'eval_samples_per_second': 132.585, 'eval_steps_per_second': 8.839, 'epoch': 89.0}
{'eval_loss': 0.6312568783760071, 'eval_f1': 0.37999999999999995, 'eval_runtime': 0.2257, 'eval_samples_per_second': 132.918, 'eval_steps_per_second': 8.861, 'epoch': 90.0}
{'eval_loss': 0.6308948397636414, 'eval_f1': 0.3812709030100334, 'eval_runtime': 0.2269, 'eval_samples_per_second': 132.221, 'eval_steps_per_second': 8.815, 'epoch': 91.0}
{'eval_loss': 0.6305166482925415, 'eval_f1': 0.3771043771043771, 'eval_runtime': 0.2307, 'eval_samples_per_second': 130.058, 'eval_steps_per_second': 8.671, 'epoch': 92.0}
{'eval_loss': 0.6301401853561401, 'eval_f1': 0.3771043771043771, 'eval_runtime': 0.228, 'eval_samples_per_second': 131.591, 'eval_steps_per_second': 8.773, 'epoch': 93.0}
{'eval_loss': 0.6297584176063538, 'eval_f1': 0.3771043771043771, 'eval_runtime': 0.2022, 'eval_samples_per_second': 148.343, 'eval_steps_per_second': 9.89, 'epoch': 94.0}
{'eval_loss': 0.6293935775756836, 'eval_f1': 0.3771043771043771, 'eval_runtime': 0.2173, 'eval_samples_per_second': 138.06, 'eval_steps_per_second': 9.204, 'epoch': 95.0}
{'eval_loss': 0.6289994120597839, 'eval_f1': 0.3716216216216216, 'eval_runtime': 0.2178, 'eval_samples_per_second': 137.738, 'eval_steps_per_second': 9.183, 'epoch': 96.0}
{'eval_loss': 0.6286341547966003, 'eval_f1': 0.37037037037037035, 'eval_runtime': 0.2229, 'eval_samples_per_second': 134.578, 'eval_steps_per_second': 8.972, 'epoch': 97.0}
{'eval_loss': 0.6282708048820496, 'eval_f1': 0.36486486486486486, 'eval_runtime': 0.2049, 'eval_samples_per_second': 146.381, 'eval_steps_per_second': 9.759, 'epoch': 98.0}
{'eval_loss': 0.6279058456420898, 'eval_f1': 0.36486486486486486, 'eval_runtime': 0.2082, 'eval_samples_per_second': 144.094, 'eval_steps_per_second': 9.606, 'epoch': 99.0}
{'eval_loss': 0.6275591254234314, 'eval_f1': 0.36486486486486486, 'eval_runtime': 0.2065, 'eval_samples_per_second': 145.312, 'eval_steps_per_second': 9.687, 'epoch': 100.0}
{'eval_loss': 0.6271932721138, 'eval_f1': 0.36610169491525424, 'eval_runtime': 0.2104, 'eval_samples_per_second': 142.597, 'eval_steps_per_second': 9.506, 'epoch': 101.0}
{'eval_loss': 0.6268576979637146, 'eval_f1': 0.36610169491525424, 'eval_runtime': 0.2136, 'eval_samples_per_second': 140.449, 'eval_steps_per_second': 9.363, 'epoch': 102.0}
{'eval_loss': 0.6265019178390503, 'eval_f1': 0.36054421768707484, 'eval_runtime': 0.2104, 'eval_samples_per_second': 142.554, 'eval_steps_per_second': 9.504, 'epoch': 103.0}
{'eval_loss': 0.6261637806892395, 'eval_f1': 0.36177474402730375, 'eval_runtime': 0.2216, 'eval_samples_per_second': 135.382, 'eval_steps_per_second': 9.025, 'epoch': 104.0}
{'eval_loss': 0.6257981061935425, 'eval_f1': 0.36177474402730375, 'eval_runtime': 0.2311, 'eval_samples_per_second': 129.794, 'eval_steps_per_second': 8.653, 'epoch': 105.0}
{'eval_loss': 0.6254103183746338, 'eval_f1': 0.36177474402730375, 'eval_runtime': 0.2147, 'eval_samples_per_second': 139.706, 'eval_steps_per_second': 9.314, 'epoch': 106.0}
{'eval_loss': 0.6250130534172058, 'eval_f1': 0.3673469387755102, 'eval_runtime': 0.2082, 'eval_samples_per_second': 144.101, 'eval_steps_per_second': 9.607, 'epoch': 107.0}
{'eval_loss': 0.6245933771133423, 'eval_f1': 0.3673469387755102, 'eval_runtime': 0.2082, 'eval_samples_per_second': 144.118, 'eval_steps_per_second': 9.608, 'epoch': 108.0}
{'eval_loss': 0.6242048740386963, 'eval_f1': 0.3686006825938567, 'eval_runtime': 0.2166, 'eval_samples_per_second': 138.52, 'eval_steps_per_second': 9.235, 'epoch': 109.0}
{'eval_loss': 0.6238778829574585, 'eval_f1': 0.36301369863013705, 'eval_runtime': 0.2246, 'eval_samples_per_second': 133.573, 'eval_steps_per_second': 8.905, 'epoch': 110.0}
{'eval_loss': 0.6236138939857483, 'eval_f1': 0.36177474402730375, 'eval_runtime': 0.2057, 'eval_samples_per_second': 145.879, 'eval_steps_per_second': 9.725, 'epoch': 111.0}
{'eval_loss': 0.62331223487854, 'eval_f1': 0.36177474402730375, 'eval_runtime': 0.2041, 'eval_samples_per_second': 147.009, 'eval_steps_per_second': 9.801, 'epoch': 112.0}
{'eval_loss': 0.6230190396308899, 'eval_f1': 0.3673469387755102, 'eval_runtime': 0.2243, 'eval_samples_per_second': 133.726, 'eval_steps_per_second': 8.915, 'epoch': 113.0}
{'eval_loss': 0.6227205395698547, 'eval_f1': 0.3561643835616438, 'eval_runtime': 0.2063, 'eval_samples_per_second': 145.425, 'eval_steps_per_second': 9.695, 'epoch': 114.0}
{'eval_loss': 0.6224132180213928, 'eval_f1': 0.34931506849315064, 'eval_runtime': 0.2029, 'eval_samples_per_second': 147.851, 'eval_steps_per_second': 9.857, 'epoch': 115.0}
{'eval_loss': 0.6220740079879761, 'eval_f1': 0.34364261168384885, 'eval_runtime': 0.2033, 'eval_samples_per_second': 147.548, 'eval_steps_per_second': 9.837, 'epoch': 116.0}
{'eval_loss': 0.6218060255050659, 'eval_f1': 0.34364261168384885, 'eval_runtime': 0.203, 'eval_samples_per_second': 147.751, 'eval_steps_per_second': 9.85, 'epoch': 117.0}
{'eval_loss': 0.6215395331382751, 'eval_f1': 0.34364261168384885, 'eval_runtime': 0.2041, 'eval_samples_per_second': 146.99, 'eval_steps_per_second': 9.799, 'epoch': 118.0}
{'eval_loss': 0.6212043762207031, 'eval_f1': 0.3448275862068966, 'eval_runtime': 0.204, 'eval_samples_per_second': 147.058, 'eval_steps_per_second': 9.804, 'epoch': 119.0}
{'eval_loss': 0.6208327412605286, 'eval_f1': 0.34602076124567477, 'eval_runtime': 0.2045, 'eval_samples_per_second': 146.703, 'eval_steps_per_second': 9.78, 'epoch': 120.0}
{'eval_loss': 0.6204350590705872, 'eval_f1': 0.34602076124567477, 'eval_runtime': 0.2046, 'eval_samples_per_second': 146.647, 'eval_steps_per_second': 9.776, 'epoch': 121.0}
{'eval_loss': 0.6199254989624023, 'eval_f1': 0.3472222222222222, 'eval_runtime': 0.2027, 'eval_samples_per_second': 147.966, 'eval_steps_per_second': 9.864, 'epoch': 122.0}
{'eval_loss': 0.6194964051246643, 'eval_f1': 0.34843205574912894, 'eval_runtime': 0.2032, 'eval_samples_per_second': 147.659, 'eval_steps_per_second': 9.844, 'epoch': 123.0}
{'eval_loss': 0.6191428899765015, 'eval_f1': 0.3496503496503497, 'eval_runtime': 0.2028, 'eval_samples_per_second': 147.965, 'eval_steps_per_second': 9.864, 'epoch': 124.0}
{'loss': 0.6261, 'grad_norm': 1.1804354190826416, 'learning_rate': 1.9166666666666668e-07, 'epoch': 125.0}
{'eval_loss': 0.6188352108001709, 'eval_f1': 0.3496503496503497, 'eval_runtime': 0.2079, 'eval_samples_per_second': 144.284, 'eval_steps_per_second': 9.619, 'epoch': 125.0}
{'eval_loss': 0.6185373663902283, 'eval_f1': 0.3496503496503497, 'eval_runtime': 0.2075, 'eval_samples_per_second': 144.592, 'eval_steps_per_second': 9.639, 'epoch': 126.0}
{'eval_loss': 0.6182546615600586, 'eval_f1': 0.343859649122807, 'eval_runtime': 0.2105, 'eval_samples_per_second': 142.52, 'eval_steps_per_second': 9.501, 'epoch': 127.0}
{'eval_loss': 0.6179696321487427, 'eval_f1': 0.34507042253521125, 'eval_runtime': 0.2076, 'eval_samples_per_second': 144.543, 'eval_steps_per_second': 9.636, 'epoch': 128.0}
{'eval_loss': 0.6176599264144897, 'eval_f1': 0.34628975265017664, 'eval_runtime': 0.2073, 'eval_samples_per_second': 144.721, 'eval_steps_per_second': 9.648, 'epoch': 129.0}
{'eval_loss': 0.6173266172409058, 'eval_f1': 0.35, 'eval_runtime': 0.2177, 'eval_samples_per_second': 137.776, 'eval_steps_per_second': 9.185, 'epoch': 130.0}
{'eval_loss': 0.6170160174369812, 'eval_f1': 0.35, 'eval_runtime': 0.2222, 'eval_samples_per_second': 134.996, 'eval_steps_per_second': 9.0, 'epoch': 131.0}
{'eval_loss': 0.616692304611206, 'eval_f1': 0.35, 'eval_runtime': 0.2092, 'eval_samples_per_second': 143.423, 'eval_steps_per_second': 9.562, 'epoch': 132.0}
{'eval_loss': 0.6164302825927734, 'eval_f1': 0.3453237410071942, 'eval_runtime': 0.2197, 'eval_samples_per_second': 136.549, 'eval_steps_per_second': 9.103, 'epoch': 133.0}
{'eval_loss': 0.6161668300628662, 'eval_f1': 0.3465703971119134, 'eval_runtime': 0.2067, 'eval_samples_per_second': 145.106, 'eval_steps_per_second': 9.674, 'epoch': 134.0}
{'eval_loss': 0.6158725619316101, 'eval_f1': 0.3478260869565218, 'eval_runtime': 0.2107, 'eval_samples_per_second': 142.393, 'eval_steps_per_second': 9.493, 'epoch': 135.0}
{'eval_loss': 0.61558997631073, 'eval_f1': 0.3418181818181819, 'eval_runtime': 0.2164, 'eval_samples_per_second': 138.65, 'eval_steps_per_second': 9.243, 'epoch': 136.0}
{'eval_loss': 0.6153011322021484, 'eval_f1': 0.3418181818181819, 'eval_runtime': 0.207, 'eval_samples_per_second': 144.928, 'eval_steps_per_second': 9.662, 'epoch': 137.0}
{'eval_loss': 0.6150147318840027, 'eval_f1': 0.34306569343065696, 'eval_runtime': 0.2055, 'eval_samples_per_second': 145.969, 'eval_steps_per_second': 9.731, 'epoch': 138.0}
{'eval_loss': 0.614700973033905, 'eval_f1': 0.3443223443223444, 'eval_runtime': 0.2061, 'eval_samples_per_second': 145.55, 'eval_steps_per_second': 9.703, 'epoch': 139.0}
{'eval_loss': 0.6143403649330139, 'eval_f1': 0.3443223443223444, 'eval_runtime': 0.2077, 'eval_samples_per_second': 144.426, 'eval_steps_per_second': 9.628, 'epoch': 140.0}
{'eval_loss': 0.6141089797019958, 'eval_f1': 0.34686346863468637, 'eval_runtime': 0.2065, 'eval_samples_per_second': 145.258, 'eval_steps_per_second': 9.684, 'epoch': 141.0}
{'eval_loss': 0.6139062643051147, 'eval_f1': 0.34814814814814815, 'eval_runtime': 0.2085, 'eval_samples_per_second': 143.906, 'eval_steps_per_second': 9.594, 'epoch': 142.0}
{'eval_loss': 0.6137048602104187, 'eval_f1': 0.34814814814814815, 'eval_runtime': 0.2249, 'eval_samples_per_second': 133.405, 'eval_steps_per_second': 8.894, 'epoch': 143.0}
{'eval_loss': 0.613532304763794, 'eval_f1': 0.3420074349442379, 'eval_runtime': 0.2222, 'eval_samples_per_second': 135.012, 'eval_steps_per_second': 9.001, 'epoch': 144.0}
{'eval_loss': 0.6133320927619934, 'eval_f1': 0.3420074349442379, 'eval_runtime': 0.2061, 'eval_samples_per_second': 145.588, 'eval_steps_per_second': 9.706, 'epoch': 145.0}
{'eval_loss': 0.6130391359329224, 'eval_f1': 0.3420074349442379, 'eval_runtime': 0.1829, 'eval_samples_per_second': 164.004, 'eval_steps_per_second': 10.934, 'epoch': 146.0}
{'eval_loss': 0.6127446889877319, 'eval_f1': 0.3420074349442379, 'eval_runtime': 0.1876, 'eval_samples_per_second': 159.935, 'eval_steps_per_second': 10.662, 'epoch': 147.0}
{'eval_loss': 0.6124527454376221, 'eval_f1': 0.3420074349442379, 'eval_runtime': 0.211, 'eval_samples_per_second': 142.204, 'eval_steps_per_second': 9.48, 'epoch': 148.0}
{'eval_loss': 0.6121500730514526, 'eval_f1': 0.3432835820895522, 'eval_runtime': 0.2126, 'eval_samples_per_second': 141.118, 'eval_steps_per_second': 9.408, 'epoch': 149.0}
{'eval_loss': 0.6118133664131165, 'eval_f1': 0.34456928838951306, 'eval_runtime': 0.2068, 'eval_samples_per_second': 145.049, 'eval_steps_per_second': 9.67, 'epoch': 150.0}
{'eval_loss': 0.6115785837173462, 'eval_f1': 0.34456928838951306, 'eval_runtime': 0.1994, 'eval_samples_per_second': 150.461, 'eval_steps_per_second': 10.031, 'epoch': 151.0}
{'eval_loss': 0.6113585829734802, 'eval_f1': 0.34456928838951306, 'eval_runtime': 0.2159, 'eval_samples_per_second': 138.929, 'eval_steps_per_second': 9.262, 'epoch': 152.0}
{'eval_loss': 0.6110339760780334, 'eval_f1': 0.3458646616541353, 'eval_runtime': 0.2074, 'eval_samples_per_second': 144.632, 'eval_steps_per_second': 9.642, 'epoch': 153.0}
{'eval_loss': 0.6107094883918762, 'eval_f1': 0.3458646616541353, 'eval_runtime': 0.208, 'eval_samples_per_second': 144.25, 'eval_steps_per_second': 9.617, 'epoch': 154.0}
{'eval_loss': 0.6103651523590088, 'eval_f1': 0.34456928838951306, 'eval_runtime': 0.2075, 'eval_samples_per_second': 144.578, 'eval_steps_per_second': 9.639, 'epoch': 155.0}
{'eval_loss': 0.6100422143936157, 'eval_f1': 0.34456928838951306, 'eval_runtime': 0.2023, 'eval_samples_per_second': 148.326, 'eval_steps_per_second': 9.888, 'epoch': 156.0}
{'eval_loss': 0.6098355650901794, 'eval_f1': 0.3308270676691729, 'eval_runtime': 0.2068, 'eval_samples_per_second': 145.036, 'eval_steps_per_second': 9.669, 'epoch': 157.0}
{'eval_loss': 0.6095706820487976, 'eval_f1': 0.3308270676691729, 'eval_runtime': 0.1986, 'eval_samples_per_second': 151.023, 'eval_steps_per_second': 10.068, 'epoch': 158.0}
{'eval_loss': 0.6093426942825317, 'eval_f1': 0.3320754716981132, 'eval_runtime': 0.1994, 'eval_samples_per_second': 150.478, 'eval_steps_per_second': 10.032, 'epoch': 159.0}
{'eval_loss': 0.6090640425682068, 'eval_f1': 0.3333333333333333, 'eval_runtime': 0.1994, 'eval_samples_per_second': 150.431, 'eval_steps_per_second': 10.029, 'epoch': 160.0}
{'eval_loss': 0.6088008284568787, 'eval_f1': 0.3320754716981132, 'eval_runtime': 0.1989, 'eval_samples_per_second': 150.82, 'eval_steps_per_second': 10.055, 'epoch': 161.0}
{'eval_loss': 0.6085501313209534, 'eval_f1': 0.3333333333333333, 'eval_runtime': 0.2035, 'eval_samples_per_second': 147.455, 'eval_steps_per_second': 9.83, 'epoch': 162.0}
{'eval_loss': 0.6084960103034973, 'eval_f1': 0.3333333333333333, 'eval_runtime': 0.199, 'eval_samples_per_second': 150.722, 'eval_steps_per_second': 10.048, 'epoch': 163.0}
{'eval_loss': 0.6083129644393921, 'eval_f1': 0.3333333333333333, 'eval_runtime': 0.2299, 'eval_samples_per_second': 130.478, 'eval_steps_per_second': 8.699, 'epoch': 164.0}
{'eval_loss': 0.6081043481826782, 'eval_f1': 0.3320754716981132, 'eval_runtime': 0.2147, 'eval_samples_per_second': 139.751, 'eval_steps_per_second': 9.317, 'epoch': 165.0}
{'eval_loss': 0.6079146862030029, 'eval_f1': 0.3383458646616541, 'eval_runtime': 0.2129, 'eval_samples_per_second': 140.916, 'eval_steps_per_second': 9.394, 'epoch': 166.0}
{'eval_loss': 0.6078302264213562, 'eval_f1': 0.3383458646616541, 'eval_runtime': 0.2131, 'eval_samples_per_second': 140.8, 'eval_steps_per_second': 9.387, 'epoch': 167.0}
{'eval_loss': 0.6076566576957703, 'eval_f1': 0.3383458646616541, 'eval_runtime': 0.2401, 'eval_samples_per_second': 124.936, 'eval_steps_per_second': 8.329, 'epoch': 168.0}
{'eval_loss': 0.607444167137146, 'eval_f1': 0.3383458646616541, 'eval_runtime': 0.2107, 'eval_samples_per_second': 142.364, 'eval_steps_per_second': 9.491, 'epoch': 169.0}
{'eval_loss': 0.6072610020637512, 'eval_f1': 0.3383458646616541, 'eval_runtime': 0.2117, 'eval_samples_per_second': 141.683, 'eval_steps_per_second': 9.446, 'epoch': 170.0}
{'eval_loss': 0.6070395112037659, 'eval_f1': 0.3383458646616541, 'eval_runtime': 0.2096, 'eval_samples_per_second': 143.097, 'eval_steps_per_second': 9.54, 'epoch': 171.0}
{'eval_loss': 0.6068130135536194, 'eval_f1': 0.3383458646616541, 'eval_runtime': 0.2112, 'eval_samples_per_second': 142.059, 'eval_steps_per_second': 9.471, 'epoch': 172.0}
{'eval_loss': 0.6066219210624695, 'eval_f1': 0.34456928838951306, 'eval_runtime': 0.2313, 'eval_samples_per_second': 129.693, 'eval_steps_per_second': 8.646, 'epoch': 173.0}
{'eval_loss': 0.6064169406890869, 'eval_f1': 0.34456928838951306, 'eval_runtime': 0.2165, 'eval_samples_per_second': 138.576, 'eval_steps_per_second': 9.238, 'epoch': 174.0}
{'eval_loss': 0.6062129139900208, 'eval_f1': 0.3458646616541353, 'eval_runtime': 0.2144, 'eval_samples_per_second': 139.905, 'eval_steps_per_second': 9.327, 'epoch': 175.0}
{'eval_loss': 0.6060059666633606, 'eval_f1': 0.3458646616541353, 'eval_runtime': 0.2299, 'eval_samples_per_second': 130.498, 'eval_steps_per_second': 8.7, 'epoch': 176.0}
{'eval_loss': 0.6058216094970703, 'eval_f1': 0.3471698113207547, 'eval_runtime': 0.2288, 'eval_samples_per_second': 131.11, 'eval_steps_per_second': 8.741, 'epoch': 177.0}
{'eval_loss': 0.6056121587753296, 'eval_f1': 0.3471698113207547, 'eval_runtime': 0.2299, 'eval_samples_per_second': 130.48, 'eval_steps_per_second': 8.699, 'epoch': 178.0}
{'eval_loss': 0.6054139733314514, 'eval_f1': 0.3471698113207547, 'eval_runtime': 0.2258, 'eval_samples_per_second': 132.89, 'eval_steps_per_second': 8.859, 'epoch': 179.0}
{'eval_loss': 0.6051552891731262, 'eval_f1': 0.3471698113207547, 'eval_runtime': 0.2101, 'eval_samples_per_second': 142.765, 'eval_steps_per_second': 9.518, 'epoch': 180.0}
{'eval_loss': 0.6048355102539062, 'eval_f1': 0.3409090909090909, 'eval_runtime': 0.2104, 'eval_samples_per_second': 142.597, 'eval_steps_per_second': 9.506, 'epoch': 181.0}
{'eval_loss': 0.6045405864715576, 'eval_f1': 0.3409090909090909, 'eval_runtime': 0.2101, 'eval_samples_per_second': 142.794, 'eval_steps_per_second': 9.52, 'epoch': 182.0}
{'eval_loss': 0.6042112708091736, 'eval_f1': 0.34220532319391633, 'eval_runtime': 0.2094, 'eval_samples_per_second': 143.255, 'eval_steps_per_second': 9.55, 'epoch': 183.0}
{'eval_loss': 0.6039597392082214, 'eval_f1': 0.34220532319391633, 'eval_runtime': 0.2166, 'eval_samples_per_second': 138.476, 'eval_steps_per_second': 9.232, 'epoch': 184.0}
{'eval_loss': 0.6035568118095398, 'eval_f1': 0.33587786259541985, 'eval_runtime': 0.2156, 'eval_samples_per_second': 139.179, 'eval_steps_per_second': 9.279, 'epoch': 185.0}
{'eval_loss': 0.6032240390777588, 'eval_f1': 0.33587786259541985, 'eval_runtime': 0.226, 'eval_samples_per_second': 132.74, 'eval_steps_per_second': 8.849, 'epoch': 186.0}
{'eval_loss': 0.602964460849762, 'eval_f1': 0.33587786259541985, 'eval_runtime': 0.2085, 'eval_samples_per_second': 143.874, 'eval_steps_per_second': 9.592, 'epoch': 187.0}
{'loss': 0.5995, 'grad_norm': 0.7666935920715332, 'learning_rate': 1.875e-07, 'epoch': 187.5}
{'eval_loss': 0.6027401089668274, 'eval_f1': 0.3371647509578544, 'eval_runtime': 0.2079, 'eval_samples_per_second': 144.269, 'eval_steps_per_second': 9.618, 'epoch': 188.0}
{'eval_loss': 0.6025718450546265, 'eval_f1': 0.33587786259541985, 'eval_runtime': 0.2076, 'eval_samples_per_second': 144.484, 'eval_steps_per_second': 9.632, 'epoch': 189.0}
{'eval_loss': 0.6023737192153931, 'eval_f1': 0.34220532319391633, 'eval_runtime': 0.2076, 'eval_samples_per_second': 144.523, 'eval_steps_per_second': 9.635, 'epoch': 190.0}
{'eval_loss': 0.6021410822868347, 'eval_f1': 0.3435114503816794, 'eval_runtime': 0.2134, 'eval_samples_per_second': 140.611, 'eval_steps_per_second': 9.374, 'epoch': 191.0}
{'eval_loss': 0.6018998026847839, 'eval_f1': 0.3435114503816794, 'eval_runtime': 0.2159, 'eval_samples_per_second': 138.942, 'eval_steps_per_second': 9.263, 'epoch': 192.0}
{'eval_loss': 0.6016862988471985, 'eval_f1': 0.3435114503816794, 'eval_runtime': 0.2141, 'eval_samples_per_second': 140.142, 'eval_steps_per_second': 9.343, 'epoch': 193.0}
{'eval_loss': 0.6015089750289917, 'eval_f1': 0.3448275862068966, 'eval_runtime': 0.2147, 'eval_samples_per_second': 139.755, 'eval_steps_per_second': 9.317, 'epoch': 194.0}
{'eval_loss': 0.6013663411140442, 'eval_f1': 0.3448275862068966, 'eval_runtime': 0.2131, 'eval_samples_per_second': 140.758, 'eval_steps_per_second': 9.384, 'epoch': 195.0}
{'eval_loss': 0.6012061834335327, 'eval_f1': 0.3448275862068966, 'eval_runtime': 0.2146, 'eval_samples_per_second': 139.771, 'eval_steps_per_second': 9.318, 'epoch': 196.0}
{'eval_loss': 0.6010535359382629, 'eval_f1': 0.3448275862068966, 'eval_runtime': 0.2148, 'eval_samples_per_second': 139.687, 'eval_steps_per_second': 9.312, 'epoch': 197.0}
{'eval_loss': 0.6009490489959717, 'eval_f1': 0.3448275862068966, 'eval_runtime': 0.2149, 'eval_samples_per_second': 139.587, 'eval_steps_per_second': 9.306, 'epoch': 198.0}
{'eval_loss': 0.6008813381195068, 'eval_f1': 0.3448275862068966, 'eval_runtime': 0.2315, 'eval_samples_per_second': 129.563, 'eval_steps_per_second': 8.638, 'epoch': 199.0}
{'eval_loss': 0.6008825898170471, 'eval_f1': 0.3448275862068966, 'eval_runtime': 0.2023, 'eval_samples_per_second': 148.281, 'eval_steps_per_second': 9.885, 'epoch': 200.0}
{'eval_loss': 0.6008570790290833, 'eval_f1': 0.3384615384615384, 'eval_runtime': 0.2069, 'eval_samples_per_second': 145.011, 'eval_steps_per_second': 9.667, 'epoch': 201.0}
{'eval_loss': 0.6008350253105164, 'eval_f1': 0.3384615384615384, 'eval_runtime': 0.2024, 'eval_samples_per_second': 148.22, 'eval_steps_per_second': 9.881, 'epoch': 202.0}
{'eval_loss': 0.6008415818214417, 'eval_f1': 0.3384615384615384, 'eval_runtime': 0.2031, 'eval_samples_per_second': 147.696, 'eval_steps_per_second': 9.846, 'epoch': 203.0}
{'eval_loss': 0.6007581949234009, 'eval_f1': 0.3384615384615384, 'eval_runtime': 0.2062, 'eval_samples_per_second': 145.462, 'eval_steps_per_second': 9.697, 'epoch': 204.0}
{'eval_loss': 0.6007207036018372, 'eval_f1': 0.3384615384615384, 'eval_runtime': 0.2108, 'eval_samples_per_second': 142.346, 'eval_steps_per_second': 9.49, 'epoch': 205.0}
{'eval_loss': 0.6005998253822327, 'eval_f1': 0.3384615384615384, 'eval_runtime': 0.2018, 'eval_samples_per_second': 148.668, 'eval_steps_per_second': 9.911, 'epoch': 206.0}
{'eval_loss': 0.6004561185836792, 'eval_f1': 0.3384615384615384, 'eval_runtime': 0.1999, 'eval_samples_per_second': 150.05, 'eval_steps_per_second': 10.003, 'epoch': 207.0}
{'eval_loss': 0.6004026532173157, 'eval_f1': 0.3384615384615384, 'eval_runtime': 0.2251, 'eval_samples_per_second': 133.248, 'eval_steps_per_second': 8.883, 'epoch': 208.0}
{'eval_loss': 0.6003540754318237, 'eval_f1': 0.3371647509578544, 'eval_runtime': 0.2153, 'eval_samples_per_second': 139.345, 'eval_steps_per_second': 9.29, 'epoch': 209.0}
{'eval_loss': 0.6002984642982483, 'eval_f1': 0.3371647509578544, 'eval_runtime': 0.2151, 'eval_samples_per_second': 139.445, 'eval_steps_per_second': 9.296, 'epoch': 210.0}
{'eval_loss': 0.6002160906791687, 'eval_f1': 0.3435114503816794, 'eval_runtime': 0.2143, 'eval_samples_per_second': 140.01, 'eval_steps_per_second': 9.334, 'epoch': 211.0}
{'eval_loss': 0.6000567078590393, 'eval_f1': 0.3435114503816794, 'eval_runtime': 0.2131, 'eval_samples_per_second': 140.808, 'eval_steps_per_second': 9.387, 'epoch': 212.0}
{'eval_loss': 0.5998978018760681, 'eval_f1': 0.3435114503816794, 'eval_runtime': 0.2141, 'eval_samples_per_second': 140.133, 'eval_steps_per_second': 9.342, 'epoch': 213.0}
{'eval_loss': 0.5997631549835205, 'eval_f1': 0.3435114503816794, 'eval_runtime': 0.2111, 'eval_samples_per_second': 142.103, 'eval_steps_per_second': 9.474, 'epoch': 214.0}
{'eval_loss': 0.5996089577674866, 'eval_f1': 0.3371647509578544, 'eval_runtime': 0.2117, 'eval_samples_per_second': 141.693, 'eval_steps_per_second': 9.446, 'epoch': 215.0}
{'eval_loss': 0.5994272232055664, 'eval_f1': 0.3371647509578544, 'eval_runtime': 0.2165, 'eval_samples_per_second': 138.548, 'eval_steps_per_second': 9.237, 'epoch': 216.0}
{'eval_loss': 0.599250078201294, 'eval_f1': 0.3371647509578544, 'eval_runtime': 0.211, 'eval_samples_per_second': 142.174, 'eval_steps_per_second': 9.478, 'epoch': 217.0}
{'eval_loss': 0.5990571975708008, 'eval_f1': 0.3371647509578544, 'eval_runtime': 0.2128, 'eval_samples_per_second': 140.973, 'eval_steps_per_second': 9.398, 'epoch': 218.0}
{'eval_loss': 0.5988770723342896, 'eval_f1': 0.3371647509578544, 'eval_runtime': 0.2112, 'eval_samples_per_second': 142.066, 'eval_steps_per_second': 9.471, 'epoch': 219.0}
{'eval_loss': 0.5986796021461487, 'eval_f1': 0.3371647509578544, 'eval_runtime': 0.2128, 'eval_samples_per_second': 140.994, 'eval_steps_per_second': 9.4, 'epoch': 220.0}
{'eval_loss': 0.5985597372055054, 'eval_f1': 0.3371647509578544, 'eval_runtime': 0.2107, 'eval_samples_per_second': 142.415, 'eval_steps_per_second': 9.494, 'epoch': 221.0}
{'eval_loss': 0.598334014415741, 'eval_f1': 0.3371647509578544, 'eval_runtime': 0.2112, 'eval_samples_per_second': 142.014, 'eval_steps_per_second': 9.468, 'epoch': 222.0}
{'eval_loss': 0.5981912612915039, 'eval_f1': 0.3371647509578544, 'eval_runtime': 0.2142, 'eval_samples_per_second': 140.083, 'eval_steps_per_second': 9.339, 'epoch': 223.0}
{'eval_loss': 0.5981025099754333, 'eval_f1': 0.3371647509578544, 'eval_runtime': 0.2111, 'eval_samples_per_second': 142.118, 'eval_steps_per_second': 9.475, 'epoch': 224.0}
{'eval_loss': 0.5980366468429565, 'eval_f1': 0.33587786259541985, 'eval_runtime': 0.2114, 'eval_samples_per_second': 141.897, 'eval_steps_per_second': 9.46, 'epoch': 225.0}
{'eval_loss': 0.5980005860328674, 'eval_f1': 0.33587786259541985, 'eval_runtime': 0.2127, 'eval_samples_per_second': 141.013, 'eval_steps_per_second': 9.401, 'epoch': 226.0}
{'eval_loss': 0.5979301333427429, 'eval_f1': 0.33587786259541985, 'eval_runtime': 0.2127, 'eval_samples_per_second': 141.03, 'eval_steps_per_second': 9.402, 'epoch': 227.0}
{'eval_loss': 0.5977834463119507, 'eval_f1': 0.33587786259541985, 'eval_runtime': 0.2127, 'eval_samples_per_second': 141.064, 'eval_steps_per_second': 9.404, 'epoch': 228.0}
{'eval_loss': 0.597621738910675, 'eval_f1': 0.33587786259541985, 'eval_runtime': 0.2165, 'eval_samples_per_second': 138.599, 'eval_steps_per_second': 9.24, 'epoch': 229.0}
{'eval_loss': 0.5974364876747131, 'eval_f1': 0.33587786259541985, 'eval_runtime': 0.2134, 'eval_samples_per_second': 140.572, 'eval_steps_per_second': 9.371, 'epoch': 230.0}
{'eval_loss': 0.5972179770469666, 'eval_f1': 0.33587786259541985, 'eval_runtime': 0.2128, 'eval_samples_per_second': 140.984, 'eval_steps_per_second': 9.399, 'epoch': 231.0}
{'eval_loss': 0.596845269203186, 'eval_f1': 0.33587786259541985, 'eval_runtime': 0.2126, 'eval_samples_per_second': 141.126, 'eval_steps_per_second': 9.408, 'epoch': 232.0}
{'eval_loss': 0.5965692400932312, 'eval_f1': 0.33587786259541985, 'eval_runtime': 0.2168, 'eval_samples_per_second': 138.363, 'eval_steps_per_second': 9.224, 'epoch': 233.0}
{'eval_loss': 0.5963904857635498, 'eval_f1': 0.33587786259541985, 'eval_runtime': 0.2208, 'eval_samples_per_second': 135.878, 'eval_steps_per_second': 9.059, 'epoch': 234.0}
{'eval_loss': 0.5962617993354797, 'eval_f1': 0.3371647509578544, 'eval_runtime': 0.2108, 'eval_samples_per_second': 142.306, 'eval_steps_per_second': 9.487, 'epoch': 235.0}
{'eval_loss': 0.5961732268333435, 'eval_f1': 0.3371647509578544, 'eval_runtime': 0.2106, 'eval_samples_per_second': 142.458, 'eval_steps_per_second': 9.497, 'epoch': 236.0}
{'eval_loss': 0.5961096286773682, 'eval_f1': 0.3371647509578544, 'eval_runtime': 0.2105, 'eval_samples_per_second': 142.503, 'eval_steps_per_second': 9.5, 'epoch': 237.0}
{'eval_loss': 0.5960222482681274, 'eval_f1': 0.33587786259541985, 'eval_runtime': 0.2124, 'eval_samples_per_second': 141.27, 'eval_steps_per_second': 9.418, 'epoch': 238.0}
{'eval_loss': 0.5958779454231262, 'eval_f1': 0.33587786259541985, 'eval_runtime': 0.2106, 'eval_samples_per_second': 142.431, 'eval_steps_per_second': 9.495, 'epoch': 239.0}
{'eval_loss': 0.5958067774772644, 'eval_f1': 0.33587786259541985, 'eval_runtime': 0.2122, 'eval_samples_per_second': 141.373, 'eval_steps_per_second': 9.425, 'epoch': 240.0}
{'eval_loss': 0.5957221984863281, 'eval_f1': 0.33587786259541985, 'eval_runtime': 0.2108, 'eval_samples_per_second': 142.326, 'eval_steps_per_second': 9.488, 'epoch': 241.0}
{'eval_loss': 0.5956337451934814, 'eval_f1': 0.33587786259541985, 'eval_runtime': 0.2111, 'eval_samples_per_second': 142.115, 'eval_steps_per_second': 9.474, 'epoch': 242.0}
{'eval_loss': 0.5956041812896729, 'eval_f1': 0.33587786259541985, 'eval_runtime': 0.2105, 'eval_samples_per_second': 142.504, 'eval_steps_per_second': 9.5, 'epoch': 243.0}
{'eval_loss': 0.5955700278282166, 'eval_f1': 0.33587786259541985, 'eval_runtime': 0.2129, 'eval_samples_per_second': 140.879, 'eval_steps_per_second': 9.392, 'epoch': 244.0}
{'eval_loss': 0.595525324344635, 'eval_f1': 0.33587786259541985, 'eval_runtime': 0.2255, 'eval_samples_per_second': 133.043, 'eval_steps_per_second': 8.87, 'epoch': 245.0}
{'eval_loss': 0.5952914953231812, 'eval_f1': 0.33587786259541985, 'eval_runtime': 0.2106, 'eval_samples_per_second': 142.481, 'eval_steps_per_second': 9.499, 'epoch': 246.0}
{'eval_loss': 0.5951727628707886, 'eval_f1': 0.34220532319391633, 'eval_runtime': 0.2103, 'eval_samples_per_second': 142.672, 'eval_steps_per_second': 9.511, 'epoch': 247.0}
{'eval_loss': 0.5952059626579285, 'eval_f1': 0.34220532319391633, 'eval_runtime': 0.2104, 'eval_samples_per_second': 142.615, 'eval_steps_per_second': 9.508, 'epoch': 248.0}
{'eval_loss': 0.5950460433959961, 'eval_f1': 0.34220532319391633, 'eval_runtime': 0.2108, 'eval_samples_per_second': 142.301, 'eval_steps_per_second': 9.487, 'epoch': 249.0}
{'loss': 0.5797, 'grad_norm': 1.0864168405532837, 'learning_rate': 1.833333333333333e-07, 'epoch': 250.0}
{'eval_loss': 0.5948073267936707, 'eval_f1': 0.34220532319391633, 'eval_runtime': 0.2106, 'eval_samples_per_second': 142.47, 'eval_steps_per_second': 9.498, 'epoch': 250.0}
{'eval_loss': 0.594678521156311, 'eval_f1': 0.34220532319391633, 'eval_runtime': 0.2217, 'eval_samples_per_second': 135.309, 'eval_steps_per_second': 9.021, 'epoch': 251.0}
{'eval_loss': 0.594518780708313, 'eval_f1': 0.34220532319391633, 'eval_runtime': 0.2115, 'eval_samples_per_second': 141.817, 'eval_steps_per_second': 9.454, 'epoch': 252.0}
{'eval_loss': 0.5944531559944153, 'eval_f1': 0.34220532319391633, 'eval_runtime': 0.2076, 'eval_samples_per_second': 144.539, 'eval_steps_per_second': 9.636, 'epoch': 253.0}
{'eval_loss': 0.5942782759666443, 'eval_f1': 0.34220532319391633, 'eval_runtime': 0.2094, 'eval_samples_per_second': 143.271, 'eval_steps_per_second': 9.551, 'epoch': 254.0}
{'eval_loss': 0.5941254496574402, 'eval_f1': 0.34220532319391633, 'eval_runtime': 0.2208, 'eval_samples_per_second': 135.862, 'eval_steps_per_second': 9.057, 'epoch': 255.0}
{'eval_loss': 0.5940070748329163, 'eval_f1': 0.3435114503816794, 'eval_runtime': 0.2052, 'eval_samples_per_second': 146.201, 'eval_steps_per_second': 9.747, 'epoch': 256.0}
{'eval_loss': 0.5938202738761902, 'eval_f1': 0.3435114503816794, 'eval_runtime': 0.2063, 'eval_samples_per_second': 145.429, 'eval_steps_per_second': 9.695, 'epoch': 257.0}
{'eval_loss': 0.5937216281890869, 'eval_f1': 0.3435114503816794, 'eval_runtime': 0.2047, 'eval_samples_per_second': 146.529, 'eval_steps_per_second': 9.769, 'epoch': 258.0}
{'eval_loss': 0.5937103033065796, 'eval_f1': 0.3435114503816794, 'eval_runtime': 0.2206, 'eval_samples_per_second': 136.006, 'eval_steps_per_second': 9.067, 'epoch': 259.0}
{'eval_loss': 0.5937023162841797, 'eval_f1': 0.34220532319391633, 'eval_runtime': 0.2136, 'eval_samples_per_second': 140.465, 'eval_steps_per_second': 9.364, 'epoch': 260.0}
{'eval_loss': 0.5936477780342102, 'eval_f1': 0.34220532319391633, 'eval_runtime': 0.2079, 'eval_samples_per_second': 144.316, 'eval_steps_per_second': 9.621, 'epoch': 261.0}
{'eval_loss': 0.5936309695243835, 'eval_f1': 0.34220532319391633, 'eval_runtime': 0.2062, 'eval_samples_per_second': 145.51, 'eval_steps_per_second': 9.701, 'epoch': 262.0}
{'eval_loss': 0.593527615070343, 'eval_f1': 0.34220532319391633, 'eval_runtime': 0.2033, 'eval_samples_per_second': 147.536, 'eval_steps_per_second': 9.836, 'epoch': 263.0}
{'eval_loss': 0.5934125185012817, 'eval_f1': 0.34220532319391633, 'eval_runtime': 0.2034, 'eval_samples_per_second': 147.457, 'eval_steps_per_second': 9.83, 'epoch': 264.0}
{'eval_loss': 0.5932910442352295, 'eval_f1': 0.34220532319391633, 'eval_runtime': 0.2029, 'eval_samples_per_second': 147.863, 'eval_steps_per_second': 9.858, 'epoch': 265.0}
{'eval_loss': 0.5930999517440796, 'eval_f1': 0.3409090909090909, 'eval_runtime': 0.2084, 'eval_samples_per_second': 143.978, 'eval_steps_per_second': 9.599, 'epoch': 266.0}
{'eval_loss': 0.5929673314094543, 'eval_f1': 0.3409090909090909, 'eval_runtime': 0.207, 'eval_samples_per_second': 144.955, 'eval_steps_per_second': 9.664, 'epoch': 267.0}
{'eval_loss': 0.5928966999053955, 'eval_f1': 0.3409090909090909, 'eval_runtime': 0.2067, 'eval_samples_per_second': 145.169, 'eval_steps_per_second': 9.678, 'epoch': 268.0}
{'eval_loss': 0.5927712917327881, 'eval_f1': 0.3409090909090909, 'eval_runtime': 0.2279, 'eval_samples_per_second': 131.646, 'eval_steps_per_second': 8.776, 'epoch': 269.0}
{'eval_loss': 0.5926503539085388, 'eval_f1': 0.3409090909090909, 'eval_runtime': 0.2054, 'eval_samples_per_second': 146.072, 'eval_steps_per_second': 9.738, 'epoch': 270.0}
{'eval_loss': 0.5925170183181763, 'eval_f1': 0.3409090909090909, 'eval_runtime': 0.2043, 'eval_samples_per_second': 146.818, 'eval_steps_per_second': 9.788, 'epoch': 271.0}
{'eval_loss': 0.5923882722854614, 'eval_f1': 0.3409090909090909, 'eval_runtime': 0.2196, 'eval_samples_per_second': 136.626, 'eval_steps_per_second': 9.108, 'epoch': 272.0}
{'eval_loss': 0.5922777652740479, 'eval_f1': 0.3409090909090909, 'eval_runtime': 0.2161, 'eval_samples_per_second': 138.82, 'eval_steps_per_second': 9.255, 'epoch': 273.0}
{'eval_loss': 0.592088520526886, 'eval_f1': 0.3409090909090909, 'eval_runtime': 0.2167, 'eval_samples_per_second': 138.463, 'eval_steps_per_second': 9.231, 'epoch': 274.0}
{'eval_loss': 0.5920253992080688, 'eval_f1': 0.3409090909090909, 'eval_runtime': 0.216, 'eval_samples_per_second': 138.914, 'eval_steps_per_second': 9.261, 'epoch': 275.0}
{'eval_loss': 0.591914713382721, 'eval_f1': 0.33962264150943394, 'eval_runtime': 0.2141, 'eval_samples_per_second': 140.137, 'eval_steps_per_second': 9.342, 'epoch': 276.0}
{'eval_loss': 0.5917097330093384, 'eval_f1': 0.3409090909090909, 'eval_runtime': 0.2083, 'eval_samples_per_second': 144.001, 'eval_steps_per_second': 9.6, 'epoch': 277.0}
{'eval_loss': 0.5916059017181396, 'eval_f1': 0.33962264150943394, 'eval_runtime': 0.2086, 'eval_samples_per_second': 143.849, 'eval_steps_per_second': 9.59, 'epoch': 278.0}
{'eval_loss': 0.591644823551178, 'eval_f1': 0.33962264150943394, 'eval_runtime': 0.2083, 'eval_samples_per_second': 144.027, 'eval_steps_per_second': 9.602, 'epoch': 279.0}
{'eval_loss': 0.5917757749557495, 'eval_f1': 0.33962264150943394, 'eval_runtime': 0.2078, 'eval_samples_per_second': 144.387, 'eval_steps_per_second': 9.626, 'epoch': 280.0}
{'eval_loss': 0.5917425155639648, 'eval_f1': 0.33962264150943394, 'eval_runtime': 0.2069, 'eval_samples_per_second': 144.978, 'eval_steps_per_second': 9.665, 'epoch': 281.0}
{'eval_loss': 0.5916711091995239, 'eval_f1': 0.33962264150943394, 'eval_runtime': 0.2105, 'eval_samples_per_second': 142.551, 'eval_steps_per_second': 9.503, 'epoch': 282.0}
{'eval_loss': 0.5915848612785339, 'eval_f1': 0.33962264150943394, 'eval_runtime': 0.2107, 'eval_samples_per_second': 142.379, 'eval_steps_per_second': 9.492, 'epoch': 283.0}
{'eval_loss': 0.5913398265838623, 'eval_f1': 0.3458646616541353, 'eval_runtime': 0.2084, 'eval_samples_per_second': 143.966, 'eval_steps_per_second': 9.598, 'epoch': 284.0}
{'eval_loss': 0.5911760926246643, 'eval_f1': 0.3533834586466165, 'eval_runtime': 0.2094, 'eval_samples_per_second': 143.289, 'eval_steps_per_second': 9.553, 'epoch': 285.0}
{'eval_loss': 0.5910007953643799, 'eval_f1': 0.3533834586466165, 'eval_runtime': 0.2082, 'eval_samples_per_second': 144.059, 'eval_steps_per_second': 9.604, 'epoch': 286.0}
{'eval_loss': 0.5910153985023499, 'eval_f1': 0.3533834586466165, 'eval_runtime': 0.2141, 'eval_samples_per_second': 140.136, 'eval_steps_per_second': 9.342, 'epoch': 287.0}
{'eval_loss': 0.5908950567245483, 'eval_f1': 0.3533834586466165, 'eval_runtime': 0.2127, 'eval_samples_per_second': 141.051, 'eval_steps_per_second': 9.403, 'epoch': 288.0}
{'eval_loss': 0.5907484889030457, 'eval_f1': 0.3533834586466165, 'eval_runtime': 0.2122, 'eval_samples_per_second': 141.391, 'eval_steps_per_second': 9.426, 'epoch': 289.0}
{'eval_loss': 0.5905410051345825, 'eval_f1': 0.3533834586466165, 'eval_runtime': 0.2136, 'eval_samples_per_second': 140.459, 'eval_steps_per_second': 9.364, 'epoch': 290.0}
{'eval_loss': 0.5905144810676575, 'eval_f1': 0.3533834586466165, 'eval_runtime': 0.2127, 'eval_samples_per_second': 141.035, 'eval_steps_per_second': 9.402, 'epoch': 291.0}
{'eval_loss': 0.5905523300170898, 'eval_f1': 0.3533834586466165, 'eval_runtime': 0.2128, 'eval_samples_per_second': 140.956, 'eval_steps_per_second': 9.397, 'epoch': 292.0}
{'eval_loss': 0.5904128551483154, 'eval_f1': 0.3533834586466165, 'eval_runtime': 0.2126, 'eval_samples_per_second': 141.128, 'eval_steps_per_second': 9.409, 'epoch': 293.0}
{'eval_loss': 0.5904940366744995, 'eval_f1': 0.3471698113207547, 'eval_runtime': 0.2132, 'eval_samples_per_second': 140.707, 'eval_steps_per_second': 9.38, 'epoch': 294.0}
{'eval_loss': 0.5903531312942505, 'eval_f1': 0.3471698113207547, 'eval_runtime': 0.2138, 'eval_samples_per_second': 140.347, 'eval_steps_per_second': 9.356, 'epoch': 295.0}
{'eval_loss': 0.5901458263397217, 'eval_f1': 0.3471698113207547, 'eval_runtime': 0.2201, 'eval_samples_per_second': 136.332, 'eval_steps_per_second': 9.089, 'epoch': 296.0}
{'eval_loss': 0.5900903344154358, 'eval_f1': 0.3471698113207547, 'eval_runtime': 0.2138, 'eval_samples_per_second': 140.291, 'eval_steps_per_second': 9.353, 'epoch': 297.0}
{'eval_loss': 0.5901422500610352, 'eval_f1': 0.3547169811320755, 'eval_runtime': 0.2143, 'eval_samples_per_second': 140.012, 'eval_steps_per_second': 9.334, 'epoch': 298.0}
{'eval_loss': 0.5903092622756958, 'eval_f1': 0.3547169811320755, 'eval_runtime': 0.2205, 'eval_samples_per_second': 136.082, 'eval_steps_per_second': 9.072, 'epoch': 299.0}
{'eval_loss': 0.5903963446617126, 'eval_f1': 0.3547169811320755, 'eval_runtime': 0.2033, 'eval_samples_per_second': 147.536, 'eval_steps_per_second': 9.836, 'epoch': 300.0}
{'eval_loss': 0.590470552444458, 'eval_f1': 0.3547169811320755, 'eval_runtime': 0.2, 'eval_samples_per_second': 149.99, 'eval_steps_per_second': 9.999, 'epoch': 301.0}
{'eval_loss': 0.5905329585075378, 'eval_f1': 0.3547169811320755, 'eval_runtime': 0.224, 'eval_samples_per_second': 133.939, 'eval_steps_per_second': 8.929, 'epoch': 302.0}
{'eval_loss': 0.5905469655990601, 'eval_f1': 0.3547169811320755, 'eval_runtime': 0.2167, 'eval_samples_per_second': 138.457, 'eval_steps_per_second': 9.23, 'epoch': 303.0}
{'eval_loss': 0.5905380249023438, 'eval_f1': 0.3533834586466165, 'eval_runtime': 0.2144, 'eval_samples_per_second': 139.943, 'eval_steps_per_second': 9.33, 'epoch': 304.0}
{'eval_loss': 0.5902777314186096, 'eval_f1': 0.3533834586466165, 'eval_runtime': 0.2155, 'eval_samples_per_second': 139.181, 'eval_steps_per_second': 9.279, 'epoch': 305.0}
{'eval_loss': 0.590110719203949, 'eval_f1': 0.3547169811320755, 'eval_runtime': 0.215, 'eval_samples_per_second': 139.551, 'eval_steps_per_second': 9.303, 'epoch': 306.0}
{'eval_loss': 0.5897006988525391, 'eval_f1': 0.3547169811320755, 'eval_runtime': 0.2163, 'eval_samples_per_second': 138.696, 'eval_steps_per_second': 9.246, 'epoch': 307.0}
{'eval_loss': 0.5895349383354187, 'eval_f1': 0.3547169811320755, 'eval_runtime': 0.2178, 'eval_samples_per_second': 137.746, 'eval_steps_per_second': 9.183, 'epoch': 308.0}
{'eval_loss': 0.5894554853439331, 'eval_f1': 0.3547169811320755, 'eval_runtime': 0.2145, 'eval_samples_per_second': 139.884, 'eval_steps_per_second': 9.326, 'epoch': 309.0}
{'eval_loss': 0.5893333554267883, 'eval_f1': 0.3547169811320755, 'eval_runtime': 0.2144, 'eval_samples_per_second': 139.937, 'eval_steps_per_second': 9.329, 'epoch': 310.0}
{'eval_loss': 0.589289128780365, 'eval_f1': 0.3547169811320755, 'eval_runtime': 0.2145, 'eval_samples_per_second': 139.847, 'eval_steps_per_second': 9.323, 'epoch': 311.0}
{'eval_loss': 0.589279294013977, 'eval_f1': 0.35606060606060613, 'eval_runtime': 0.2142, 'eval_samples_per_second': 140.081, 'eval_steps_per_second': 9.339, 'epoch': 312.0}
{'loss': 0.5637, 'grad_norm': 0.8720585107803345, 'learning_rate': 1.7916666666666666e-07, 'epoch': 312.5}
{'eval_loss': 0.5892554521560669, 'eval_f1': 0.3547169811320755, 'eval_runtime': 0.214, 'eval_samples_per_second': 140.163, 'eval_steps_per_second': 9.344, 'epoch': 313.0}
{'eval_loss': 0.5892292261123657, 'eval_f1': 0.3547169811320755, 'eval_runtime': 0.2146, 'eval_samples_per_second': 139.824, 'eval_steps_per_second': 9.322, 'epoch': 314.0}
{'eval_loss': 0.5892177224159241, 'eval_f1': 0.3547169811320755, 'eval_runtime': 0.1825, 'eval_samples_per_second': 164.42, 'eval_steps_per_second': 10.961, 'epoch': 315.0}
{'eval_loss': 0.5891510248184204, 'eval_f1': 0.35606060606060613, 'eval_runtime': 0.182, 'eval_samples_per_second': 164.866, 'eval_steps_per_second': 10.991, 'epoch': 316.0}
{'eval_loss': 0.5891392827033997, 'eval_f1': 0.35606060606060613, 'eval_runtime': 0.2198, 'eval_samples_per_second': 136.48, 'eval_steps_per_second': 9.099, 'epoch': 317.0}
{'eval_loss': 0.5891745090484619, 'eval_f1': 0.3547169811320755, 'eval_runtime': 0.2192, 'eval_samples_per_second': 136.882, 'eval_steps_per_second': 9.125, 'epoch': 318.0}
{'eval_loss': 0.589155912399292, 'eval_f1': 0.3484848484848485, 'eval_runtime': 0.2051, 'eval_samples_per_second': 146.292, 'eval_steps_per_second': 9.753, 'epoch': 319.0}
{'eval_loss': 0.589139997959137, 'eval_f1': 0.3484848484848485, 'eval_runtime': 0.2106, 'eval_samples_per_second': 142.467, 'eval_steps_per_second': 9.498, 'epoch': 320.0}
{'eval_loss': 0.5891287326812744, 'eval_f1': 0.3484848484848485, 'eval_runtime': 0.2029, 'eval_samples_per_second': 147.864, 'eval_steps_per_second': 9.858, 'epoch': 321.0}
{'eval_loss': 0.5891492962837219, 'eval_f1': 0.3484848484848485, 'eval_runtime': 0.2034, 'eval_samples_per_second': 147.51, 'eval_steps_per_second': 9.834, 'epoch': 322.0}
{'eval_loss': 0.589106023311615, 'eval_f1': 0.3484848484848485, 'eval_runtime': 0.2102, 'eval_samples_per_second': 142.75, 'eval_steps_per_second': 9.517, 'epoch': 323.0}
{'eval_loss': 0.5890909433364868, 'eval_f1': 0.3484848484848485, 'eval_runtime': 0.2083, 'eval_samples_per_second': 143.998, 'eval_steps_per_second': 9.6, 'epoch': 324.0}
{'eval_loss': 0.5890868902206421, 'eval_f1': 0.3484848484848485, 'eval_runtime': 0.2132, 'eval_samples_per_second': 140.696, 'eval_steps_per_second': 9.38, 'epoch': 325.0}
{'eval_loss': 0.5890669226646423, 'eval_f1': 0.3484848484848485, 'eval_runtime': 0.2079, 'eval_samples_per_second': 144.268, 'eval_steps_per_second': 9.618, 'epoch': 326.0}
{'eval_loss': 0.5890069603919983, 'eval_f1': 0.3484848484848485, 'eval_runtime': 0.2191, 'eval_samples_per_second': 136.917, 'eval_steps_per_second': 9.128, 'epoch': 327.0}
{'eval_loss': 0.5889878869056702, 'eval_f1': 0.3484848484848485, 'eval_runtime': 0.2215, 'eval_samples_per_second': 135.461, 'eval_steps_per_second': 9.031, 'epoch': 328.0}
{'eval_loss': 0.5889423489570618, 'eval_f1': 0.3484848484848485, 'eval_runtime': 0.2207, 'eval_samples_per_second': 135.922, 'eval_steps_per_second': 9.061, 'epoch': 329.0}
{'eval_loss': 0.5888708829879761, 'eval_f1': 0.3484848484848485, 'eval_runtime': 0.2196, 'eval_samples_per_second': 136.591, 'eval_steps_per_second': 9.106, 'epoch': 330.0}
{'eval_loss': 0.5887958407402039, 'eval_f1': 0.3484848484848485, 'eval_runtime': 0.2198, 'eval_samples_per_second': 136.485, 'eval_steps_per_second': 9.099, 'epoch': 331.0}
{'eval_loss': 0.5887548327445984, 'eval_f1': 0.3484848484848485, 'eval_runtime': 0.2165, 'eval_samples_per_second': 138.549, 'eval_steps_per_second': 9.237, 'epoch': 332.0}
{'eval_loss': 0.5887284874916077, 'eval_f1': 0.3484848484848485, 'eval_runtime': 0.2478, 'eval_samples_per_second': 121.06, 'eval_steps_per_second': 8.071, 'epoch': 333.0}
{'eval_loss': 0.5886796712875366, 'eval_f1': 0.3484848484848485, 'eval_runtime': 0.2478, 'eval_samples_per_second': 121.086, 'eval_steps_per_second': 8.072, 'epoch': 334.0}
{'eval_loss': 0.5886086225509644, 'eval_f1': 0.3484848484848485, 'eval_runtime': 0.2145, 'eval_samples_per_second': 139.849, 'eval_steps_per_second': 9.323, 'epoch': 335.0}
{'eval_loss': 0.5885680913925171, 'eval_f1': 0.3484848484848485, 'eval_runtime': 0.214, 'eval_samples_per_second': 140.186, 'eval_steps_per_second': 9.346, 'epoch': 336.0}
{'eval_loss': 0.5885359644889832, 'eval_f1': 0.3484848484848485, 'eval_runtime': 0.2146, 'eval_samples_per_second': 139.801, 'eval_steps_per_second': 9.32, 'epoch': 337.0}
{'eval_loss': 0.5885114669799805, 'eval_f1': 0.3484848484848485, 'eval_runtime': 0.2096, 'eval_samples_per_second': 143.146, 'eval_steps_per_second': 9.543, 'epoch': 338.0}
{'eval_loss': 0.5884679555892944, 'eval_f1': 0.3484848484848485, 'eval_runtime': 0.2113, 'eval_samples_per_second': 141.95, 'eval_steps_per_second': 9.463, 'epoch': 339.0}
{'eval_loss': 0.5884950160980225, 'eval_f1': 0.3484848484848485, 'eval_runtime': 0.2094, 'eval_samples_per_second': 143.239, 'eval_steps_per_second': 9.549, 'epoch': 340.0}
{'eval_loss': 0.5884677171707153, 'eval_f1': 0.3484848484848485, 'eval_runtime': 0.2172, 'eval_samples_per_second': 138.15, 'eval_steps_per_second': 9.21, 'epoch': 341.0}
{'eval_loss': 0.5884428024291992, 'eval_f1': 0.3484848484848485, 'eval_runtime': 0.2126, 'eval_samples_per_second': 141.121, 'eval_steps_per_second': 9.408, 'epoch': 342.0}
{'eval_loss': 0.5884345173835754, 'eval_f1': 0.3547169811320755, 'eval_runtime': 0.2128, 'eval_samples_per_second': 140.996, 'eval_steps_per_second': 9.4, 'epoch': 343.0}
{'eval_loss': 0.5884218215942383, 'eval_f1': 0.3547169811320755, 'eval_runtime': 0.2108, 'eval_samples_per_second': 142.288, 'eval_steps_per_second': 9.486, 'epoch': 344.0}
{'eval_loss': 0.5884343981742859, 'eval_f1': 0.3547169811320755, 'eval_runtime': 0.2131, 'eval_samples_per_second': 140.779, 'eval_steps_per_second': 9.385, 'epoch': 345.0}
{'eval_loss': 0.5884063243865967, 'eval_f1': 0.3547169811320755, 'eval_runtime': 0.2213, 'eval_samples_per_second': 135.583, 'eval_steps_per_second': 9.039, 'epoch': 346.0}
{'eval_loss': 0.5883814096450806, 'eval_f1': 0.3547169811320755, 'eval_runtime': 0.21, 'eval_samples_per_second': 142.825, 'eval_steps_per_second': 9.522, 'epoch': 347.0}
{'eval_loss': 0.5883752107620239, 'eval_f1': 0.3547169811320755, 'eval_runtime': 0.2092, 'eval_samples_per_second': 143.384, 'eval_steps_per_second': 9.559, 'epoch': 348.0}
{'eval_loss': 0.588340699672699, 'eval_f1': 0.3547169811320755, 'eval_runtime': 0.2177, 'eval_samples_per_second': 137.827, 'eval_steps_per_second': 9.188, 'epoch': 349.0}
{'eval_loss': 0.588340163230896, 'eval_f1': 0.3547169811320755, 'eval_runtime': 0.2151, 'eval_samples_per_second': 139.481, 'eval_steps_per_second': 9.299, 'epoch': 350.0}
{'eval_loss': 0.588309109210968, 'eval_f1': 0.3547169811320755, 'eval_runtime': 0.2087, 'eval_samples_per_second': 143.765, 'eval_steps_per_second': 9.584, 'epoch': 351.0}
{'eval_loss': 0.58827805519104, 'eval_f1': 0.3547169811320755, 'eval_runtime': 0.2143, 'eval_samples_per_second': 139.985, 'eval_steps_per_second': 9.332, 'epoch': 352.0}
{'eval_loss': 0.5883037447929382, 'eval_f1': 0.3547169811320755, 'eval_runtime': 0.205, 'eval_samples_per_second': 146.352, 'eval_steps_per_second': 9.757, 'epoch': 353.0}
{'eval_loss': 0.5882765650749207, 'eval_f1': 0.3533834586466165, 'eval_runtime': 0.2318, 'eval_samples_per_second': 129.441, 'eval_steps_per_second': 8.629, 'epoch': 354.0}
{'eval_loss': 0.5882734060287476, 'eval_f1': 0.3533834586466165, 'eval_runtime': 0.208, 'eval_samples_per_second': 144.241, 'eval_steps_per_second': 9.616, 'epoch': 355.0}
{'eval_loss': 0.5882187485694885, 'eval_f1': 0.3533834586466165, 'eval_runtime': 0.205, 'eval_samples_per_second': 146.33, 'eval_steps_per_second': 9.755, 'epoch': 356.0}
{'eval_loss': 0.5882595181465149, 'eval_f1': 0.3533834586466165, 'eval_runtime': 0.2047, 'eval_samples_per_second': 146.57, 'eval_steps_per_second': 9.771, 'epoch': 357.0}
{'eval_loss': 0.5882350206375122, 'eval_f1': 0.3533834586466165, 'eval_runtime': 0.2049, 'eval_samples_per_second': 146.441, 'eval_steps_per_second': 9.763, 'epoch': 358.0}
{'eval_loss': 0.5881780982017517, 'eval_f1': 0.3533834586466165, 'eval_runtime': 0.2134, 'eval_samples_per_second': 140.573, 'eval_steps_per_second': 9.372, 'epoch': 359.0}
{'eval_loss': 0.5881566405296326, 'eval_f1': 0.3533834586466165, 'eval_runtime': 0.2118, 'eval_samples_per_second': 141.647, 'eval_steps_per_second': 9.443, 'epoch': 360.0}
{'eval_loss': 0.5881270170211792, 'eval_f1': 0.3533834586466165, 'eval_runtime': 0.2043, 'eval_samples_per_second': 146.867, 'eval_steps_per_second': 9.791, 'epoch': 361.0}
{'eval_loss': 0.5881223678588867, 'eval_f1': 0.3533834586466165, 'eval_runtime': 0.2117, 'eval_samples_per_second': 141.716, 'eval_steps_per_second': 9.448, 'epoch': 362.0}
{'eval_loss': 0.5881335139274597, 'eval_f1': 0.3533834586466165, 'eval_runtime': 0.2047, 'eval_samples_per_second': 146.587, 'eval_steps_per_second': 9.772, 'epoch': 363.0}
{'eval_loss': 0.5880823731422424, 'eval_f1': 0.3533834586466165, 'eval_runtime': 0.2047, 'eval_samples_per_second': 146.557, 'eval_steps_per_second': 9.77, 'epoch': 364.0}
{'eval_loss': 0.5880571603775024, 'eval_f1': 0.3533834586466165, 'eval_runtime': 0.213, 'eval_samples_per_second': 140.828, 'eval_steps_per_second': 9.389, 'epoch': 365.0}
{'eval_loss': 0.5880418419837952, 'eval_f1': 0.3533834586466165, 'eval_runtime': 0.2149, 'eval_samples_per_second': 139.579, 'eval_steps_per_second': 9.305, 'epoch': 366.0}
{'eval_loss': 0.5880071520805359, 'eval_f1': 0.3533834586466165, 'eval_runtime': 0.2179, 'eval_samples_per_second': 137.699, 'eval_steps_per_second': 9.18, 'epoch': 367.0}
{'eval_loss': 0.5880058407783508, 'eval_f1': 0.3533834586466165, 'eval_runtime': 0.2099, 'eval_samples_per_second': 142.943, 'eval_steps_per_second': 9.53, 'epoch': 368.0}
{'eval_loss': 0.5879783034324646, 'eval_f1': 0.3533834586466165, 'eval_runtime': 0.2097, 'eval_samples_per_second': 143.083, 'eval_steps_per_second': 9.539, 'epoch': 369.0}
{'eval_loss': 0.5879862308502197, 'eval_f1': 0.3533834586466165, 'eval_runtime': 0.2092, 'eval_samples_per_second': 143.415, 'eval_steps_per_second': 9.561, 'epoch': 370.0}
{'eval_loss': 0.5879945755004883, 'eval_f1': 0.3533834586466165, 'eval_runtime': 0.2093, 'eval_samples_per_second': 143.356, 'eval_steps_per_second': 9.557, 'epoch': 371.0}
{'eval_loss': 0.5879541039466858, 'eval_f1': 0.3533834586466165, 'eval_runtime': 0.2075, 'eval_samples_per_second': 144.586, 'eval_steps_per_second': 9.639, 'epoch': 372.0}
{'eval_loss': 0.5879510641098022, 'eval_f1': 0.3533834586466165, 'eval_runtime': 0.2057, 'eval_samples_per_second': 145.867, 'eval_steps_per_second': 9.724, 'epoch': 373.0}
{'eval_loss': 0.5879080295562744, 'eval_f1': 0.3533834586466165, 'eval_runtime': 0.2049, 'eval_samples_per_second': 146.384, 'eval_steps_per_second': 9.759, 'epoch': 374.0}
{'loss': 0.5504, 'grad_norm': 1.3511759042739868, 'learning_rate': 1.75e-07, 'epoch': 375.0}
{'eval_loss': 0.5878861546516418, 'eval_f1': 0.3533834586466165, 'eval_runtime': 0.2062, 'eval_samples_per_second': 145.525, 'eval_steps_per_second': 9.702, 'epoch': 375.0}
{'eval_loss': 0.5878757238388062, 'eval_f1': 0.352059925093633, 'eval_runtime': 0.2133, 'eval_samples_per_second': 140.655, 'eval_steps_per_second': 9.377, 'epoch': 376.0}
{'eval_loss': 0.5878776907920837, 'eval_f1': 0.352059925093633, 'eval_runtime': 0.2052, 'eval_samples_per_second': 146.184, 'eval_steps_per_second': 9.746, 'epoch': 377.0}
{'eval_loss': 0.58790123462677, 'eval_f1': 0.352059925093633, 'eval_runtime': 0.2121, 'eval_samples_per_second': 141.43, 'eval_steps_per_second': 9.429, 'epoch': 378.0}
{'eval_loss': 0.5879319310188293, 'eval_f1': 0.3507462686567164, 'eval_runtime': 0.2068, 'eval_samples_per_second': 145.086, 'eval_steps_per_second': 9.672, 'epoch': 379.0}
{'eval_loss': 0.5879842042922974, 'eval_f1': 0.3507462686567164, 'eval_runtime': 0.2223, 'eval_samples_per_second': 134.924, 'eval_steps_per_second': 8.995, 'epoch': 380.0}
{'eval_loss': 0.5880002975463867, 'eval_f1': 0.3507462686567164, 'eval_runtime': 0.2957, 'eval_samples_per_second': 101.458, 'eval_steps_per_second': 6.764, 'epoch': 381.0}
{'eval_loss': 0.588051438331604, 'eval_f1': 0.34944237918215615, 'eval_runtime': 0.2085, 'eval_samples_per_second': 143.895, 'eval_steps_per_second': 9.593, 'epoch': 382.0}
{'eval_loss': 0.5880801677703857, 'eval_f1': 0.34944237918215615, 'eval_runtime': 0.2052, 'eval_samples_per_second': 146.213, 'eval_steps_per_second': 9.748, 'epoch': 383.0}
{'eval_loss': 0.5880692601203918, 'eval_f1': 0.34944237918215615, 'eval_runtime': 0.2049, 'eval_samples_per_second': 146.409, 'eval_steps_per_second': 9.761, 'epoch': 384.0}
{'eval_loss': 0.5880765318870544, 'eval_f1': 0.34944237918215615, 'eval_runtime': 0.2084, 'eval_samples_per_second': 143.976, 'eval_steps_per_second': 9.598, 'epoch': 385.0}
{'eval_loss': 0.5880799889564514, 'eval_f1': 0.34944237918215615, 'eval_runtime': 0.2085, 'eval_samples_per_second': 143.907, 'eval_steps_per_second': 9.594, 'epoch': 386.0}
{'eval_loss': 0.5880664587020874, 'eval_f1': 0.34944237918215615, 'eval_runtime': 0.2084, 'eval_samples_per_second': 143.973, 'eval_steps_per_second': 9.598, 'epoch': 387.0}
{'eval_loss': 0.5880874991416931, 'eval_f1': 0.34944237918215615, 'eval_runtime': 0.2116, 'eval_samples_per_second': 141.776, 'eval_steps_per_second': 9.452, 'epoch': 388.0}
{'eval_loss': 0.5881341099739075, 'eval_f1': 0.34944237918215615, 'eval_runtime': 0.2204, 'eval_samples_per_second': 136.11, 'eval_steps_per_second': 9.074, 'epoch': 389.0}
{'eval_loss': 0.5881967544555664, 'eval_f1': 0.34944237918215615, 'eval_runtime': 0.2261, 'eval_samples_per_second': 132.706, 'eval_steps_per_second': 8.847, 'epoch': 390.0}
{'eval_loss': 0.5881736278533936, 'eval_f1': 0.34944237918215615, 'eval_runtime': 0.2206, 'eval_samples_per_second': 136.018, 'eval_steps_per_second': 9.068, 'epoch': 391.0}
{'eval_loss': 0.5881542563438416, 'eval_f1': 0.34944237918215615, 'eval_runtime': 0.2094, 'eval_samples_per_second': 143.234, 'eval_steps_per_second': 9.549, 'epoch': 392.0}
{'eval_loss': 0.588094174861908, 'eval_f1': 0.34944237918215615, 'eval_runtime': 0.2107, 'eval_samples_per_second': 142.406, 'eval_steps_per_second': 9.494, 'epoch': 393.0}
{'eval_loss': 0.5880444645881653, 'eval_f1': 0.3555555555555555, 'eval_runtime': 0.2114, 'eval_samples_per_second': 141.878, 'eval_steps_per_second': 9.459, 'epoch': 394.0}
{'eval_loss': 0.588050127029419, 'eval_f1': 0.3555555555555555, 'eval_runtime': 0.2095, 'eval_samples_per_second': 143.204, 'eval_steps_per_second': 9.547, 'epoch': 395.0}
{'eval_loss': 0.5880796313285828, 'eval_f1': 0.3555555555555555, 'eval_runtime': 0.1977, 'eval_samples_per_second': 151.771, 'eval_steps_per_second': 10.118, 'epoch': 396.0}
{'eval_loss': 0.5880890488624573, 'eval_f1': 0.3555555555555555, 'eval_runtime': 0.1979, 'eval_samples_per_second': 151.616, 'eval_steps_per_second': 10.108, 'epoch': 397.0}
{'eval_loss': 0.5880687832832336, 'eval_f1': 0.3555555555555555, 'eval_runtime': 0.204, 'eval_samples_per_second': 147.045, 'eval_steps_per_second': 9.803, 'epoch': 398.0}
{'eval_loss': 0.5879833698272705, 'eval_f1': 0.3555555555555555, 'eval_runtime': 0.1979, 'eval_samples_per_second': 151.584, 'eval_steps_per_second': 10.106, 'epoch': 399.0}
{'eval_loss': 0.5878825783729553, 'eval_f1': 0.35687732342007433, 'eval_runtime': 0.1974, 'eval_samples_per_second': 152.004, 'eval_steps_per_second': 10.134, 'epoch': 400.0}
{'eval_loss': 0.5878892540931702, 'eval_f1': 0.35687732342007433, 'eval_runtime': 0.2145, 'eval_samples_per_second': 139.848, 'eval_steps_per_second': 9.323, 'epoch': 401.0}
{'eval_loss': 0.587884783744812, 'eval_f1': 0.3555555555555555, 'eval_runtime': 0.2166, 'eval_samples_per_second': 138.487, 'eval_steps_per_second': 9.232, 'epoch': 402.0}
{'eval_loss': 0.5879029631614685, 'eval_f1': 0.35687732342007433, 'eval_runtime': 0.215, 'eval_samples_per_second': 139.514, 'eval_steps_per_second': 9.301, 'epoch': 403.0}
{'eval_loss': 0.5879105925559998, 'eval_f1': 0.35687732342007433, 'eval_runtime': 0.2023, 'eval_samples_per_second': 148.307, 'eval_steps_per_second': 9.887, 'epoch': 404.0}
{'eval_loss': 0.5878902673721313, 'eval_f1': 0.35820895522388063, 'eval_runtime': 0.2086, 'eval_samples_per_second': 143.803, 'eval_steps_per_second': 9.587, 'epoch': 405.0}
{'eval_loss': 0.5878623723983765, 'eval_f1': 0.35820895522388063, 'eval_runtime': 0.2089, 'eval_samples_per_second': 143.633, 'eval_steps_per_second': 9.576, 'epoch': 406.0}
{'eval_loss': 0.5878528356552124, 'eval_f1': 0.35820895522388063, 'eval_runtime': 0.2108, 'eval_samples_per_second': 142.303, 'eval_steps_per_second': 9.487, 'epoch': 407.0}
{'eval_loss': 0.5877284407615662, 'eval_f1': 0.35820895522388063, 'eval_runtime': 0.2085, 'eval_samples_per_second': 143.87, 'eval_steps_per_second': 9.591, 'epoch': 408.0}
{'eval_loss': 0.5876575112342834, 'eval_f1': 0.35820895522388063, 'eval_runtime': 0.2086, 'eval_samples_per_second': 143.848, 'eval_steps_per_second': 9.59, 'epoch': 409.0}
{'eval_loss': 0.5876085758209229, 'eval_f1': 0.35820895522388063, 'eval_runtime': 0.2316, 'eval_samples_per_second': 129.507, 'eval_steps_per_second': 8.634, 'epoch': 410.0}
{'eval_loss': 0.5876606702804565, 'eval_f1': 0.35820895522388063, 'eval_runtime': 0.2075, 'eval_samples_per_second': 144.601, 'eval_steps_per_second': 9.64, 'epoch': 411.0}
{'eval_loss': 0.5876660943031311, 'eval_f1': 0.3643122676579926, 'eval_runtime': 0.2099, 'eval_samples_per_second': 142.904, 'eval_steps_per_second': 9.527, 'epoch': 412.0}
{'eval_loss': 0.5876968502998352, 'eval_f1': 0.3643122676579926, 'eval_runtime': 0.2111, 'eval_samples_per_second': 142.098, 'eval_steps_per_second': 9.473, 'epoch': 413.0}
{'eval_loss': 0.5877039432525635, 'eval_f1': 0.36296296296296293, 'eval_runtime': 0.2096, 'eval_samples_per_second': 143.158, 'eval_steps_per_second': 9.544, 'epoch': 414.0}
{'eval_loss': 0.5876844525337219, 'eval_f1': 0.3643122676579926, 'eval_runtime': 0.2045, 'eval_samples_per_second': 146.684, 'eval_steps_per_second': 9.779, 'epoch': 415.0}
{'eval_loss': 0.5876697301864624, 'eval_f1': 0.36296296296296293, 'eval_runtime': 0.212, 'eval_samples_per_second': 141.532, 'eval_steps_per_second': 9.435, 'epoch': 416.0}
{'eval_loss': 0.5876625776290894, 'eval_f1': 0.36296296296296293, 'eval_runtime': 0.2099, 'eval_samples_per_second': 142.908, 'eval_steps_per_second': 9.527, 'epoch': 417.0}
{'eval_loss': 0.5876570343971252, 'eval_f1': 0.36296296296296293, 'eval_runtime': 0.2169, 'eval_samples_per_second': 138.316, 'eval_steps_per_second': 9.221, 'epoch': 418.0}
{'eval_loss': 0.587639570236206, 'eval_f1': 0.36296296296296293, 'eval_runtime': 0.2109, 'eval_samples_per_second': 142.271, 'eval_steps_per_second': 9.485, 'epoch': 419.0}
{'eval_loss': 0.5876690745353699, 'eval_f1': 0.36296296296296293, 'eval_runtime': 0.209, 'eval_samples_per_second': 143.545, 'eval_steps_per_second': 9.57, 'epoch': 420.0}
{'eval_loss': 0.5876932144165039, 'eval_f1': 0.36296296296296293, 'eval_runtime': 0.2096, 'eval_samples_per_second': 143.143, 'eval_steps_per_second': 9.543, 'epoch': 421.0}
{'eval_loss': 0.58769291639328, 'eval_f1': 0.36296296296296293, 'eval_runtime': 0.2095, 'eval_samples_per_second': 143.172, 'eval_steps_per_second': 9.545, 'epoch': 422.0}
{'eval_loss': 0.5876986980438232, 'eval_f1': 0.36900369003690037, 'eval_runtime': 0.2106, 'eval_samples_per_second': 142.444, 'eval_steps_per_second': 9.496, 'epoch': 423.0}
{'eval_loss': 0.5877428650856018, 'eval_f1': 0.36764705882352944, 'eval_runtime': 0.2118, 'eval_samples_per_second': 141.66, 'eval_steps_per_second': 9.444, 'epoch': 424.0}
{'eval_loss': 0.5877899527549744, 'eval_f1': 0.36764705882352944, 'eval_runtime': 0.2223, 'eval_samples_per_second': 134.977, 'eval_steps_per_second': 8.998, 'epoch': 425.0}
{'eval_loss': 0.5877601504325867, 'eval_f1': 0.36900369003690037, 'eval_runtime': 0.2117, 'eval_samples_per_second': 141.74, 'eval_steps_per_second': 9.449, 'epoch': 426.0}
{'eval_loss': 0.5878078937530518, 'eval_f1': 0.36764705882352944, 'eval_runtime': 0.2101, 'eval_samples_per_second': 142.82, 'eval_steps_per_second': 9.521, 'epoch': 427.0}
{'eval_loss': 0.5878533124923706, 'eval_f1': 0.36764705882352944, 'eval_runtime': 0.2094, 'eval_samples_per_second': 143.251, 'eval_steps_per_second': 9.55, 'epoch': 428.0}
{'eval_loss': 0.5879221558570862, 'eval_f1': 0.36764705882352944, 'eval_runtime': 0.2095, 'eval_samples_per_second': 143.229, 'eval_steps_per_second': 9.549, 'epoch': 429.0}
{'eval_loss': 0.5879598259925842, 'eval_f1': 0.3703703703703704, 'eval_runtime': 0.2099, 'eval_samples_per_second': 142.947, 'eval_steps_per_second': 9.53, 'epoch': 430.0}
{'eval_loss': 0.587939977645874, 'eval_f1': 0.3703703703703704, 'eval_runtime': 0.2301, 'eval_samples_per_second': 130.356, 'eval_steps_per_second': 8.69, 'epoch': 431.0}
{'eval_loss': 0.5879696607589722, 'eval_f1': 0.3703703703703704, 'eval_runtime': 0.2263, 'eval_samples_per_second': 132.54, 'eval_steps_per_second': 8.836, 'epoch': 432.0}
{'eval_loss': 0.5879875421524048, 'eval_f1': 0.3703703703703704, 'eval_runtime': 0.2185, 'eval_samples_per_second': 137.33, 'eval_steps_per_second': 9.155, 'epoch': 433.0}
{'eval_loss': 0.5879810452461243, 'eval_f1': 0.36764705882352944, 'eval_runtime': 0.2267, 'eval_samples_per_second': 132.325, 'eval_steps_per_second': 8.822, 'epoch': 434.0}
{'eval_loss': 0.5879163146018982, 'eval_f1': 0.36764705882352944, 'eval_runtime': 0.2131, 'eval_samples_per_second': 140.769, 'eval_steps_per_second': 9.385, 'epoch': 435.0}
{'eval_loss': 0.5879189372062683, 'eval_f1': 0.36764705882352944, 'eval_runtime': 0.2216, 'eval_samples_per_second': 135.356, 'eval_steps_per_second': 9.024, 'epoch': 436.0}
{'eval_loss': 0.5879170894622803, 'eval_f1': 0.3616236162361623, 'eval_runtime': 0.2198, 'eval_samples_per_second': 136.493, 'eval_steps_per_second': 9.1, 'epoch': 437.0}
{'loss': 0.5373, 'grad_norm': 0.9589590430259705, 'learning_rate': 1.7083333333333332e-07, 'epoch': 437.5}
{'eval_loss': 0.5878408551216125, 'eval_f1': 0.3616236162361623, 'eval_runtime': 0.2161, 'eval_samples_per_second': 138.856, 'eval_steps_per_second': 9.257, 'epoch': 438.0}
{'eval_loss': 0.587783932685852, 'eval_f1': 0.3555555555555555, 'eval_runtime': 0.2213, 'eval_samples_per_second': 135.565, 'eval_steps_per_second': 9.038, 'epoch': 439.0}
{'eval_loss': 0.5877487063407898, 'eval_f1': 0.3555555555555555, 'eval_runtime': 0.2132, 'eval_samples_per_second': 140.681, 'eval_steps_per_second': 9.379, 'epoch': 440.0}
{'eval_loss': 0.5877776741981506, 'eval_f1': 0.3616236162361623, 'eval_runtime': 0.212, 'eval_samples_per_second': 141.489, 'eval_steps_per_second': 9.433, 'epoch': 441.0}
{'eval_loss': 0.5877863764762878, 'eval_f1': 0.3616236162361623, 'eval_runtime': 0.2151, 'eval_samples_per_second': 139.459, 'eval_steps_per_second': 9.297, 'epoch': 442.0}
{'eval_loss': 0.5877730250358582, 'eval_f1': 0.3555555555555555, 'eval_runtime': 0.2167, 'eval_samples_per_second': 138.444, 'eval_steps_per_second': 9.23, 'epoch': 443.0}
{'eval_loss': 0.5877668857574463, 'eval_f1': 0.36029411764705876, 'eval_runtime': 0.2202, 'eval_samples_per_second': 136.248, 'eval_steps_per_second': 9.083, 'epoch': 444.0}
{'eval_loss': 0.587814211845398, 'eval_f1': 0.36029411764705876, 'eval_runtime': 0.2102, 'eval_samples_per_second': 142.704, 'eval_steps_per_second': 9.514, 'epoch': 445.0}
{'eval_loss': 0.5878199934959412, 'eval_f1': 0.36029411764705876, 'eval_runtime': 0.2176, 'eval_samples_per_second': 137.868, 'eval_steps_per_second': 9.191, 'epoch': 446.0}
{'eval_loss': 0.5878494381904602, 'eval_f1': 0.36029411764705876, 'eval_runtime': 0.2085, 'eval_samples_per_second': 143.878, 'eval_steps_per_second': 9.592, 'epoch': 447.0}
{'eval_loss': 0.5878614187240601, 'eval_f1': 0.36029411764705876, 'eval_runtime': 0.2113, 'eval_samples_per_second': 141.953, 'eval_steps_per_second': 9.464, 'epoch': 448.0}
{'eval_loss': 0.5879185199737549, 'eval_f1': 0.36029411764705876, 'eval_runtime': 0.2106, 'eval_samples_per_second': 142.442, 'eval_steps_per_second': 9.496, 'epoch': 449.0}
{'eval_loss': 0.5879635214805603, 'eval_f1': 0.36029411764705876, 'eval_runtime': 0.2102, 'eval_samples_per_second': 142.744, 'eval_steps_per_second': 9.516, 'epoch': 450.0}
{'eval_loss': 0.587992787361145, 'eval_f1': 0.3616236162361623, 'eval_runtime': 0.2092, 'eval_samples_per_second': 143.375, 'eval_steps_per_second': 9.558, 'epoch': 451.0}
{'eval_loss': 0.5879905223846436, 'eval_f1': 0.3616236162361623, 'eval_runtime': 0.2236, 'eval_samples_per_second': 134.171, 'eval_steps_per_second': 8.945, 'epoch': 452.0}
{'eval_loss': 0.5879991054534912, 'eval_f1': 0.3616236162361623, 'eval_runtime': 0.2223, 'eval_samples_per_second': 134.972, 'eval_steps_per_second': 8.998, 'epoch': 453.0}
{'eval_loss': 0.5879904627799988, 'eval_f1': 0.3616236162361623, 'eval_runtime': 0.2104, 'eval_samples_per_second': 142.615, 'eval_steps_per_second': 9.508, 'epoch': 454.0}
{'eval_loss': 0.5879705548286438, 'eval_f1': 0.3616236162361623, 'eval_runtime': 0.2106, 'eval_samples_per_second': 142.478, 'eval_steps_per_second': 9.499, 'epoch': 455.0}
{'eval_loss': 0.5879570245742798, 'eval_f1': 0.3616236162361623, 'eval_runtime': 0.2128, 'eval_samples_per_second': 140.953, 'eval_steps_per_second': 9.397, 'epoch': 456.0}
{'eval_loss': 0.5879849195480347, 'eval_f1': 0.3616236162361623, 'eval_runtime': 0.211, 'eval_samples_per_second': 142.187, 'eval_steps_per_second': 9.479, 'epoch': 457.0}
{'eval_loss': 0.5879917144775391, 'eval_f1': 0.3616236162361623, 'eval_runtime': 0.2098, 'eval_samples_per_second': 143.019, 'eval_steps_per_second': 9.535, 'epoch': 458.0}
{'eval_loss': 0.5880315899848938, 'eval_f1': 0.3616236162361623, 'eval_runtime': 0.2099, 'eval_samples_per_second': 142.93, 'eval_steps_per_second': 9.529, 'epoch': 459.0}
{'eval_loss': 0.5880476832389832, 'eval_f1': 0.3616236162361623, 'eval_runtime': 0.2195, 'eval_samples_per_second': 136.645, 'eval_steps_per_second': 9.11, 'epoch': 460.0}
{'eval_loss': 0.5880385041236877, 'eval_f1': 0.3616236162361623, 'eval_runtime': 0.2115, 'eval_samples_per_second': 141.868, 'eval_steps_per_second': 9.458, 'epoch': 461.0}
{'eval_loss': 0.5879917740821838, 'eval_f1': 0.3616236162361623, 'eval_runtime': 0.2078, 'eval_samples_per_second': 144.393, 'eval_steps_per_second': 9.626, 'epoch': 462.0}
{'eval_loss': 0.5879917740821838, 'eval_f1': 0.3616236162361623, 'eval_runtime': 0.212, 'eval_samples_per_second': 141.503, 'eval_steps_per_second': 9.434, 'epoch': 463.0}
{'eval_loss': 0.5880007147789001, 'eval_f1': 0.3616236162361623, 'eval_runtime': 0.2116, 'eval_samples_per_second': 141.748, 'eval_steps_per_second': 9.45, 'epoch': 464.0}
{'eval_loss': 0.5879815220832825, 'eval_f1': 0.3616236162361623, 'eval_runtime': 0.2111, 'eval_samples_per_second': 142.113, 'eval_steps_per_second': 9.474, 'epoch': 465.0}
{'eval_loss': 0.5880061388015747, 'eval_f1': 0.3616236162361623, 'eval_runtime': 0.2211, 'eval_samples_per_second': 135.704, 'eval_steps_per_second': 9.047, 'epoch': 466.0}
{'eval_loss': 0.587985634803772, 'eval_f1': 0.3616236162361623, 'eval_runtime': 0.2122, 'eval_samples_per_second': 141.401, 'eval_steps_per_second': 9.427, 'epoch': 467.0}
{'eval_loss': 0.5879707336425781, 'eval_f1': 0.3616236162361623, 'eval_runtime': 0.212, 'eval_samples_per_second': 141.487, 'eval_steps_per_second': 9.432, 'epoch': 468.0}
{'eval_loss': 0.5880078673362732, 'eval_f1': 0.36764705882352944, 'eval_runtime': 0.2122, 'eval_samples_per_second': 141.369, 'eval_steps_per_second': 9.425, 'epoch': 469.0}
{'eval_loss': 0.588020920753479, 'eval_f1': 0.3663003663003663, 'eval_runtime': 0.3039, 'eval_samples_per_second': 98.714, 'eval_steps_per_second': 6.581, 'epoch': 470.0}
{'eval_loss': 0.5880451798439026, 'eval_f1': 0.3663003663003663, 'eval_runtime': 0.2144, 'eval_samples_per_second': 139.935, 'eval_steps_per_second': 9.329, 'epoch': 471.0}
{'eval_loss': 0.5879833102226257, 'eval_f1': 0.3663003663003663, 'eval_runtime': 0.2108, 'eval_samples_per_second': 142.295, 'eval_steps_per_second': 9.486, 'epoch': 472.0}
{'eval_loss': 0.5879767537117004, 'eval_f1': 0.3663003663003663, 'eval_runtime': 0.2122, 'eval_samples_per_second': 141.378, 'eval_steps_per_second': 9.425, 'epoch': 473.0}
{'eval_loss': 0.5879654288291931, 'eval_f1': 0.3663003663003663, 'eval_runtime': 0.2082, 'eval_samples_per_second': 144.099, 'eval_steps_per_second': 9.607, 'epoch': 474.0}
{'eval_loss': 0.5879860520362854, 'eval_f1': 0.3663003663003663, 'eval_runtime': 0.2125, 'eval_samples_per_second': 141.144, 'eval_steps_per_second': 9.41, 'epoch': 475.0}
{'eval_loss': 0.5879678130149841, 'eval_f1': 0.3663003663003663, 'eval_runtime': 0.2208, 'eval_samples_per_second': 135.86, 'eval_steps_per_second': 9.057, 'epoch': 476.0}
{'eval_loss': 0.5879278779029846, 'eval_f1': 0.3663003663003663, 'eval_runtime': 0.2019, 'eval_samples_per_second': 148.572, 'eval_steps_per_second': 9.905, 'epoch': 477.0}
{'eval_loss': 0.5879225134849548, 'eval_f1': 0.3663003663003663, 'eval_runtime': 0.2054, 'eval_samples_per_second': 146.021, 'eval_steps_per_second': 9.735, 'epoch': 478.0}
{'eval_loss': 0.5879088044166565, 'eval_f1': 0.36496350364963503, 'eval_runtime': 0.223, 'eval_samples_per_second': 134.525, 'eval_steps_per_second': 8.968, 'epoch': 479.0}
{'eval_loss': 0.5878828763961792, 'eval_f1': 0.36496350364963503, 'eval_runtime': 0.2076, 'eval_samples_per_second': 144.506, 'eval_steps_per_second': 9.634, 'epoch': 480.0}
{'eval_loss': 0.5878927707672119, 'eval_f1': 0.36496350364963503, 'eval_runtime': 0.2059, 'eval_samples_per_second': 145.69, 'eval_steps_per_second': 9.713, 'epoch': 481.0}
{'eval_loss': 0.5878987908363342, 'eval_f1': 0.36496350364963503, 'eval_runtime': 0.2062, 'eval_samples_per_second': 145.508, 'eval_steps_per_second': 9.701, 'epoch': 482.0}
{'eval_loss': 0.5878547430038452, 'eval_f1': 0.36496350364963503, 'eval_runtime': 0.2095, 'eval_samples_per_second': 143.222, 'eval_steps_per_second': 9.548, 'epoch': 483.0}
{'eval_loss': 0.5877935886383057, 'eval_f1': 0.36496350364963503, 'eval_runtime': 0.2063, 'eval_samples_per_second': 145.436, 'eval_steps_per_second': 9.696, 'epoch': 484.0}
{'eval_loss': 0.5877522826194763, 'eval_f1': 0.36496350364963503, 'eval_runtime': 0.2302, 'eval_samples_per_second': 130.318, 'eval_steps_per_second': 8.688, 'epoch': 485.0}
{'eval_loss': 0.5877276062965393, 'eval_f1': 0.36496350364963503, 'eval_runtime': 0.2136, 'eval_samples_per_second': 140.431, 'eval_steps_per_second': 9.362, 'epoch': 486.0}
{'eval_loss': 0.5877098441123962, 'eval_f1': 0.36363636363636365, 'eval_runtime': 0.218, 'eval_samples_per_second': 137.63, 'eval_steps_per_second': 9.175, 'epoch': 487.0}
{'eval_loss': 0.5876758098602295, 'eval_f1': 0.36231884057971014, 'eval_runtime': 0.214, 'eval_samples_per_second': 140.179, 'eval_steps_per_second': 9.345, 'epoch': 488.0}
{'eval_loss': 0.5876182913780212, 'eval_f1': 0.36231884057971014, 'eval_runtime': 0.2211, 'eval_samples_per_second': 135.667, 'eval_steps_per_second': 9.044, 'epoch': 489.0}
{'eval_loss': 0.5875934362411499, 'eval_f1': 0.36363636363636365, 'eval_runtime': 0.2195, 'eval_samples_per_second': 136.651, 'eval_steps_per_second': 9.11, 'epoch': 490.0}
{'eval_loss': 0.5876471400260925, 'eval_f1': 0.36496350364963503, 'eval_runtime': 0.2194, 'eval_samples_per_second': 136.754, 'eval_steps_per_second': 9.117, 'epoch': 491.0}
{'eval_loss': 0.5876699090003967, 'eval_f1': 0.3663003663003663, 'eval_runtime': 0.2179, 'eval_samples_per_second': 137.709, 'eval_steps_per_second': 9.181, 'epoch': 492.0}
{'eval_loss': 0.5876753330230713, 'eval_f1': 0.36496350364963503, 'eval_runtime': 0.212, 'eval_samples_per_second': 141.505, 'eval_steps_per_second': 9.434, 'epoch': 493.0}
{'eval_loss': 0.5877288579940796, 'eval_f1': 0.3663003663003663, 'eval_runtime': 0.2124, 'eval_samples_per_second': 141.211, 'eval_steps_per_second': 9.414, 'epoch': 494.0}
{'eval_loss': 0.5877344012260437, 'eval_f1': 0.3663003663003663, 'eval_runtime': 0.211, 'eval_samples_per_second': 142.205, 'eval_steps_per_second': 9.48, 'epoch': 495.0}
{'eval_loss': 0.5877746343612671, 'eval_f1': 0.3663003663003663, 'eval_runtime': 0.2102, 'eval_samples_per_second': 142.704, 'eval_steps_per_second': 9.514, 'epoch': 496.0}
{'eval_loss': 0.5877276659011841, 'eval_f1': 0.3663003663003663, 'eval_runtime': 0.2101, 'eval_samples_per_second': 142.809, 'eval_steps_per_second': 9.521, 'epoch': 497.0}
{'eval_loss': 0.587748110294342, 'eval_f1': 0.3663003663003663, 'eval_runtime': 0.2112, 'eval_samples_per_second': 142.051, 'eval_steps_per_second': 9.47, 'epoch': 498.0}
{'eval_loss': 0.5877858996391296, 'eval_f1': 0.3663003663003663, 'eval_runtime': 0.2109, 'eval_samples_per_second': 142.268, 'eval_steps_per_second': 9.485, 'epoch': 499.0}
{'loss': 0.526, 'grad_norm': 2.379862070083618, 'learning_rate': 1.6666666666666668e-07, 'epoch': 500.0}
{'eval_loss': 0.5877884030342102, 'eval_f1': 0.3663003663003663, 'eval_runtime': 0.213, 'eval_samples_per_second': 140.813, 'eval_steps_per_second': 9.388, 'epoch': 500.0}
{'eval_loss': 0.5878068804740906, 'eval_f1': 0.3663003663003663, 'eval_runtime': 0.2226, 'eval_samples_per_second': 134.749, 'eval_steps_per_second': 8.983, 'epoch': 501.0}
{'eval_loss': 0.5878315567970276, 'eval_f1': 0.3663003663003663, 'eval_runtime': 0.2097, 'eval_samples_per_second': 143.058, 'eval_steps_per_second': 9.537, 'epoch': 502.0}
{'eval_loss': 0.5878108739852905, 'eval_f1': 0.358974358974359, 'eval_runtime': 0.2097, 'eval_samples_per_second': 143.054, 'eval_steps_per_second': 9.537, 'epoch': 503.0}
{'eval_loss': 0.5877800583839417, 'eval_f1': 0.36029411764705876, 'eval_runtime': 0.2104, 'eval_samples_per_second': 142.575, 'eval_steps_per_second': 9.505, 'epoch': 504.0}
{'eval_loss': 0.5877770781517029, 'eval_f1': 0.358974358974359, 'eval_runtime': 0.2105, 'eval_samples_per_second': 142.546, 'eval_steps_per_second': 9.503, 'epoch': 505.0}
{'eval_loss': 0.5877467393875122, 'eval_f1': 0.358974358974359, 'eval_runtime': 0.2109, 'eval_samples_per_second': 142.237, 'eval_steps_per_second': 9.482, 'epoch': 506.0}
{'eval_loss': 0.5877366662025452, 'eval_f1': 0.358974358974359, 'eval_runtime': 0.2077, 'eval_samples_per_second': 144.428, 'eval_steps_per_second': 9.629, 'epoch': 507.0}
{'eval_loss': 0.5876768231391907, 'eval_f1': 0.358974358974359, 'eval_runtime': 0.2083, 'eval_samples_per_second': 144.015, 'eval_steps_per_second': 9.601, 'epoch': 508.0}
{'eval_loss': 0.587690532207489, 'eval_f1': 0.358974358974359, 'eval_runtime': 0.2093, 'eval_samples_per_second': 143.337, 'eval_steps_per_second': 9.556, 'epoch': 509.0}
{'eval_loss': 0.58767169713974, 'eval_f1': 0.358974358974359, 'eval_runtime': 0.2085, 'eval_samples_per_second': 143.878, 'eval_steps_per_second': 9.592, 'epoch': 510.0}
{'eval_loss': 0.5876836180686951, 'eval_f1': 0.3576642335766423, 'eval_runtime': 0.2116, 'eval_samples_per_second': 141.762, 'eval_steps_per_second': 9.451, 'epoch': 511.0}
{'eval_loss': 0.587716281414032, 'eval_f1': 0.3563636363636364, 'eval_runtime': 0.2115, 'eval_samples_per_second': 141.856, 'eval_steps_per_second': 9.457, 'epoch': 512.0}
{'eval_loss': 0.5877240300178528, 'eval_f1': 0.3563636363636364, 'eval_runtime': 0.2136, 'eval_samples_per_second': 140.452, 'eval_steps_per_second': 9.363, 'epoch': 513.0}
{'eval_loss': 0.5876556038856506, 'eval_f1': 0.3563636363636364, 'eval_runtime': 0.2149, 'eval_samples_per_second': 139.58, 'eval_steps_per_second': 9.305, 'epoch': 514.0}
{'eval_loss': 0.5875915288925171, 'eval_f1': 0.3563636363636364, 'eval_runtime': 0.213, 'eval_samples_per_second': 140.837, 'eval_steps_per_second': 9.389, 'epoch': 515.0}
{'eval_loss': 0.587505042552948, 'eval_f1': 0.3576642335766423, 'eval_runtime': 0.2168, 'eval_samples_per_second': 138.402, 'eval_steps_per_second': 9.227, 'epoch': 516.0}
{'eval_loss': 0.5874596834182739, 'eval_f1': 0.3576642335766423, 'eval_runtime': 0.2095, 'eval_samples_per_second': 143.204, 'eval_steps_per_second': 9.547, 'epoch': 517.0}
{'eval_loss': 0.5874168276786804, 'eval_f1': 0.3576642335766423, 'eval_runtime': 0.2131, 'eval_samples_per_second': 140.756, 'eval_steps_per_second': 9.384, 'epoch': 518.0}
{'eval_loss': 0.5874522924423218, 'eval_f1': 0.3576642335766423, 'eval_runtime': 0.2131, 'eval_samples_per_second': 140.758, 'eval_steps_per_second': 9.384, 'epoch': 519.0}
{'eval_loss': 0.5874902009963989, 'eval_f1': 0.3576642335766423, 'eval_runtime': 0.2093, 'eval_samples_per_second': 143.355, 'eval_steps_per_second': 9.557, 'epoch': 520.0}
{'eval_loss': 0.5875450372695923, 'eval_f1': 0.3563636363636364, 'eval_runtime': 0.2253, 'eval_samples_per_second': 133.17, 'eval_steps_per_second': 8.878, 'epoch': 521.0}
{'eval_loss': 0.587570309638977, 'eval_f1': 0.3563636363636364, 'eval_runtime': 0.2003, 'eval_samples_per_second': 149.8, 'eval_steps_per_second': 9.987, 'epoch': 522.0}
{'eval_loss': 0.5875883102416992, 'eval_f1': 0.3563636363636364, 'eval_runtime': 0.2007, 'eval_samples_per_second': 149.471, 'eval_steps_per_second': 9.965, 'epoch': 523.0}
{'eval_loss': 0.5875972509384155, 'eval_f1': 0.3563636363636364, 'eval_runtime': 0.2019, 'eval_samples_per_second': 148.62, 'eval_steps_per_second': 9.908, 'epoch': 524.0}
{'eval_loss': 0.5876099467277527, 'eval_f1': 0.3563636363636364, 'eval_runtime': 0.2029, 'eval_samples_per_second': 147.829, 'eval_steps_per_second': 9.855, 'epoch': 525.0}
{'eval_loss': 0.5876488089561462, 'eval_f1': 0.3563636363636364, 'eval_runtime': 0.2007, 'eval_samples_per_second': 149.499, 'eval_steps_per_second': 9.967, 'epoch': 526.0}
{'eval_loss': 0.5876578092575073, 'eval_f1': 0.3563636363636364, 'eval_runtime': 0.2009, 'eval_samples_per_second': 149.314, 'eval_steps_per_second': 9.954, 'epoch': 527.0}
{'eval_loss': 0.5876492261886597, 'eval_f1': 0.3563636363636364, 'eval_runtime': 0.2014, 'eval_samples_per_second': 148.928, 'eval_steps_per_second': 9.929, 'epoch': 528.0}
{'eval_loss': 0.5876070261001587, 'eval_f1': 0.3576642335766423, 'eval_runtime': 0.2205, 'eval_samples_per_second': 136.068, 'eval_steps_per_second': 9.071, 'epoch': 529.0}
{'eval_loss': 0.5875675678253174, 'eval_f1': 0.3576642335766423, 'eval_runtime': 0.2043, 'eval_samples_per_second': 146.849, 'eval_steps_per_second': 9.79, 'epoch': 530.0}
{'eval_loss': 0.5875431895256042, 'eval_f1': 0.3576642335766423, 'eval_runtime': 0.2089, 'eval_samples_per_second': 143.575, 'eval_steps_per_second': 9.572, 'epoch': 531.0}
{'eval_loss': 0.5876032710075378, 'eval_f1': 0.3563636363636364, 'eval_runtime': 0.2195, 'eval_samples_per_second': 136.677, 'eval_steps_per_second': 9.112, 'epoch': 532.0}
{'eval_loss': 0.5876379609107971, 'eval_f1': 0.35379061371841153, 'eval_runtime': 0.2297, 'eval_samples_per_second': 130.602, 'eval_steps_per_second': 8.707, 'epoch': 533.0}
{'eval_loss': 0.5876452922821045, 'eval_f1': 0.35379061371841153, 'eval_runtime': 0.2198, 'eval_samples_per_second': 136.512, 'eval_steps_per_second': 9.101, 'epoch': 534.0}
{'eval_loss': 0.5876615047454834, 'eval_f1': 0.35379061371841153, 'eval_runtime': 0.2124, 'eval_samples_per_second': 141.229, 'eval_steps_per_second': 9.415, 'epoch': 535.0}
{'eval_loss': 0.5876502394676208, 'eval_f1': 0.35379061371841153, 'eval_runtime': 0.2057, 'eval_samples_per_second': 145.848, 'eval_steps_per_second': 9.723, 'epoch': 536.0}
{'eval_loss': 0.587669312953949, 'eval_f1': 0.3525179856115108, 'eval_runtime': 0.1891, 'eval_samples_per_second': 158.657, 'eval_steps_per_second': 10.577, 'epoch': 537.0}
{'eval_loss': 0.5877237915992737, 'eval_f1': 0.3525179856115108, 'eval_runtime': 0.2113, 'eval_samples_per_second': 141.955, 'eval_steps_per_second': 9.464, 'epoch': 538.0}
{'eval_loss': 0.5878046154975891, 'eval_f1': 0.3525179856115108, 'eval_runtime': 0.2252, 'eval_samples_per_second': 133.222, 'eval_steps_per_second': 8.881, 'epoch': 539.0}
{'eval_loss': 0.5878466367721558, 'eval_f1': 0.3525179856115108, 'eval_runtime': 0.2141, 'eval_samples_per_second': 140.146, 'eval_steps_per_second': 9.343, 'epoch': 540.0}
{'eval_loss': 0.5878857970237732, 'eval_f1': 0.35125448028673834, 'eval_runtime': 0.2138, 'eval_samples_per_second': 140.33, 'eval_steps_per_second': 9.355, 'epoch': 541.0}
{'eval_loss': 0.5878677368164062, 'eval_f1': 0.35125448028673834, 'eval_runtime': 0.2306, 'eval_samples_per_second': 130.102, 'eval_steps_per_second': 8.673, 'epoch': 542.0}
{'eval_loss': 0.5878504514694214, 'eval_f1': 0.35125448028673834, 'eval_runtime': 0.2161, 'eval_samples_per_second': 138.831, 'eval_steps_per_second': 9.255, 'epoch': 543.0}
{'eval_loss': 0.5878016948699951, 'eval_f1': 0.35125448028673834, 'eval_runtime': 0.2145, 'eval_samples_per_second': 139.832, 'eval_steps_per_second': 9.322, 'epoch': 544.0}
{'eval_loss': 0.5877311825752258, 'eval_f1': 0.35125448028673834, 'eval_runtime': 0.2151, 'eval_samples_per_second': 139.458, 'eval_steps_per_second': 9.297, 'epoch': 545.0}
{'eval_loss': 0.5876945853233337, 'eval_f1': 0.35125448028673834, 'eval_runtime': 0.215, 'eval_samples_per_second': 139.561, 'eval_steps_per_second': 9.304, 'epoch': 546.0}
{'eval_loss': 0.5876564383506775, 'eval_f1': 0.35125448028673834, 'eval_runtime': 0.2198, 'eval_samples_per_second': 136.488, 'eval_steps_per_second': 9.099, 'epoch': 547.0}
{'eval_loss': 0.5876242518424988, 'eval_f1': 0.35125448028673834, 'eval_runtime': 0.2189, 'eval_samples_per_second': 137.04, 'eval_steps_per_second': 9.136, 'epoch': 548.0}
{'eval_loss': 0.5876571536064148, 'eval_f1': 0.3525179856115108, 'eval_runtime': 0.2118, 'eval_samples_per_second': 141.673, 'eval_steps_per_second': 9.445, 'epoch': 549.0}
{'eval_loss': 0.5876745581626892, 'eval_f1': 0.3525179856115108, 'eval_runtime': 0.2145, 'eval_samples_per_second': 139.883, 'eval_steps_per_second': 9.326, 'epoch': 550.0}
{'eval_loss': 0.5876463055610657, 'eval_f1': 0.3525179856115108, 'eval_runtime': 0.2146, 'eval_samples_per_second': 139.806, 'eval_steps_per_second': 9.32, 'epoch': 551.0}
{'eval_loss': 0.587600588798523, 'eval_f1': 0.3525179856115108, 'eval_runtime': 0.2216, 'eval_samples_per_second': 135.38, 'eval_steps_per_second': 9.025, 'epoch': 552.0}
{'eval_loss': 0.5875789523124695, 'eval_f1': 0.3525179856115108, 'eval_runtime': 0.213, 'eval_samples_per_second': 140.85, 'eval_steps_per_second': 9.39, 'epoch': 553.0}
{'eval_loss': 0.5875869393348694, 'eval_f1': 0.3525179856115108, 'eval_runtime': 0.215, 'eval_samples_per_second': 139.56, 'eval_steps_per_second': 9.304, 'epoch': 554.0}
{'eval_loss': 0.5875943899154663, 'eval_f1': 0.3525179856115108, 'eval_runtime': 0.2108, 'eval_samples_per_second': 142.329, 'eval_steps_per_second': 9.489, 'epoch': 555.0}
{'eval_loss': 0.58758544921875, 'eval_f1': 0.3525179856115108, 'eval_runtime': 0.1925, 'eval_samples_per_second': 155.81, 'eval_steps_per_second': 10.387, 'epoch': 556.0}
{'eval_loss': 0.5876519083976746, 'eval_f1': 0.3525179856115108, 'eval_runtime': 0.2062, 'eval_samples_per_second': 145.507, 'eval_steps_per_second': 9.7, 'epoch': 557.0}
{'eval_loss': 0.5876853466033936, 'eval_f1': 0.3525179856115108, 'eval_runtime': 0.2079, 'eval_samples_per_second': 144.316, 'eval_steps_per_second': 9.621, 'epoch': 558.0}
{'eval_loss': 0.5877336859703064, 'eval_f1': 0.3584229390681004, 'eval_runtime': 0.2134, 'eval_samples_per_second': 140.548, 'eval_steps_per_second': 9.37, 'epoch': 559.0}
{'eval_loss': 0.5877872109413147, 'eval_f1': 0.3584229390681004, 'eval_runtime': 0.2109, 'eval_samples_per_second': 142.229, 'eval_steps_per_second': 9.482, 'epoch': 560.0}
{'eval_loss': 0.5877801179885864, 'eval_f1': 0.3584229390681004, 'eval_runtime': 0.2998, 'eval_samples_per_second': 100.075, 'eval_steps_per_second': 6.672, 'epoch': 561.0}
{'eval_loss': 0.5877463221549988, 'eval_f1': 0.3584229390681004, 'eval_runtime': 0.212, 'eval_samples_per_second': 141.527, 'eval_steps_per_second': 9.435, 'epoch': 562.0}
{'loss': 0.513, 'grad_norm': 0.9227039813995361, 'learning_rate': 1.6249999999999998e-07, 'epoch': 562.5}
{'eval_loss': 0.5877493023872375, 'eval_f1': 0.35714285714285715, 'eval_runtime': 0.2111, 'eval_samples_per_second': 142.082, 'eval_steps_per_second': 9.472, 'epoch': 563.0}
{'eval_loss': 0.5877054333686829, 'eval_f1': 0.35714285714285715, 'eval_runtime': 0.2115, 'eval_samples_per_second': 141.872, 'eval_steps_per_second': 9.458, 'epoch': 564.0}
{'eval_loss': 0.587704598903656, 'eval_f1': 0.35714285714285715, 'eval_runtime': 0.2111, 'eval_samples_per_second': 142.103, 'eval_steps_per_second': 9.474, 'epoch': 565.0}
{'eval_loss': 0.5876786112785339, 'eval_f1': 0.3584229390681004, 'eval_runtime': 0.2136, 'eval_samples_per_second': 140.427, 'eval_steps_per_second': 9.362, 'epoch': 566.0}
{'eval_loss': 0.58768630027771, 'eval_f1': 0.3584229390681004, 'eval_runtime': 0.2105, 'eval_samples_per_second': 142.505, 'eval_steps_per_second': 9.5, 'epoch': 567.0}
{'eval_loss': 0.5876777768135071, 'eval_f1': 0.3584229390681004, 'eval_runtime': 0.2123, 'eval_samples_per_second': 141.315, 'eval_steps_per_second': 9.421, 'epoch': 568.0}
{'eval_loss': 0.5876811742782593, 'eval_f1': 0.3584229390681004, 'eval_runtime': 0.2149, 'eval_samples_per_second': 139.575, 'eval_steps_per_second': 9.305, 'epoch': 569.0}
{'eval_loss': 0.5876832604408264, 'eval_f1': 0.3584229390681004, 'eval_runtime': 0.2204, 'eval_samples_per_second': 136.097, 'eval_steps_per_second': 9.073, 'epoch': 570.0}
{'eval_loss': 0.5876969695091248, 'eval_f1': 0.3584229390681004, 'eval_runtime': 0.2079, 'eval_samples_per_second': 144.269, 'eval_steps_per_second': 9.618, 'epoch': 571.0}
{'eval_loss': 0.5877043008804321, 'eval_f1': 0.3584229390681004, 'eval_runtime': 0.2102, 'eval_samples_per_second': 142.75, 'eval_steps_per_second': 9.517, 'epoch': 572.0}
{'eval_loss': 0.5877112150192261, 'eval_f1': 0.3584229390681004, 'eval_runtime': 0.2066, 'eval_samples_per_second': 145.217, 'eval_steps_per_second': 9.681, 'epoch': 573.0}
{'eval_loss': 0.5877043008804321, 'eval_f1': 0.3584229390681004, 'eval_runtime': 0.2057, 'eval_samples_per_second': 145.865, 'eval_steps_per_second': 9.724, 'epoch': 574.0}
{'eval_loss': 0.5877535343170166, 'eval_f1': 0.3584229390681004, 'eval_runtime': 0.2099, 'eval_samples_per_second': 142.929, 'eval_steps_per_second': 9.529, 'epoch': 575.0}
{'eval_loss': 0.5877264738082886, 'eval_f1': 0.3584229390681004, 'eval_runtime': 0.2095, 'eval_samples_per_second': 143.209, 'eval_steps_per_second': 9.547, 'epoch': 576.0}
{'eval_loss': 0.5877209901809692, 'eval_f1': 0.3584229390681004, 'eval_runtime': 0.2087, 'eval_samples_per_second': 143.718, 'eval_steps_per_second': 9.581, 'epoch': 577.0}
{'eval_loss': 0.5876976847648621, 'eval_f1': 0.3584229390681004, 'eval_runtime': 0.2102, 'eval_samples_per_second': 142.707, 'eval_steps_per_second': 9.514, 'epoch': 578.0}
{'eval_loss': 0.5877149105072021, 'eval_f1': 0.3584229390681004, 'eval_runtime': 0.2221, 'eval_samples_per_second': 135.08, 'eval_steps_per_second': 9.005, 'epoch': 579.0}
{'eval_loss': 0.5877286195755005, 'eval_f1': 0.3584229390681004, 'eval_runtime': 0.2198, 'eval_samples_per_second': 136.48, 'eval_steps_per_second': 9.099, 'epoch': 580.0}
{'eval_loss': 0.587759792804718, 'eval_f1': 0.3584229390681004, 'eval_runtime': 0.2196, 'eval_samples_per_second': 136.621, 'eval_steps_per_second': 9.108, 'epoch': 581.0}
{'eval_loss': 0.5877401828765869, 'eval_f1': 0.3584229390681004, 'eval_runtime': 0.2182, 'eval_samples_per_second': 137.507, 'eval_steps_per_second': 9.167, 'epoch': 582.0}
{'eval_loss': 0.5877401232719421, 'eval_f1': 0.3584229390681004, 'eval_runtime': 0.2097, 'eval_samples_per_second': 143.041, 'eval_steps_per_second': 9.536, 'epoch': 583.0}
{'eval_loss': 0.5877292156219482, 'eval_f1': 0.3584229390681004, 'eval_runtime': 0.2098, 'eval_samples_per_second': 143.023, 'eval_steps_per_second': 9.535, 'epoch': 584.0}
{'eval_loss': 0.5876676440238953, 'eval_f1': 0.3584229390681004, 'eval_runtime': 0.2115, 'eval_samples_per_second': 141.859, 'eval_steps_per_second': 9.457, 'epoch': 585.0}
{'eval_loss': 0.587674081325531, 'eval_f1': 0.3584229390681004, 'eval_runtime': 0.2138, 'eval_samples_per_second': 140.307, 'eval_steps_per_second': 9.354, 'epoch': 586.0}
{'eval_loss': 0.5877088904380798, 'eval_f1': 0.3584229390681004, 'eval_runtime': 0.2072, 'eval_samples_per_second': 144.755, 'eval_steps_per_second': 9.65, 'epoch': 587.0}
{'eval_loss': 0.5877369046211243, 'eval_f1': 0.3584229390681004, 'eval_runtime': 0.2253, 'eval_samples_per_second': 133.139, 'eval_steps_per_second': 8.876, 'epoch': 588.0}
{'eval_loss': 0.5877176523208618, 'eval_f1': 0.3584229390681004, 'eval_runtime': 0.2081, 'eval_samples_per_second': 144.136, 'eval_steps_per_second': 9.609, 'epoch': 589.0}
{'eval_loss': 0.5876868367195129, 'eval_f1': 0.3584229390681004, 'eval_runtime': 0.2278, 'eval_samples_per_second': 131.709, 'eval_steps_per_second': 8.781, 'epoch': 590.0}
{'eval_loss': 0.5876598358154297, 'eval_f1': 0.3584229390681004, 'eval_runtime': 0.2284, 'eval_samples_per_second': 131.33, 'eval_steps_per_second': 8.755, 'epoch': 591.0}
{'eval_loss': 0.5876378417015076, 'eval_f1': 0.3584229390681004, 'eval_runtime': 0.2704, 'eval_samples_per_second': 110.959, 'eval_steps_per_second': 7.397, 'epoch': 592.0}
{'eval_loss': 0.5875604748725891, 'eval_f1': 0.3584229390681004, 'eval_runtime': 0.2401, 'eval_samples_per_second': 124.947, 'eval_steps_per_second': 8.33, 'epoch': 593.0}
{'eval_loss': 0.5875220894813538, 'eval_f1': 0.3584229390681004, 'eval_runtime': 0.2499, 'eval_samples_per_second': 120.029, 'eval_steps_per_second': 8.002, 'epoch': 594.0}
{'eval_loss': 0.587520956993103, 'eval_f1': 0.3584229390681004, 'eval_runtime': 0.2224, 'eval_samples_per_second': 134.918, 'eval_steps_per_second': 8.995, 'epoch': 595.0}
{'eval_loss': 0.5875265002250671, 'eval_f1': 0.35714285714285715, 'eval_runtime': 0.2235, 'eval_samples_per_second': 134.208, 'eval_steps_per_second': 8.947, 'epoch': 596.0}
{'eval_loss': 0.5874987244606018, 'eval_f1': 0.3584229390681004, 'eval_runtime': 0.2235, 'eval_samples_per_second': 134.205, 'eval_steps_per_second': 8.947, 'epoch': 597.0}
{'eval_loss': 0.5874564051628113, 'eval_f1': 0.3584229390681004, 'eval_runtime': 0.2229, 'eval_samples_per_second': 134.611, 'eval_steps_per_second': 8.974, 'epoch': 598.0}
{'eval_loss': 0.5874128937721252, 'eval_f1': 0.3584229390681004, 'eval_runtime': 0.2227, 'eval_samples_per_second': 134.737, 'eval_steps_per_second': 8.982, 'epoch': 599.0}
{'eval_loss': 0.5873480439186096, 'eval_f1': 0.3478260869565218, 'eval_runtime': 0.2221, 'eval_samples_per_second': 135.087, 'eval_steps_per_second': 9.006, 'epoch': 600.0}
{'eval_loss': 0.5873391032218933, 'eval_f1': 0.3478260869565218, 'eval_runtime': 0.212, 'eval_samples_per_second': 141.517, 'eval_steps_per_second': 9.434, 'epoch': 601.0}
{'eval_loss': 0.5873705148696899, 'eval_f1': 0.35379061371841153, 'eval_runtime': 0.21, 'eval_samples_per_second': 142.864, 'eval_steps_per_second': 9.524, 'epoch': 602.0}
{'eval_loss': 0.5873891711235046, 'eval_f1': 0.3525179856115108, 'eval_runtime': 0.211, 'eval_samples_per_second': 142.153, 'eval_steps_per_second': 9.477, 'epoch': 603.0}
{'eval_loss': 0.58740234375, 'eval_f1': 0.3525179856115108, 'eval_runtime': 0.2121, 'eval_samples_per_second': 141.465, 'eval_steps_per_second': 9.431, 'epoch': 604.0}
{'eval_loss': 0.5874678492546082, 'eval_f1': 0.3525179856115108, 'eval_runtime': 0.2252, 'eval_samples_per_second': 133.221, 'eval_steps_per_second': 8.881, 'epoch': 605.0}
{'eval_loss': 0.5875241756439209, 'eval_f1': 0.3584229390681004, 'eval_runtime': 0.2301, 'eval_samples_per_second': 130.402, 'eval_steps_per_second': 8.693, 'epoch': 606.0}
{'eval_loss': 0.5874841809272766, 'eval_f1': 0.3525179856115108, 'eval_runtime': 0.209, 'eval_samples_per_second': 143.516, 'eval_steps_per_second': 9.568, 'epoch': 607.0}
{'eval_loss': 0.5874249339103699, 'eval_f1': 0.3525179856115108, 'eval_runtime': 0.2289, 'eval_samples_per_second': 131.044, 'eval_steps_per_second': 8.736, 'epoch': 608.0}
{'eval_loss': 0.5874165892601013, 'eval_f1': 0.36298932384341637, 'eval_runtime': 0.2156, 'eval_samples_per_second': 139.141, 'eval_steps_per_second': 9.276, 'epoch': 609.0}
{'eval_loss': 0.5874629616737366, 'eval_f1': 0.36170212765957444, 'eval_runtime': 0.217, 'eval_samples_per_second': 138.256, 'eval_steps_per_second': 9.217, 'epoch': 610.0}
{'eval_loss': 0.5874907374382019, 'eval_f1': 0.35714285714285715, 'eval_runtime': 0.2156, 'eval_samples_per_second': 139.121, 'eval_steps_per_second': 9.275, 'epoch': 611.0}
{'eval_loss': 0.5875278115272522, 'eval_f1': 0.35125448028673834, 'eval_runtime': 0.2098, 'eval_samples_per_second': 143.024, 'eval_steps_per_second': 9.535, 'epoch': 612.0}
{'eval_loss': 0.5875703692436218, 'eval_f1': 0.35714285714285715, 'eval_runtime': 0.1857, 'eval_samples_per_second': 161.591, 'eval_steps_per_second': 10.773, 'epoch': 613.0}
{'eval_loss': 0.5875892639160156, 'eval_f1': 0.35714285714285715, 'eval_runtime': 0.1913, 'eval_samples_per_second': 156.822, 'eval_steps_per_second': 10.455, 'epoch': 614.0}
{'eval_loss': 0.5875604748725891, 'eval_f1': 0.35714285714285715, 'eval_runtime': 0.1946, 'eval_samples_per_second': 154.173, 'eval_steps_per_second': 10.278, 'epoch': 615.0}
{'eval_loss': 0.5874794125556946, 'eval_f1': 0.3584229390681004, 'eval_runtime': 0.1847, 'eval_samples_per_second': 162.425, 'eval_steps_per_second': 10.828, 'epoch': 616.0}
{'eval_loss': 0.5874014496803284, 'eval_f1': 0.3584229390681004, 'eval_runtime': 0.1849, 'eval_samples_per_second': 162.269, 'eval_steps_per_second': 10.818, 'epoch': 617.0}
{'eval_loss': 0.5873115658760071, 'eval_f1': 0.3584229390681004, 'eval_runtime': 0.2154, 'eval_samples_per_second': 139.256, 'eval_steps_per_second': 9.284, 'epoch': 618.0}
{'eval_loss': 0.5872865915298462, 'eval_f1': 0.3584229390681004, 'eval_runtime': 0.2162, 'eval_samples_per_second': 138.788, 'eval_steps_per_second': 9.253, 'epoch': 619.0}
{'eval_loss': 0.5873097777366638, 'eval_f1': 0.3584229390681004, 'eval_runtime': 0.2133, 'eval_samples_per_second': 140.65, 'eval_steps_per_second': 9.377, 'epoch': 620.0}
{'eval_loss': 0.5873484015464783, 'eval_f1': 0.36428571428571427, 'eval_runtime': 0.2072, 'eval_samples_per_second': 144.757, 'eval_steps_per_second': 9.65, 'epoch': 621.0}
{'eval_loss': 0.5874048471450806, 'eval_f1': 0.36428571428571427, 'eval_runtime': 0.2177, 'eval_samples_per_second': 137.779, 'eval_steps_per_second': 9.185, 'epoch': 622.0}
{'eval_loss': 0.5873858332633972, 'eval_f1': 0.36298932384341637, 'eval_runtime': 0.2084, 'eval_samples_per_second': 143.937, 'eval_steps_per_second': 9.596, 'epoch': 623.0}
{'eval_loss': 0.5874121785163879, 'eval_f1': 0.36298932384341637, 'eval_runtime': 0.207, 'eval_samples_per_second': 144.925, 'eval_steps_per_second': 9.662, 'epoch': 624.0}
{'loss': 0.5019, 'grad_norm': 1.3953546285629272, 'learning_rate': 1.583333333333333e-07, 'epoch': 625.0}
{'eval_loss': 0.5874298214912415, 'eval_f1': 0.36298932384341637, 'eval_runtime': 0.2078, 'eval_samples_per_second': 144.343, 'eval_steps_per_second': 9.623, 'epoch': 625.0}
{'eval_loss': 0.5874102711677551, 'eval_f1': 0.36298932384341637, 'eval_runtime': 0.2068, 'eval_samples_per_second': 145.068, 'eval_steps_per_second': 9.671, 'epoch': 626.0}
{'eval_loss': 0.5873445868492126, 'eval_f1': 0.36298932384341637, 'eval_runtime': 0.2127, 'eval_samples_per_second': 141.037, 'eval_steps_per_second': 9.402, 'epoch': 627.0}
{'eval_loss': 0.587274968624115, 'eval_f1': 0.36298932384341637, 'eval_runtime': 0.2103, 'eval_samples_per_second': 142.653, 'eval_steps_per_second': 9.51, 'epoch': 628.0}
{'eval_loss': 0.5872260928153992, 'eval_f1': 0.36428571428571427, 'eval_runtime': 0.2087, 'eval_samples_per_second': 143.755, 'eval_steps_per_second': 9.584, 'epoch': 629.0}
{'eval_loss': 0.5871805548667908, 'eval_f1': 0.36428571428571427, 'eval_runtime': 0.2069, 'eval_samples_per_second': 145.015, 'eval_steps_per_second': 9.668, 'epoch': 630.0}
{'eval_loss': 0.5871792435646057, 'eval_f1': 0.3584229390681004, 'eval_runtime': 0.2081, 'eval_samples_per_second': 144.19, 'eval_steps_per_second': 9.613, 'epoch': 631.0}
{'eval_loss': 0.5872500538825989, 'eval_f1': 0.3584229390681004, 'eval_runtime': 0.22, 'eval_samples_per_second': 136.338, 'eval_steps_per_second': 9.089, 'epoch': 632.0}
{'eval_loss': 0.5872920155525208, 'eval_f1': 0.3584229390681004, 'eval_runtime': 0.2065, 'eval_samples_per_second': 145.251, 'eval_steps_per_second': 9.683, 'epoch': 633.0}
{'eval_loss': 0.5872339010238647, 'eval_f1': 0.3584229390681004, 'eval_runtime': 0.206, 'eval_samples_per_second': 145.633, 'eval_steps_per_second': 9.709, 'epoch': 634.0}
{'eval_loss': 0.5872135758399963, 'eval_f1': 0.36428571428571427, 'eval_runtime': 0.2076, 'eval_samples_per_second': 144.541, 'eval_steps_per_second': 9.636, 'epoch': 635.0}
{'eval_loss': 0.5871316194534302, 'eval_f1': 0.36428571428571427, 'eval_runtime': 0.206, 'eval_samples_per_second': 145.635, 'eval_steps_per_second': 9.709, 'epoch': 636.0}
{'eval_loss': 0.5871337652206421, 'eval_f1': 0.36428571428571427, 'eval_runtime': 0.2072, 'eval_samples_per_second': 144.815, 'eval_steps_per_second': 9.654, 'epoch': 637.0}
{'eval_loss': 0.587124764919281, 'eval_f1': 0.36428571428571427, 'eval_runtime': 0.2064, 'eval_samples_per_second': 145.346, 'eval_steps_per_second': 9.69, 'epoch': 638.0}
{'eval_loss': 0.5871859192848206, 'eval_f1': 0.36298932384341637, 'eval_runtime': 0.2062, 'eval_samples_per_second': 145.501, 'eval_steps_per_second': 9.7, 'epoch': 639.0}
{'eval_loss': 0.5872195363044739, 'eval_f1': 0.36298932384341637, 'eval_runtime': 0.2803, 'eval_samples_per_second': 107.028, 'eval_steps_per_second': 7.135, 'epoch': 640.0}
{'eval_loss': 0.5872018337249756, 'eval_f1': 0.36298932384341637, 'eval_runtime': 0.209, 'eval_samples_per_second': 143.525, 'eval_steps_per_second': 9.568, 'epoch': 641.0}
{'eval_loss': 0.5872392058372498, 'eval_f1': 0.36298932384341637, 'eval_runtime': 0.2213, 'eval_samples_per_second': 135.589, 'eval_steps_per_second': 9.039, 'epoch': 642.0}
{'eval_loss': 0.5872317552566528, 'eval_f1': 0.36298932384341637, 'eval_runtime': 0.2071, 'eval_samples_per_second': 144.83, 'eval_steps_per_second': 9.655, 'epoch': 643.0}
{'eval_loss': 0.5873128771781921, 'eval_f1': 0.36298932384341637, 'eval_runtime': 0.2065, 'eval_samples_per_second': 145.312, 'eval_steps_per_second': 9.687, 'epoch': 644.0}
{'eval_loss': 0.5873517394065857, 'eval_f1': 0.36298932384341637, 'eval_runtime': 0.2079, 'eval_samples_per_second': 144.324, 'eval_steps_per_second': 9.622, 'epoch': 645.0}
{'eval_loss': 0.5873643755912781, 'eval_f1': 0.36298932384341637, 'eval_runtime': 0.2169, 'eval_samples_per_second': 138.282, 'eval_steps_per_second': 9.219, 'epoch': 646.0}
{'eval_loss': 0.5874034762382507, 'eval_f1': 0.36298932384341637, 'eval_runtime': 0.2084, 'eval_samples_per_second': 143.942, 'eval_steps_per_second': 9.596, 'epoch': 647.0}
{'eval_loss': 0.5874694585800171, 'eval_f1': 0.36298932384341637, 'eval_runtime': 0.2108, 'eval_samples_per_second': 142.346, 'eval_steps_per_second': 9.49, 'epoch': 648.0}
{'eval_loss': 0.5874746441841125, 'eval_f1': 0.36298932384341637, 'eval_runtime': 0.2085, 'eval_samples_per_second': 143.888, 'eval_steps_per_second': 9.593, 'epoch': 649.0}
{'eval_loss': 0.5874747037887573, 'eval_f1': 0.36298932384341637, 'eval_runtime': 0.2088, 'eval_samples_per_second': 143.697, 'eval_steps_per_second': 9.58, 'epoch': 650.0}
{'eval_loss': 0.5875742435455322, 'eval_f1': 0.36298932384341637, 'eval_runtime': 0.2067, 'eval_samples_per_second': 145.147, 'eval_steps_per_second': 9.676, 'epoch': 651.0}
{'eval_loss': 0.5875877141952515, 'eval_f1': 0.35587188612099646, 'eval_runtime': 0.2113, 'eval_samples_per_second': 141.978, 'eval_steps_per_second': 9.465, 'epoch': 652.0}
{'eval_loss': 0.5876100659370422, 'eval_f1': 0.35587188612099646, 'eval_runtime': 0.2117, 'eval_samples_per_second': 141.728, 'eval_steps_per_second': 9.449, 'epoch': 653.0}
{'eval_loss': 0.5875833034515381, 'eval_f1': 0.36170212765957444, 'eval_runtime': 0.2163, 'eval_samples_per_second': 138.681, 'eval_steps_per_second': 9.245, 'epoch': 654.0}
{'eval_loss': 0.5876612067222595, 'eval_f1': 0.35587188612099646, 'eval_runtime': 0.2106, 'eval_samples_per_second': 142.425, 'eval_steps_per_second': 9.495, 'epoch': 655.0}
{'eval_loss': 0.5877030491828918, 'eval_f1': 0.35587188612099646, 'eval_runtime': 0.21, 'eval_samples_per_second': 142.858, 'eval_steps_per_second': 9.524, 'epoch': 656.0}
{'eval_loss': 0.5876861214637756, 'eval_f1': 0.36170212765957444, 'eval_runtime': 0.2075, 'eval_samples_per_second': 144.552, 'eval_steps_per_second': 9.637, 'epoch': 657.0}
{'eval_loss': 0.5877506732940674, 'eval_f1': 0.35587188612099646, 'eval_runtime': 0.2061, 'eval_samples_per_second': 145.583, 'eval_steps_per_second': 9.706, 'epoch': 658.0}
{'eval_loss': 0.5877997875213623, 'eval_f1': 0.35587188612099646, 'eval_runtime': 0.2065, 'eval_samples_per_second': 145.29, 'eval_steps_per_second': 9.686, 'epoch': 659.0}
{'eval_loss': 0.5877956748008728, 'eval_f1': 0.35587188612099646, 'eval_runtime': 0.2115, 'eval_samples_per_second': 141.859, 'eval_steps_per_second': 9.457, 'epoch': 660.0}
{'eval_loss': 0.5877567529678345, 'eval_f1': 0.36042402826855124, 'eval_runtime': 0.2069, 'eval_samples_per_second': 144.963, 'eval_steps_per_second': 9.664, 'epoch': 661.0}
{'eval_loss': 0.58770751953125, 'eval_f1': 0.36042402826855124, 'eval_runtime': 0.2066, 'eval_samples_per_second': 145.237, 'eval_steps_per_second': 9.682, 'epoch': 662.0}
{'eval_loss': 0.5876839756965637, 'eval_f1': 0.36042402826855124, 'eval_runtime': 0.2092, 'eval_samples_per_second': 143.397, 'eval_steps_per_second': 9.56, 'epoch': 663.0}
{'eval_loss': 0.5876328945159912, 'eval_f1': 0.36042402826855124, 'eval_runtime': 0.2068, 'eval_samples_per_second': 145.034, 'eval_steps_per_second': 9.669, 'epoch': 664.0}
{'eval_loss': 0.5876172184944153, 'eval_f1': 0.36042402826855124, 'eval_runtime': 0.2071, 'eval_samples_per_second': 144.839, 'eval_steps_per_second': 9.656, 'epoch': 665.0}
{'eval_loss': 0.5876089334487915, 'eval_f1': 0.36042402826855124, 'eval_runtime': 0.2052, 'eval_samples_per_second': 146.19, 'eval_steps_per_second': 9.746, 'epoch': 666.0}
{'eval_loss': 0.5875492691993713, 'eval_f1': 0.36042402826855124, 'eval_runtime': 0.2061, 'eval_samples_per_second': 145.528, 'eval_steps_per_second': 9.702, 'epoch': 667.0}
{'eval_loss': 0.5876486301422119, 'eval_f1': 0.36042402826855124, 'eval_runtime': 0.2075, 'eval_samples_per_second': 144.594, 'eval_steps_per_second': 9.64, 'epoch': 668.0}
{'eval_loss': 0.5877419114112854, 'eval_f1': 0.36042402826855124, 'eval_runtime': 0.2129, 'eval_samples_per_second': 140.944, 'eval_steps_per_second': 9.396, 'epoch': 669.0}
{'eval_loss': 0.5878111720085144, 'eval_f1': 0.36042402826855124, 'eval_runtime': 0.2088, 'eval_samples_per_second': 143.671, 'eval_steps_per_second': 9.578, 'epoch': 670.0}
{'eval_loss': 0.5877875685691833, 'eval_f1': 0.36042402826855124, 'eval_runtime': 0.2062, 'eval_samples_per_second': 145.48, 'eval_steps_per_second': 9.699, 'epoch': 671.0}
{'eval_loss': 0.5877591967582703, 'eval_f1': 0.3661971830985915, 'eval_runtime': 0.207, 'eval_samples_per_second': 144.938, 'eval_steps_per_second': 9.663, 'epoch': 672.0}
{'eval_loss': 0.5877624154090881, 'eval_f1': 0.3661971830985915, 'eval_runtime': 0.2066, 'eval_samples_per_second': 145.235, 'eval_steps_per_second': 9.682, 'epoch': 673.0}
{'eval_loss': 0.5877856016159058, 'eval_f1': 0.3661971830985915, 'eval_runtime': 0.2086, 'eval_samples_per_second': 143.826, 'eval_steps_per_second': 9.588, 'epoch': 674.0}
{'eval_loss': 0.5877992510795593, 'eval_f1': 0.36749116607773846, 'eval_runtime': 0.2059, 'eval_samples_per_second': 145.687, 'eval_steps_per_second': 9.712, 'epoch': 675.0}
{'eval_loss': 0.5878121852874756, 'eval_f1': 0.3661971830985915, 'eval_runtime': 0.2108, 'eval_samples_per_second': 142.348, 'eval_steps_per_second': 9.49, 'epoch': 676.0}
{'eval_loss': 0.5878648161888123, 'eval_f1': 0.36749116607773846, 'eval_runtime': 0.2054, 'eval_samples_per_second': 146.054, 'eval_steps_per_second': 9.737, 'epoch': 677.0}
{'eval_loss': 0.5878919959068298, 'eval_f1': 0.3661971830985915, 'eval_runtime': 0.2051, 'eval_samples_per_second': 146.261, 'eval_steps_per_second': 9.751, 'epoch': 678.0}
{'eval_loss': 0.5878857374191284, 'eval_f1': 0.3661971830985915, 'eval_runtime': 0.2048, 'eval_samples_per_second': 146.454, 'eval_steps_per_second': 9.764, 'epoch': 679.0}
{'eval_loss': 0.5877945423126221, 'eval_f1': 0.36749116607773846, 'eval_runtime': 0.2382, 'eval_samples_per_second': 125.969, 'eval_steps_per_second': 8.398, 'epoch': 680.0}
{'eval_loss': 0.5877358317375183, 'eval_f1': 0.36749116607773846, 'eval_runtime': 0.2297, 'eval_samples_per_second': 130.604, 'eval_steps_per_second': 8.707, 'epoch': 681.0}
{'eval_loss': 0.5877755284309387, 'eval_f1': 0.3661971830985915, 'eval_runtime': 0.2158, 'eval_samples_per_second': 138.999, 'eval_steps_per_second': 9.267, 'epoch': 682.0}
{'eval_loss': 0.587763249874115, 'eval_f1': 0.3661971830985915, 'eval_runtime': 0.2137, 'eval_samples_per_second': 140.362, 'eval_steps_per_second': 9.357, 'epoch': 683.0}
{'eval_loss': 0.5877946019172668, 'eval_f1': 0.3661971830985915, 'eval_runtime': 0.1864, 'eval_samples_per_second': 160.97, 'eval_steps_per_second': 10.731, 'epoch': 684.0}
{'eval_loss': 0.5877876877784729, 'eval_f1': 0.3661971830985915, 'eval_runtime': 0.2215, 'eval_samples_per_second': 135.438, 'eval_steps_per_second': 9.029, 'epoch': 685.0}
{'eval_loss': 0.5878122448921204, 'eval_f1': 0.3661971830985915, 'eval_runtime': 0.2132, 'eval_samples_per_second': 140.734, 'eval_steps_per_second': 9.382, 'epoch': 686.0}
{'eval_loss': 0.5878728628158569, 'eval_f1': 0.3661971830985915, 'eval_runtime': 0.2042, 'eval_samples_per_second': 146.881, 'eval_steps_per_second': 9.792, 'epoch': 687.0}
{'loss': 0.4905, 'grad_norm': 1.0464502573013306, 'learning_rate': 1.5416666666666666e-07, 'epoch': 687.5}
{'eval_loss': 0.58790522813797, 'eval_f1': 0.3661971830985915, 'eval_runtime': 0.2347, 'eval_samples_per_second': 127.848, 'eval_steps_per_second': 8.523, 'epoch': 688.0}
{'eval_loss': 0.587914228439331, 'eval_f1': 0.3661971830985915, 'eval_runtime': 0.2267, 'eval_samples_per_second': 132.357, 'eval_steps_per_second': 8.824, 'epoch': 689.0}
{'eval_loss': 0.5878326892852783, 'eval_f1': 0.3661971830985915, 'eval_runtime': 0.2208, 'eval_samples_per_second': 135.89, 'eval_steps_per_second': 9.059, 'epoch': 690.0}
{'eval_loss': 0.5878143310546875, 'eval_f1': 0.3661971830985915, 'eval_runtime': 0.2164, 'eval_samples_per_second': 138.66, 'eval_steps_per_second': 9.244, 'epoch': 691.0}
{'eval_loss': 0.5878437757492065, 'eval_f1': 0.3661971830985915, 'eval_runtime': 0.2136, 'eval_samples_per_second': 140.437, 'eval_steps_per_second': 9.362, 'epoch': 692.0}
{'eval_loss': 0.5878908038139343, 'eval_f1': 0.3661971830985915, 'eval_runtime': 0.2155, 'eval_samples_per_second': 139.187, 'eval_steps_per_second': 9.279, 'epoch': 693.0}
{'eval_loss': 0.5880013108253479, 'eval_f1': 0.3661971830985915, 'eval_runtime': 0.2142, 'eval_samples_per_second': 140.061, 'eval_steps_per_second': 9.337, 'epoch': 694.0}
{'eval_loss': 0.5879914164543152, 'eval_f1': 0.3661971830985915, 'eval_runtime': 0.2132, 'eval_samples_per_second': 140.685, 'eval_steps_per_second': 9.379, 'epoch': 695.0}
{'eval_loss': 0.5879604816436768, 'eval_f1': 0.3661971830985915, 'eval_runtime': 0.2157, 'eval_samples_per_second': 139.057, 'eval_steps_per_second': 9.27, 'epoch': 696.0}
{'eval_loss': 0.5879288911819458, 'eval_f1': 0.3661971830985915, 'eval_runtime': 0.209, 'eval_samples_per_second': 143.513, 'eval_steps_per_second': 9.568, 'epoch': 697.0}
{'eval_loss': 0.5879127383232117, 'eval_f1': 0.3661971830985915, 'eval_runtime': 0.2061, 'eval_samples_per_second': 145.543, 'eval_steps_per_second': 9.703, 'epoch': 698.0}
{'eval_loss': 0.5878612995147705, 'eval_f1': 0.3661971830985915, 'eval_runtime': 0.2275, 'eval_samples_per_second': 131.849, 'eval_steps_per_second': 8.79, 'epoch': 699.0}
{'eval_loss': 0.5878283977508545, 'eval_f1': 0.3661971830985915, 'eval_runtime': 0.2108, 'eval_samples_per_second': 142.317, 'eval_steps_per_second': 9.488, 'epoch': 700.0}
{'eval_loss': 0.58778977394104, 'eval_f1': 0.3661971830985915, 'eval_runtime': 0.2137, 'eval_samples_per_second': 140.386, 'eval_steps_per_second': 9.359, 'epoch': 701.0}
{'eval_loss': 0.5877320170402527, 'eval_f1': 0.3661971830985915, 'eval_runtime': 0.2049, 'eval_samples_per_second': 146.42, 'eval_steps_per_second': 9.761, 'epoch': 702.0}
{'eval_loss': 0.5875946879386902, 'eval_f1': 0.3661971830985915, 'eval_runtime': 0.2142, 'eval_samples_per_second': 140.037, 'eval_steps_per_second': 9.336, 'epoch': 703.0}
{'eval_loss': 0.5874890089035034, 'eval_f1': 0.3661971830985915, 'eval_runtime': 0.2056, 'eval_samples_per_second': 145.91, 'eval_steps_per_second': 9.727, 'epoch': 704.0}
{'eval_loss': 0.5873978137969971, 'eval_f1': 0.36042402826855124, 'eval_runtime': 0.2068, 'eval_samples_per_second': 145.099, 'eval_steps_per_second': 9.673, 'epoch': 705.0}
{'eval_loss': 0.5873550176620483, 'eval_f1': 0.36749116607773846, 'eval_runtime': 0.2514, 'eval_samples_per_second': 119.35, 'eval_steps_per_second': 7.957, 'epoch': 706.0}
{'eval_loss': 0.5873631238937378, 'eval_f1': 0.36749116607773846, 'eval_runtime': 0.2056, 'eval_samples_per_second': 145.884, 'eval_steps_per_second': 9.726, 'epoch': 707.0}
{'eval_loss': 0.5874754190444946, 'eval_f1': 0.3661971830985915, 'eval_runtime': 0.2088, 'eval_samples_per_second': 143.677, 'eval_steps_per_second': 9.578, 'epoch': 708.0}
{'eval_loss': 0.587611973285675, 'eval_f1': 0.3661971830985915, 'eval_runtime': 0.2115, 'eval_samples_per_second': 141.872, 'eval_steps_per_second': 9.458, 'epoch': 709.0}
{'eval_loss': 0.5876453518867493, 'eval_f1': 0.3661971830985915, 'eval_runtime': 0.206, 'eval_samples_per_second': 145.6, 'eval_steps_per_second': 9.707, 'epoch': 710.0}
{'eval_loss': 0.5876758098602295, 'eval_f1': 0.3661971830985915, 'eval_runtime': 0.2038, 'eval_samples_per_second': 147.232, 'eval_steps_per_second': 9.815, 'epoch': 711.0}
{'eval_loss': 0.587726891040802, 'eval_f1': 0.3661971830985915, 'eval_runtime': 0.2068, 'eval_samples_per_second': 145.101, 'eval_steps_per_second': 9.673, 'epoch': 712.0}
{'eval_loss': 0.5876928567886353, 'eval_f1': 0.3661971830985915, 'eval_runtime': 0.2031, 'eval_samples_per_second': 147.707, 'eval_steps_per_second': 9.847, 'epoch': 713.0}
{'eval_loss': 0.5876509547233582, 'eval_f1': 0.3661971830985915, 'eval_runtime': 0.2386, 'eval_samples_per_second': 125.742, 'eval_steps_per_second': 8.383, 'epoch': 714.0}
{'eval_loss': 0.5876070261001587, 'eval_f1': 0.3661971830985915, 'eval_runtime': 0.2117, 'eval_samples_per_second': 141.741, 'eval_steps_per_second': 9.449, 'epoch': 715.0}
{'eval_loss': 0.5876429080963135, 'eval_f1': 0.3661971830985915, 'eval_runtime': 0.2134, 'eval_samples_per_second': 140.551, 'eval_steps_per_second': 9.37, 'epoch': 716.0}
{'eval_loss': 0.5876232385635376, 'eval_f1': 0.3661971830985915, 'eval_runtime': 0.2107, 'eval_samples_per_second': 142.358, 'eval_steps_per_second': 9.491, 'epoch': 717.0}
{'eval_loss': 0.5876680016517639, 'eval_f1': 0.3661971830985915, 'eval_runtime': 0.2114, 'eval_samples_per_second': 141.935, 'eval_steps_per_second': 9.462, 'epoch': 718.0}
{'eval_loss': 0.5876914858818054, 'eval_f1': 0.3661971830985915, 'eval_runtime': 0.2143, 'eval_samples_per_second': 139.99, 'eval_steps_per_second': 9.333, 'epoch': 719.0}
{'eval_loss': 0.5876626372337341, 'eval_f1': 0.3661971830985915, 'eval_runtime': 0.2136, 'eval_samples_per_second': 140.448, 'eval_steps_per_second': 9.363, 'epoch': 720.0}
{'eval_loss': 0.5876016616821289, 'eval_f1': 0.3661971830985915, 'eval_runtime': 0.2084, 'eval_samples_per_second': 143.955, 'eval_steps_per_second': 9.597, 'epoch': 721.0}
{'eval_loss': 0.5875959396362305, 'eval_f1': 0.3661971830985915, 'eval_runtime': 0.2077, 'eval_samples_per_second': 144.454, 'eval_steps_per_second': 9.63, 'epoch': 722.0}
{'eval_loss': 0.5876652002334595, 'eval_f1': 0.3661971830985915, 'eval_runtime': 0.2082, 'eval_samples_per_second': 144.086, 'eval_steps_per_second': 9.606, 'epoch': 723.0}
{'eval_loss': 0.5877204537391663, 'eval_f1': 0.3661971830985915, 'eval_runtime': 0.2112, 'eval_samples_per_second': 142.061, 'eval_steps_per_second': 9.471, 'epoch': 724.0}
{'eval_loss': 0.5877426266670227, 'eval_f1': 0.3661971830985915, 'eval_runtime': 0.2153, 'eval_samples_per_second': 139.322, 'eval_steps_per_second': 9.288, 'epoch': 725.0}
{'eval_loss': 0.587719202041626, 'eval_f1': 0.3661971830985915, 'eval_runtime': 0.216, 'eval_samples_per_second': 138.908, 'eval_steps_per_second': 9.261, 'epoch': 726.0}
{'eval_loss': 0.5876834988594055, 'eval_f1': 0.3719298245614035, 'eval_runtime': 0.2083, 'eval_samples_per_second': 144.049, 'eval_steps_per_second': 9.603, 'epoch': 727.0}
{'eval_loss': 0.5876017808914185, 'eval_f1': 0.3719298245614035, 'eval_runtime': 0.2079, 'eval_samples_per_second': 144.327, 'eval_steps_per_second': 9.622, 'epoch': 728.0}
{'eval_loss': 0.5875561833381653, 'eval_f1': 0.3706293706293706, 'eval_runtime': 0.2067, 'eval_samples_per_second': 145.148, 'eval_steps_per_second': 9.677, 'epoch': 729.0}
{'eval_loss': 0.587528645992279, 'eval_f1': 0.3706293706293706, 'eval_runtime': 0.2072, 'eval_samples_per_second': 144.772, 'eval_steps_per_second': 9.651, 'epoch': 730.0}
{'eval_loss': 0.5875465869903564, 'eval_f1': 0.3706293706293706, 'eval_runtime': 0.2123, 'eval_samples_per_second': 141.322, 'eval_steps_per_second': 9.421, 'epoch': 731.0}
{'eval_loss': 0.5875707864761353, 'eval_f1': 0.3706293706293706, 'eval_runtime': 0.2072, 'eval_samples_per_second': 144.814, 'eval_steps_per_second': 9.654, 'epoch': 732.0}
{'eval_loss': 0.5876209139823914, 'eval_f1': 0.3706293706293706, 'eval_runtime': 0.2071, 'eval_samples_per_second': 144.886, 'eval_steps_per_second': 9.659, 'epoch': 733.0}
{'eval_loss': 0.5877017974853516, 'eval_f1': 0.3719298245614035, 'eval_runtime': 0.2385, 'eval_samples_per_second': 125.788, 'eval_steps_per_second': 8.386, 'epoch': 734.0}
{'eval_loss': 0.5876399874687195, 'eval_f1': 0.3719298245614035, 'eval_runtime': 0.2097, 'eval_samples_per_second': 143.032, 'eval_steps_per_second': 9.535, 'epoch': 735.0}
{'eval_loss': 0.5876628756523132, 'eval_f1': 0.3719298245614035, 'eval_runtime': 0.229, 'eval_samples_per_second': 130.982, 'eval_steps_per_second': 8.732, 'epoch': 736.0}
{'eval_loss': 0.5876737236976624, 'eval_f1': 0.3719298245614035, 'eval_runtime': 0.2273, 'eval_samples_per_second': 131.965, 'eval_steps_per_second': 8.798, 'epoch': 737.0}
{'eval_loss': 0.587661623954773, 'eval_f1': 0.3719298245614035, 'eval_runtime': 0.2116, 'eval_samples_per_second': 141.761, 'eval_steps_per_second': 9.451, 'epoch': 738.0}
{'eval_loss': 0.5876509547233582, 'eval_f1': 0.3719298245614035, 'eval_runtime': 0.2171, 'eval_samples_per_second': 138.195, 'eval_steps_per_second': 9.213, 'epoch': 739.0}
{'eval_loss': 0.5876330733299255, 'eval_f1': 0.3719298245614035, 'eval_runtime': 0.2118, 'eval_samples_per_second': 141.62, 'eval_steps_per_second': 9.441, 'epoch': 740.0}
{'eval_loss': 0.5876147747039795, 'eval_f1': 0.3719298245614035, 'eval_runtime': 0.2101, 'eval_samples_per_second': 142.789, 'eval_steps_per_second': 9.519, 'epoch': 741.0}
{'eval_loss': 0.5875230431556702, 'eval_f1': 0.3719298245614035, 'eval_runtime': 0.2089, 'eval_samples_per_second': 143.605, 'eval_steps_per_second': 9.574, 'epoch': 742.0}
{'eval_loss': 0.5874636769294739, 'eval_f1': 0.3719298245614035, 'eval_runtime': 0.2036, 'eval_samples_per_second': 147.34, 'eval_steps_per_second': 9.823, 'epoch': 743.0}
{'eval_loss': 0.587380588054657, 'eval_f1': 0.3706293706293706, 'eval_runtime': 0.2144, 'eval_samples_per_second': 139.895, 'eval_steps_per_second': 9.326, 'epoch': 744.0}
{'eval_loss': 0.5873148441314697, 'eval_f1': 0.3706293706293706, 'eval_runtime': 0.1967, 'eval_samples_per_second': 152.515, 'eval_steps_per_second': 10.168, 'epoch': 745.0}
{'eval_loss': 0.5872934460639954, 'eval_f1': 0.3706293706293706, 'eval_runtime': 0.1971, 'eval_samples_per_second': 152.192, 'eval_steps_per_second': 10.146, 'epoch': 746.0}
{'eval_loss': 0.5873586535453796, 'eval_f1': 0.3706293706293706, 'eval_runtime': 0.1968, 'eval_samples_per_second': 152.466, 'eval_steps_per_second': 10.164, 'epoch': 747.0}
{'eval_loss': 0.5874146223068237, 'eval_f1': 0.3706293706293706, 'eval_runtime': 0.2046, 'eval_samples_per_second': 146.634, 'eval_steps_per_second': 9.776, 'epoch': 748.0}
{'eval_loss': 0.587478756904602, 'eval_f1': 0.3706293706293706, 'eval_runtime': 0.1975, 'eval_samples_per_second': 151.924, 'eval_steps_per_second': 10.128, 'epoch': 749.0}
{'loss': 0.4783, 'grad_norm': 1.3157421350479126, 'learning_rate': 1.5e-07, 'epoch': 750.0}
{'eval_loss': 0.5874569416046143, 'eval_f1': 0.3706293706293706, 'eval_runtime': 0.1982, 'eval_samples_per_second': 151.371, 'eval_steps_per_second': 10.091, 'epoch': 750.0}
{'eval_loss': 0.5874392986297607, 'eval_f1': 0.3706293706293706, 'eval_runtime': 0.1966, 'eval_samples_per_second': 152.566, 'eval_steps_per_second': 10.171, 'epoch': 751.0}
{'eval_loss': 0.5873807072639465, 'eval_f1': 0.3706293706293706, 'eval_runtime': 0.1973, 'eval_samples_per_second': 152.025, 'eval_steps_per_second': 10.135, 'epoch': 752.0}
{'eval_loss': 0.5873911380767822, 'eval_f1': 0.3719298245614035, 'eval_runtime': 0.2098, 'eval_samples_per_second': 142.976, 'eval_steps_per_second': 9.532, 'epoch': 753.0}
{'eval_loss': 0.5873135924339294, 'eval_f1': 0.3706293706293706, 'eval_runtime': 0.2108, 'eval_samples_per_second': 142.345, 'eval_steps_per_second': 9.49, 'epoch': 754.0}
{'eval_loss': 0.587237536907196, 'eval_f1': 0.37630662020905925, 'eval_runtime': 0.2119, 'eval_samples_per_second': 141.58, 'eval_steps_per_second': 9.439, 'epoch': 755.0}
{'eval_loss': 0.5871651768684387, 'eval_f1': 0.37630662020905925, 'eval_runtime': 0.2086, 'eval_samples_per_second': 143.791, 'eval_steps_per_second': 9.586, 'epoch': 756.0}
{'eval_loss': 0.5871325135231018, 'eval_f1': 0.37630662020905925, 'eval_runtime': 0.2186, 'eval_samples_per_second': 137.229, 'eval_steps_per_second': 9.149, 'epoch': 757.0}
{'eval_loss': 0.5871812105178833, 'eval_f1': 0.37630662020905925, 'eval_runtime': 0.2261, 'eval_samples_per_second': 132.697, 'eval_steps_per_second': 8.846, 'epoch': 758.0}
{'eval_loss': 0.5872586369514465, 'eval_f1': 0.3719298245614035, 'eval_runtime': 0.2066, 'eval_samples_per_second': 145.189, 'eval_steps_per_second': 9.679, 'epoch': 759.0}
{'eval_loss': 0.5873488187789917, 'eval_f1': 0.3693379790940767, 'eval_runtime': 0.2178, 'eval_samples_per_second': 137.75, 'eval_steps_per_second': 9.183, 'epoch': 760.0}
{'eval_loss': 0.5872964262962341, 'eval_f1': 0.3693379790940767, 'eval_runtime': 0.2093, 'eval_samples_per_second': 143.307, 'eval_steps_per_second': 9.554, 'epoch': 761.0}
{'eval_loss': 0.5872529745101929, 'eval_f1': 0.3636363636363636, 'eval_runtime': 0.2083, 'eval_samples_per_second': 144.016, 'eval_steps_per_second': 9.601, 'epoch': 762.0}
{'eval_loss': 0.5871829390525818, 'eval_f1': 0.35789473684210527, 'eval_runtime': 0.2079, 'eval_samples_per_second': 144.275, 'eval_steps_per_second': 9.618, 'epoch': 763.0}
{'eval_loss': 0.5871953964233398, 'eval_f1': 0.35789473684210527, 'eval_runtime': 0.2127, 'eval_samples_per_second': 141.052, 'eval_steps_per_second': 9.403, 'epoch': 764.0}
{'eval_loss': 0.5872011780738831, 'eval_f1': 0.35789473684210527, 'eval_runtime': 0.2084, 'eval_samples_per_second': 143.982, 'eval_steps_per_second': 9.599, 'epoch': 765.0}
{'eval_loss': 0.5872455835342407, 'eval_f1': 0.3636363636363636, 'eval_runtime': 0.2146, 'eval_samples_per_second': 139.817, 'eval_steps_per_second': 9.321, 'epoch': 766.0}
{'eval_loss': 0.5871983170509338, 'eval_f1': 0.3693379790940767, 'eval_runtime': 0.2069, 'eval_samples_per_second': 145.012, 'eval_steps_per_second': 9.667, 'epoch': 767.0}
{'eval_loss': 0.5871588587760925, 'eval_f1': 0.37499999999999994, 'eval_runtime': 0.2065, 'eval_samples_per_second': 145.283, 'eval_steps_per_second': 9.686, 'epoch': 768.0}
{'eval_loss': 0.5870689153671265, 'eval_f1': 0.3693379790940767, 'eval_runtime': 0.209, 'eval_samples_per_second': 143.543, 'eval_steps_per_second': 9.57, 'epoch': 769.0}
{'eval_loss': 0.5870439410209656, 'eval_f1': 0.37499999999999994, 'eval_runtime': 0.1861, 'eval_samples_per_second': 161.197, 'eval_steps_per_second': 10.746, 'epoch': 770.0}
{'eval_loss': 0.5870542526245117, 'eval_f1': 0.37499999999999994, 'eval_runtime': 0.1836, 'eval_samples_per_second': 163.379, 'eval_steps_per_second': 10.892, 'epoch': 771.0}
{'eval_loss': 0.5870361924171448, 'eval_f1': 0.37499999999999994, 'eval_runtime': 0.1831, 'eval_samples_per_second': 163.862, 'eval_steps_per_second': 10.924, 'epoch': 772.0}
{'eval_loss': 0.5870500802993774, 'eval_f1': 0.37762237762237766, 'eval_runtime': 0.1881, 'eval_samples_per_second': 159.451, 'eval_steps_per_second': 10.63, 'epoch': 773.0}
{'eval_loss': 0.5871164202690125, 'eval_f1': 0.37762237762237766, 'eval_runtime': 0.1955, 'eval_samples_per_second': 153.453, 'eval_steps_per_second': 10.23, 'epoch': 774.0}
{'eval_loss': 0.5872084498405457, 'eval_f1': 0.37762237762237766, 'eval_runtime': 0.1843, 'eval_samples_per_second': 162.74, 'eval_steps_per_second': 10.849, 'epoch': 775.0}
{'eval_loss': 0.5872069597244263, 'eval_f1': 0.3832752613240418, 'eval_runtime': 0.1857, 'eval_samples_per_second': 161.588, 'eval_steps_per_second': 10.773, 'epoch': 776.0}
{'eval_loss': 0.5872995853424072, 'eval_f1': 0.3819444444444445, 'eval_runtime': 0.1833, 'eval_samples_per_second': 163.664, 'eval_steps_per_second': 10.911, 'epoch': 777.0}
{'eval_loss': 0.5873157382011414, 'eval_f1': 0.37630662020905925, 'eval_runtime': 0.1829, 'eval_samples_per_second': 164.024, 'eval_steps_per_second': 10.935, 'epoch': 778.0}
{'eval_loss': 0.5872564911842346, 'eval_f1': 0.37499999999999994, 'eval_runtime': 0.1854, 'eval_samples_per_second': 161.853, 'eval_steps_per_second': 10.79, 'epoch': 779.0}
{'eval_loss': 0.5872641801834106, 'eval_f1': 0.37499999999999994, 'eval_runtime': 0.183, 'eval_samples_per_second': 163.946, 'eval_steps_per_second': 10.93, 'epoch': 780.0}
{'eval_loss': 0.5872278809547424, 'eval_f1': 0.3693379790940767, 'eval_runtime': 0.1832, 'eval_samples_per_second': 163.783, 'eval_steps_per_second': 10.919, 'epoch': 781.0}
{'eval_loss': 0.5871953964233398, 'eval_f1': 0.3693379790940767, 'eval_runtime': 0.1837, 'eval_samples_per_second': 163.289, 'eval_steps_per_second': 10.886, 'epoch': 782.0}
{'eval_loss': 0.587207019329071, 'eval_f1': 0.3693379790940767, 'eval_runtime': 0.2059, 'eval_samples_per_second': 145.71, 'eval_steps_per_second': 9.714, 'epoch': 783.0}
{'eval_loss': 0.5871850848197937, 'eval_f1': 0.3693379790940767, 'eval_runtime': 0.2072, 'eval_samples_per_second': 144.764, 'eval_steps_per_second': 9.651, 'epoch': 784.0}
{'eval_loss': 0.5871559977531433, 'eval_f1': 0.37499999999999994, 'eval_runtime': 0.2079, 'eval_samples_per_second': 144.333, 'eval_steps_per_second': 9.622, 'epoch': 785.0}
{'eval_loss': 0.5871918201446533, 'eval_f1': 0.37499999999999994, 'eval_runtime': 0.2072, 'eval_samples_per_second': 144.815, 'eval_steps_per_second': 9.654, 'epoch': 786.0}
{'eval_loss': 0.5872395634651184, 'eval_f1': 0.37499999999999994, 'eval_runtime': 0.2152, 'eval_samples_per_second': 139.412, 'eval_steps_per_second': 9.294, 'epoch': 787.0}
{'eval_loss': 0.5873627066612244, 'eval_f1': 0.3819444444444445, 'eval_runtime': 0.2059, 'eval_samples_per_second': 145.684, 'eval_steps_per_second': 9.712, 'epoch': 788.0}
{'eval_loss': 0.5874346494674683, 'eval_f1': 0.37630662020905925, 'eval_runtime': 0.2062, 'eval_samples_per_second': 145.5, 'eval_steps_per_second': 9.7, 'epoch': 789.0}
{'eval_loss': 0.5874118804931641, 'eval_f1': 0.37630662020905925, 'eval_runtime': 0.2061, 'eval_samples_per_second': 145.566, 'eval_steps_per_second': 9.704, 'epoch': 790.0}
{'eval_loss': 0.5873273015022278, 'eval_f1': 0.37630662020905925, 'eval_runtime': 0.2067, 'eval_samples_per_second': 145.108, 'eval_steps_per_second': 9.674, 'epoch': 791.0}
{'eval_loss': 0.5872579216957092, 'eval_f1': 0.3875432525951557, 'eval_runtime': 0.2131, 'eval_samples_per_second': 140.759, 'eval_steps_per_second': 9.384, 'epoch': 792.0}
{'eval_loss': 0.5872344970703125, 'eval_f1': 0.37499999999999994, 'eval_runtime': 0.1988, 'eval_samples_per_second': 150.93, 'eval_steps_per_second': 10.062, 'epoch': 793.0}
{'eval_loss': 0.5872478485107422, 'eval_f1': 0.37499999999999994, 'eval_runtime': 0.2211, 'eval_samples_per_second': 135.7, 'eval_steps_per_second': 9.047, 'epoch': 794.0}
{'eval_loss': 0.5872758030891418, 'eval_f1': 0.3706293706293706, 'eval_runtime': 0.1968, 'eval_samples_per_second': 152.439, 'eval_steps_per_second': 10.163, 'epoch': 795.0}
{'eval_loss': 0.5872018337249756, 'eval_f1': 0.37630662020905925, 'eval_runtime': 0.1992, 'eval_samples_per_second': 150.608, 'eval_steps_per_second': 10.041, 'epoch': 796.0}
{'eval_loss': 0.5871459245681763, 'eval_f1': 0.3819444444444445, 'eval_runtime': 0.2031, 'eval_samples_per_second': 147.692, 'eval_steps_per_second': 9.846, 'epoch': 797.0}
{'eval_loss': 0.5870600938796997, 'eval_f1': 0.3875432525951557, 'eval_runtime': 0.2313, 'eval_samples_per_second': 129.724, 'eval_steps_per_second': 8.648, 'epoch': 798.0}
{'eval_loss': 0.5869823098182678, 'eval_f1': 0.3806228373702423, 'eval_runtime': 0.2275, 'eval_samples_per_second': 131.878, 'eval_steps_per_second': 8.792, 'epoch': 799.0}
{'eval_loss': 0.5868434906005859, 'eval_f1': 0.38620689655172413, 'eval_runtime': 0.2139, 'eval_samples_per_second': 140.222, 'eval_steps_per_second': 9.348, 'epoch': 800.0}
{'eval_loss': 0.5868100523948669, 'eval_f1': 0.38620689655172413, 'eval_runtime': 0.2127, 'eval_samples_per_second': 141.044, 'eval_steps_per_second': 9.403, 'epoch': 801.0}
{'eval_loss': 0.5868194699287415, 'eval_f1': 0.38620689655172413, 'eval_runtime': 0.212, 'eval_samples_per_second': 141.514, 'eval_steps_per_second': 9.434, 'epoch': 802.0}
{'eval_loss': 0.5868210196495056, 'eval_f1': 0.38620689655172413, 'eval_runtime': 0.2338, 'eval_samples_per_second': 128.289, 'eval_steps_per_second': 8.553, 'epoch': 803.0}
{'eval_loss': 0.5868387222290039, 'eval_f1': 0.3806228373702423, 'eval_runtime': 0.2188, 'eval_samples_per_second': 137.141, 'eval_steps_per_second': 9.143, 'epoch': 804.0}
{'eval_loss': 0.5868825316429138, 'eval_f1': 0.37931034482758624, 'eval_runtime': 0.2193, 'eval_samples_per_second': 136.823, 'eval_steps_per_second': 9.122, 'epoch': 805.0}
{'eval_loss': 0.5868620276451111, 'eval_f1': 0.37931034482758624, 'eval_runtime': 0.2219, 'eval_samples_per_second': 135.192, 'eval_steps_per_second': 9.013, 'epoch': 806.0}
{'eval_loss': 0.586857259273529, 'eval_f1': 0.3806228373702423, 'eval_runtime': 0.2154, 'eval_samples_per_second': 139.256, 'eval_steps_per_second': 9.284, 'epoch': 807.0}
{'eval_loss': 0.5868785381317139, 'eval_f1': 0.3819444444444445, 'eval_runtime': 0.2203, 'eval_samples_per_second': 136.198, 'eval_steps_per_second': 9.08, 'epoch': 808.0}
{'eval_loss': 0.5868663787841797, 'eval_f1': 0.3819444444444445, 'eval_runtime': 0.2095, 'eval_samples_per_second': 143.206, 'eval_steps_per_second': 9.547, 'epoch': 809.0}
{'eval_loss': 0.5869119763374329, 'eval_f1': 0.3806228373702423, 'eval_runtime': 0.2072, 'eval_samples_per_second': 144.821, 'eval_steps_per_second': 9.655, 'epoch': 810.0}
{'eval_loss': 0.5868642330169678, 'eval_f1': 0.37931034482758624, 'eval_runtime': 0.2423, 'eval_samples_per_second': 123.794, 'eval_steps_per_second': 8.253, 'epoch': 811.0}
{'eval_loss': 0.586765706539154, 'eval_f1': 0.3848797250859106, 'eval_runtime': 0.2087, 'eval_samples_per_second': 143.743, 'eval_steps_per_second': 9.583, 'epoch': 812.0}
{'loss': 0.4677, 'grad_norm': 0.9294207096099854, 'learning_rate': 1.4583333333333332e-07, 'epoch': 812.5}
{'eval_loss': 0.5866926908493042, 'eval_f1': 0.37931034482758624, 'eval_runtime': 0.216, 'eval_samples_per_second': 138.92, 'eval_steps_per_second': 9.261, 'epoch': 813.0}
{'eval_loss': 0.5866873860359192, 'eval_f1': 0.37931034482758624, 'eval_runtime': 0.207, 'eval_samples_per_second': 144.907, 'eval_steps_per_second': 9.66, 'epoch': 814.0}
{'eval_loss': 0.5865827798843384, 'eval_f1': 0.37931034482758624, 'eval_runtime': 0.2074, 'eval_samples_per_second': 144.668, 'eval_steps_per_second': 9.645, 'epoch': 815.0}
{'eval_loss': 0.5865001082420349, 'eval_f1': 0.3806228373702423, 'eval_runtime': 0.2073, 'eval_samples_per_second': 144.74, 'eval_steps_per_second': 9.649, 'epoch': 816.0}
{'eval_loss': 0.5864101648330688, 'eval_f1': 0.3806228373702423, 'eval_runtime': 0.2086, 'eval_samples_per_second': 143.786, 'eval_steps_per_second': 9.586, 'epoch': 817.0}
{'eval_loss': 0.586405336856842, 'eval_f1': 0.3806228373702423, 'eval_runtime': 0.2252, 'eval_samples_per_second': 133.242, 'eval_steps_per_second': 8.883, 'epoch': 818.0}
{'eval_loss': 0.586490273475647, 'eval_f1': 0.37931034482758624, 'eval_runtime': 0.2141, 'eval_samples_per_second': 140.117, 'eval_steps_per_second': 9.341, 'epoch': 819.0}
{'eval_loss': 0.5865741968154907, 'eval_f1': 0.37931034482758624, 'eval_runtime': 0.2431, 'eval_samples_per_second': 123.404, 'eval_steps_per_second': 8.227, 'epoch': 820.0}
{'eval_loss': 0.586760401725769, 'eval_f1': 0.37931034482758624, 'eval_runtime': 0.2143, 'eval_samples_per_second': 139.959, 'eval_steps_per_second': 9.331, 'epoch': 821.0}
{'eval_loss': 0.586800217628479, 'eval_f1': 0.37931034482758624, 'eval_runtime': 0.2154, 'eval_samples_per_second': 139.27, 'eval_steps_per_second': 9.285, 'epoch': 822.0}
{'eval_loss': 0.5868534445762634, 'eval_f1': 0.37931034482758624, 'eval_runtime': 0.2028, 'eval_samples_per_second': 147.949, 'eval_steps_per_second': 9.863, 'epoch': 823.0}
{'eval_loss': 0.5869261622428894, 'eval_f1': 0.37931034482758624, 'eval_runtime': 0.2023, 'eval_samples_per_second': 148.299, 'eval_steps_per_second': 9.887, 'epoch': 824.0}
{'eval_loss': 0.5869371891021729, 'eval_f1': 0.37931034482758624, 'eval_runtime': 0.2166, 'eval_samples_per_second': 138.508, 'eval_steps_per_second': 9.234, 'epoch': 825.0}
{'eval_loss': 0.5869693756103516, 'eval_f1': 0.37931034482758624, 'eval_runtime': 0.2119, 'eval_samples_per_second': 141.606, 'eval_steps_per_second': 9.44, 'epoch': 826.0}
{'eval_loss': 0.5869466066360474, 'eval_f1': 0.37931034482758624, 'eval_runtime': 0.2101, 'eval_samples_per_second': 142.81, 'eval_steps_per_second': 9.521, 'epoch': 827.0}
{'eval_loss': 0.5869445204734802, 'eval_f1': 0.37931034482758624, 'eval_runtime': 0.2144, 'eval_samples_per_second': 139.908, 'eval_steps_per_second': 9.327, 'epoch': 828.0}
{'eval_loss': 0.5869870781898499, 'eval_f1': 0.37931034482758624, 'eval_runtime': 0.232, 'eval_samples_per_second': 129.288, 'eval_steps_per_second': 8.619, 'epoch': 829.0}
{'eval_loss': 0.5870004296302795, 'eval_f1': 0.37931034482758624, 'eval_runtime': 0.204, 'eval_samples_per_second': 147.092, 'eval_steps_per_second': 9.806, 'epoch': 830.0}
{'eval_loss': 0.5871062874794006, 'eval_f1': 0.37931034482758624, 'eval_runtime': 0.209, 'eval_samples_per_second': 143.536, 'eval_steps_per_second': 9.569, 'epoch': 831.0}
{'eval_loss': 0.5872018337249756, 'eval_f1': 0.37931034482758624, 'eval_runtime': 0.2085, 'eval_samples_per_second': 143.909, 'eval_steps_per_second': 9.594, 'epoch': 832.0}
{'eval_loss': 0.5871286392211914, 'eval_f1': 0.37931034482758624, 'eval_runtime': 0.21, 'eval_samples_per_second': 142.878, 'eval_steps_per_second': 9.525, 'epoch': 833.0}
{'eval_loss': 0.587105393409729, 'eval_f1': 0.37931034482758624, 'eval_runtime': 0.2145, 'eval_samples_per_second': 139.879, 'eval_steps_per_second': 9.325, 'epoch': 834.0}
{'eval_loss': 0.5870577692985535, 'eval_f1': 0.37931034482758624, 'eval_runtime': 0.2388, 'eval_samples_per_second': 125.616, 'eval_steps_per_second': 8.374, 'epoch': 835.0}
{'eval_loss': 0.5870920419692993, 'eval_f1': 0.37931034482758624, 'eval_runtime': 0.2323, 'eval_samples_per_second': 129.12, 'eval_steps_per_second': 8.608, 'epoch': 836.0}
{'eval_loss': 0.587114691734314, 'eval_f1': 0.37931034482758624, 'eval_runtime': 0.2338, 'eval_samples_per_second': 128.292, 'eval_steps_per_second': 8.553, 'epoch': 837.0}
{'eval_loss': 0.5870538353919983, 'eval_f1': 0.37931034482758624, 'eval_runtime': 0.2381, 'eval_samples_per_second': 125.973, 'eval_steps_per_second': 8.398, 'epoch': 838.0}
{'eval_loss': 0.5869020223617554, 'eval_f1': 0.3737024221453288, 'eval_runtime': 0.2171, 'eval_samples_per_second': 138.16, 'eval_steps_per_second': 9.211, 'epoch': 839.0}
{'eval_loss': 0.5868433713912964, 'eval_f1': 0.3737024221453288, 'eval_runtime': 0.2049, 'eval_samples_per_second': 146.397, 'eval_steps_per_second': 9.76, 'epoch': 840.0}
{'eval_loss': 0.5867334008216858, 'eval_f1': 0.3737024221453288, 'eval_runtime': 0.2223, 'eval_samples_per_second': 134.973, 'eval_steps_per_second': 8.998, 'epoch': 841.0}
{'eval_loss': 0.5867276787757874, 'eval_f1': 0.3737024221453288, 'eval_runtime': 0.2309, 'eval_samples_per_second': 129.92, 'eval_steps_per_second': 8.661, 'epoch': 842.0}
{'eval_loss': 0.586665689945221, 'eval_f1': 0.3737024221453288, 'eval_runtime': 0.2131, 'eval_samples_per_second': 140.788, 'eval_steps_per_second': 9.386, 'epoch': 843.0}
{'eval_loss': 0.586618959903717, 'eval_f1': 0.3737024221453288, 'eval_runtime': 0.2183, 'eval_samples_per_second': 137.436, 'eval_steps_per_second': 9.162, 'epoch': 844.0}
{'eval_loss': 0.5865775942802429, 'eval_f1': 0.3737024221453288, 'eval_runtime': 0.2106, 'eval_samples_per_second': 142.435, 'eval_steps_per_second': 9.496, 'epoch': 845.0}
{'eval_loss': 0.5866087079048157, 'eval_f1': 0.3737024221453288, 'eval_runtime': 0.2262, 'eval_samples_per_second': 132.618, 'eval_steps_per_second': 8.841, 'epoch': 846.0}
{'eval_loss': 0.5866831541061401, 'eval_f1': 0.3737024221453288, 'eval_runtime': 0.2099, 'eval_samples_per_second': 142.942, 'eval_steps_per_second': 9.529, 'epoch': 847.0}
{'eval_loss': 0.586769163608551, 'eval_f1': 0.3737024221453288, 'eval_runtime': 0.236, 'eval_samples_per_second': 127.122, 'eval_steps_per_second': 8.475, 'epoch': 848.0}
{'eval_loss': 0.5868292450904846, 'eval_f1': 0.37931034482758624, 'eval_runtime': 0.216, 'eval_samples_per_second': 138.905, 'eval_steps_per_second': 9.26, 'epoch': 849.0}
{'eval_loss': 0.5868315100669861, 'eval_f1': 0.37931034482758624, 'eval_runtime': 0.2127, 'eval_samples_per_second': 141.039, 'eval_steps_per_second': 9.403, 'epoch': 850.0}
{'eval_loss': 0.5868086218833923, 'eval_f1': 0.37931034482758624, 'eval_runtime': 0.2097, 'eval_samples_per_second': 143.067, 'eval_steps_per_second': 9.538, 'epoch': 851.0}
{'eval_loss': 0.586709201335907, 'eval_f1': 0.37931034482758624, 'eval_runtime': 0.2127, 'eval_samples_per_second': 141.074, 'eval_steps_per_second': 9.405, 'epoch': 852.0}
{'eval_loss': 0.5865809321403503, 'eval_f1': 0.3737024221453288, 'eval_runtime': 0.2113, 'eval_samples_per_second': 141.987, 'eval_steps_per_second': 9.466, 'epoch': 853.0}
{'eval_loss': 0.5864679217338562, 'eval_f1': 0.37499999999999994, 'eval_runtime': 0.2194, 'eval_samples_per_second': 136.764, 'eval_steps_per_second': 9.118, 'epoch': 854.0}
{'eval_loss': 0.5864810347557068, 'eval_f1': 0.3806228373702423, 'eval_runtime': 0.2108, 'eval_samples_per_second': 142.336, 'eval_steps_per_second': 9.489, 'epoch': 855.0}
{'eval_loss': 0.5864952802658081, 'eval_f1': 0.37931034482758624, 'eval_runtime': 0.2144, 'eval_samples_per_second': 139.907, 'eval_steps_per_second': 9.327, 'epoch': 856.0}
{'eval_loss': 0.586520254611969, 'eval_f1': 0.3737024221453288, 'eval_runtime': 0.2084, 'eval_samples_per_second': 143.922, 'eval_steps_per_second': 9.595, 'epoch': 857.0}
{'eval_loss': 0.5865862369537354, 'eval_f1': 0.37931034482758624, 'eval_runtime': 0.2101, 'eval_samples_per_second': 142.815, 'eval_steps_per_second': 9.521, 'epoch': 858.0}
{'eval_loss': 0.5865938067436218, 'eval_f1': 0.3737024221453288, 'eval_runtime': 0.226, 'eval_samples_per_second': 132.751, 'eval_steps_per_second': 8.85, 'epoch': 859.0}
{'eval_loss': 0.5866153836250305, 'eval_f1': 0.37931034482758624, 'eval_runtime': 0.2198, 'eval_samples_per_second': 136.477, 'eval_steps_per_second': 9.098, 'epoch': 860.0}
{'eval_loss': 0.5867107510566711, 'eval_f1': 0.37931034482758624, 'eval_runtime': 0.2362, 'eval_samples_per_second': 127.021, 'eval_steps_per_second': 8.468, 'epoch': 861.0}
{'eval_loss': 0.5867698788642883, 'eval_f1': 0.37931034482758624, 'eval_runtime': 0.2086, 'eval_samples_per_second': 143.848, 'eval_steps_per_second': 9.59, 'epoch': 862.0}
{'eval_loss': 0.5866788625717163, 'eval_f1': 0.37931034482758624, 'eval_runtime': 0.2103, 'eval_samples_per_second': 142.65, 'eval_steps_per_second': 9.51, 'epoch': 863.0}
{'eval_loss': 0.58661288022995, 'eval_f1': 0.37931034482758624, 'eval_runtime': 0.2089, 'eval_samples_per_second': 143.633, 'eval_steps_per_second': 9.576, 'epoch': 864.0}
{'eval_loss': 0.5865789651870728, 'eval_f1': 0.3806228373702423, 'eval_runtime': 0.2087, 'eval_samples_per_second': 143.73, 'eval_steps_per_second': 9.582, 'epoch': 865.0}
{'eval_loss': 0.5865458846092224, 'eval_f1': 0.3806228373702423, 'eval_runtime': 0.234, 'eval_samples_per_second': 128.219, 'eval_steps_per_second': 8.548, 'epoch': 866.0}
{'eval_loss': 0.5865567326545715, 'eval_f1': 0.3806228373702423, 'eval_runtime': 0.2143, 'eval_samples_per_second': 139.981, 'eval_steps_per_second': 9.332, 'epoch': 867.0}
{'eval_loss': 0.5866859555244446, 'eval_f1': 0.3806228373702423, 'eval_runtime': 0.2202, 'eval_samples_per_second': 136.252, 'eval_steps_per_second': 9.083, 'epoch': 868.0}
{'eval_loss': 0.5867418050765991, 'eval_f1': 0.3806228373702423, 'eval_runtime': 0.2248, 'eval_samples_per_second': 133.471, 'eval_steps_per_second': 8.898, 'epoch': 869.0}
{'eval_loss': 0.5867007970809937, 'eval_f1': 0.3806228373702423, 'eval_runtime': 0.2262, 'eval_samples_per_second': 132.618, 'eval_steps_per_second': 8.841, 'epoch': 870.0}
{'eval_loss': 0.5866389870643616, 'eval_f1': 0.37931034482758624, 'eval_runtime': 0.2144, 'eval_samples_per_second': 139.934, 'eval_steps_per_second': 9.329, 'epoch': 871.0}
{'eval_loss': 0.5866325497627258, 'eval_f1': 0.37931034482758624, 'eval_runtime': 0.2155, 'eval_samples_per_second': 139.179, 'eval_steps_per_second': 9.279, 'epoch': 872.0}
{'eval_loss': 0.5866628289222717, 'eval_f1': 0.3806228373702423, 'eval_runtime': 0.2135, 'eval_samples_per_second': 140.494, 'eval_steps_per_second': 9.366, 'epoch': 873.0}
{'eval_loss': 0.5867922306060791, 'eval_f1': 0.3806228373702423, 'eval_runtime': 0.2126, 'eval_samples_per_second': 141.125, 'eval_steps_per_second': 9.408, 'epoch': 874.0}
{'loss': 0.4572, 'grad_norm': 1.5200635194778442, 'learning_rate': 1.4166666666666668e-07, 'epoch': 875.0}
{'eval_loss': 0.5868284702301025, 'eval_f1': 0.3806228373702423, 'eval_runtime': 0.2177, 'eval_samples_per_second': 137.791, 'eval_steps_per_second': 9.186, 'epoch': 875.0}
{'eval_loss': 0.5867545008659363, 'eval_f1': 0.3806228373702423, 'eval_runtime': 0.2236, 'eval_samples_per_second': 134.164, 'eval_steps_per_second': 8.944, 'epoch': 876.0}
{'eval_loss': 0.5866686701774597, 'eval_f1': 0.3806228373702423, 'eval_runtime': 0.2112, 'eval_samples_per_second': 142.017, 'eval_steps_per_second': 9.468, 'epoch': 877.0}
{'eval_loss': 0.5865604877471924, 'eval_f1': 0.37499999999999994, 'eval_runtime': 0.2175, 'eval_samples_per_second': 137.944, 'eval_steps_per_second': 9.196, 'epoch': 878.0}
{'eval_loss': 0.5865142345428467, 'eval_f1': 0.37499999999999994, 'eval_runtime': 0.2146, 'eval_samples_per_second': 139.817, 'eval_steps_per_second': 9.321, 'epoch': 879.0}
{'eval_loss': 0.5863902568817139, 'eval_f1': 0.37499999999999994, 'eval_runtime': 0.2166, 'eval_samples_per_second': 138.508, 'eval_steps_per_second': 9.234, 'epoch': 880.0}
{'eval_loss': 0.5862626433372498, 'eval_f1': 0.37499999999999994, 'eval_runtime': 0.2142, 'eval_samples_per_second': 140.055, 'eval_steps_per_second': 9.337, 'epoch': 881.0}
{'eval_loss': 0.5862236022949219, 'eval_f1': 0.37499999999999994, 'eval_runtime': 0.2224, 'eval_samples_per_second': 134.903, 'eval_steps_per_second': 8.994, 'epoch': 882.0}
{'eval_loss': 0.5862799882888794, 'eval_f1': 0.3737024221453288, 'eval_runtime': 0.2144, 'eval_samples_per_second': 139.914, 'eval_steps_per_second': 9.328, 'epoch': 883.0}
{'eval_loss': 0.5863857865333557, 'eval_f1': 0.37499999999999994, 'eval_runtime': 0.2138, 'eval_samples_per_second': 140.349, 'eval_steps_per_second': 9.357, 'epoch': 884.0}
{'eval_loss': 0.5865487456321716, 'eval_f1': 0.3737024221453288, 'eval_runtime': 0.2134, 'eval_samples_per_second': 140.597, 'eval_steps_per_second': 9.373, 'epoch': 885.0}
{'eval_loss': 0.5865366458892822, 'eval_f1': 0.3724137931034483, 'eval_runtime': 0.2142, 'eval_samples_per_second': 140.072, 'eval_steps_per_second': 9.338, 'epoch': 886.0}
{'eval_loss': 0.586476743221283, 'eval_f1': 0.3737024221453288, 'eval_runtime': 0.2144, 'eval_samples_per_second': 139.93, 'eval_steps_per_second': 9.329, 'epoch': 887.0}
{'eval_loss': 0.5865042209625244, 'eval_f1': 0.3724137931034483, 'eval_runtime': 0.2146, 'eval_samples_per_second': 139.763, 'eval_steps_per_second': 9.318, 'epoch': 888.0}
{'eval_loss': 0.5864969491958618, 'eval_f1': 0.37800687285223367, 'eval_runtime': 0.2143, 'eval_samples_per_second': 140.01, 'eval_steps_per_second': 9.334, 'epoch': 889.0}
{'eval_loss': 0.5864803791046143, 'eval_f1': 0.37800687285223367, 'eval_runtime': 0.2143, 'eval_samples_per_second': 140.003, 'eval_steps_per_second': 9.334, 'epoch': 890.0}
{'eval_loss': 0.5864301323890686, 'eval_f1': 0.37800687285223367, 'eval_runtime': 0.217, 'eval_samples_per_second': 138.238, 'eval_steps_per_second': 9.216, 'epoch': 891.0}
{'eval_loss': 0.5864846706390381, 'eval_f1': 0.37800687285223367, 'eval_runtime': 0.2141, 'eval_samples_per_second': 140.09, 'eval_steps_per_second': 9.339, 'epoch': 892.0}
{'eval_loss': 0.5865725874900818, 'eval_f1': 0.37800687285223367, 'eval_runtime': 0.2154, 'eval_samples_per_second': 139.289, 'eval_steps_per_second': 9.286, 'epoch': 893.0}
{'eval_loss': 0.5866401195526123, 'eval_f1': 0.3724137931034483, 'eval_runtime': 0.2189, 'eval_samples_per_second': 137.053, 'eval_steps_per_second': 9.137, 'epoch': 894.0}
{'eval_loss': 0.586711049079895, 'eval_f1': 0.3724137931034483, 'eval_runtime': 0.2141, 'eval_samples_per_second': 140.141, 'eval_steps_per_second': 9.343, 'epoch': 895.0}
{'eval_loss': 0.5867547988891602, 'eval_f1': 0.3724137931034483, 'eval_runtime': 0.2244, 'eval_samples_per_second': 133.674, 'eval_steps_per_second': 8.912, 'epoch': 896.0}
{'eval_loss': 0.5866957902908325, 'eval_f1': 0.37800687285223367, 'eval_runtime': 0.2161, 'eval_samples_per_second': 138.82, 'eval_steps_per_second': 9.255, 'epoch': 897.0}
{'eval_loss': 0.5866199135780334, 'eval_f1': 0.37800687285223367, 'eval_runtime': 0.2156, 'eval_samples_per_second': 139.175, 'eval_steps_per_second': 9.278, 'epoch': 898.0}
{'eval_loss': 0.5866186022758484, 'eval_f1': 0.37800687285223367, 'eval_runtime': 0.2144, 'eval_samples_per_second': 139.918, 'eval_steps_per_second': 9.328, 'epoch': 899.0}
{'eval_loss': 0.5866429805755615, 'eval_f1': 0.37800687285223367, 'eval_runtime': 0.2218, 'eval_samples_per_second': 135.26, 'eval_steps_per_second': 9.017, 'epoch': 900.0}
{'eval_loss': 0.5866504907608032, 'eval_f1': 0.37800687285223367, 'eval_runtime': 0.2137, 'eval_samples_per_second': 140.394, 'eval_steps_per_second': 9.36, 'epoch': 901.0}
{'eval_loss': 0.5866488218307495, 'eval_f1': 0.37800687285223367, 'eval_runtime': 0.212, 'eval_samples_per_second': 141.492, 'eval_steps_per_second': 9.433, 'epoch': 902.0}
{'eval_loss': 0.5867297053337097, 'eval_f1': 0.37800687285223367, 'eval_runtime': 0.2128, 'eval_samples_per_second': 140.977, 'eval_steps_per_second': 9.398, 'epoch': 903.0}
{'eval_loss': 0.5868561267852783, 'eval_f1': 0.3835616438356164, 'eval_runtime': 0.2051, 'eval_samples_per_second': 146.298, 'eval_steps_per_second': 9.753, 'epoch': 904.0}
{'eval_loss': 0.5868725180625916, 'eval_f1': 0.3835616438356164, 'eval_runtime': 0.2079, 'eval_samples_per_second': 144.273, 'eval_steps_per_second': 9.618, 'epoch': 905.0}
{'eval_loss': 0.5868371725082397, 'eval_f1': 0.3835616438356164, 'eval_runtime': 0.2058, 'eval_samples_per_second': 145.767, 'eval_steps_per_second': 9.718, 'epoch': 906.0}
{'eval_loss': 0.5867435336112976, 'eval_f1': 0.3835616438356164, 'eval_runtime': 0.2082, 'eval_samples_per_second': 144.061, 'eval_steps_per_second': 9.604, 'epoch': 907.0}
{'eval_loss': 0.5866420269012451, 'eval_f1': 0.3822525597269625, 'eval_runtime': 0.2076, 'eval_samples_per_second': 144.499, 'eval_steps_per_second': 9.633, 'epoch': 908.0}
{'eval_loss': 0.586633563041687, 'eval_f1': 0.3822525597269625, 'eval_runtime': 0.2134, 'eval_samples_per_second': 140.598, 'eval_steps_per_second': 9.373, 'epoch': 909.0}
{'eval_loss': 0.586595892906189, 'eval_f1': 0.3835616438356164, 'eval_runtime': 0.2149, 'eval_samples_per_second': 139.588, 'eval_steps_per_second': 9.306, 'epoch': 910.0}
{'eval_loss': 0.5866010785102844, 'eval_f1': 0.3835616438356164, 'eval_runtime': 0.2117, 'eval_samples_per_second': 141.709, 'eval_steps_per_second': 9.447, 'epoch': 911.0}
{'eval_loss': 0.5865967273712158, 'eval_f1': 0.37800687285223367, 'eval_runtime': 0.2355, 'eval_samples_per_second': 127.374, 'eval_steps_per_second': 8.492, 'epoch': 912.0}
{'eval_loss': 0.5865630507469177, 'eval_f1': 0.37800687285223367, 'eval_runtime': 0.2261, 'eval_samples_per_second': 132.668, 'eval_steps_per_second': 8.845, 'epoch': 913.0}
{'eval_loss': 0.586516797542572, 'eval_f1': 0.37800687285223367, 'eval_runtime': 0.2192, 'eval_samples_per_second': 136.832, 'eval_steps_per_second': 9.122, 'epoch': 914.0}
{'eval_loss': 0.5864729285240173, 'eval_f1': 0.37800687285223367, 'eval_runtime': 0.2114, 'eval_samples_per_second': 141.907, 'eval_steps_per_second': 9.46, 'epoch': 915.0}
{'eval_loss': 0.586448609828949, 'eval_f1': 0.37800687285223367, 'eval_runtime': 0.213, 'eval_samples_per_second': 140.835, 'eval_steps_per_second': 9.389, 'epoch': 916.0}
{'eval_loss': 0.5865139365196228, 'eval_f1': 0.37800687285223367, 'eval_runtime': 0.2154, 'eval_samples_per_second': 139.298, 'eval_steps_per_second': 9.287, 'epoch': 917.0}
{'eval_loss': 0.5865142345428467, 'eval_f1': 0.37800687285223367, 'eval_runtime': 0.2123, 'eval_samples_per_second': 141.313, 'eval_steps_per_second': 9.421, 'epoch': 918.0}
{'eval_loss': 0.5865350961685181, 'eval_f1': 0.37800687285223367, 'eval_runtime': 0.2131, 'eval_samples_per_second': 140.802, 'eval_steps_per_second': 9.387, 'epoch': 919.0}
{'eval_loss': 0.5865896940231323, 'eval_f1': 0.3835616438356164, 'eval_runtime': 0.21, 'eval_samples_per_second': 142.849, 'eval_steps_per_second': 9.523, 'epoch': 920.0}
{'eval_loss': 0.5865533947944641, 'eval_f1': 0.37800687285223367, 'eval_runtime': 0.2062, 'eval_samples_per_second': 145.463, 'eval_steps_per_second': 9.698, 'epoch': 921.0}
{'eval_loss': 0.5864809155464172, 'eval_f1': 0.37800687285223367, 'eval_runtime': 0.2003, 'eval_samples_per_second': 149.778, 'eval_steps_per_second': 9.985, 'epoch': 922.0}
{'eval_loss': 0.5863829851150513, 'eval_f1': 0.37800687285223367, 'eval_runtime': 0.2122, 'eval_samples_per_second': 141.375, 'eval_steps_per_second': 9.425, 'epoch': 923.0}
{'eval_loss': 0.5863749980926514, 'eval_f1': 0.37800687285223367, 'eval_runtime': 0.2129, 'eval_samples_per_second': 140.94, 'eval_steps_per_second': 9.396, 'epoch': 924.0}
{'eval_loss': 0.5864170789718628, 'eval_f1': 0.37800687285223367, 'eval_runtime': 0.2225, 'eval_samples_per_second': 134.841, 'eval_steps_per_second': 8.989, 'epoch': 925.0}
{'eval_loss': 0.5864801406860352, 'eval_f1': 0.37800687285223367, 'eval_runtime': 0.2123, 'eval_samples_per_second': 141.309, 'eval_steps_per_second': 9.421, 'epoch': 926.0}
{'eval_loss': 0.586534857749939, 'eval_f1': 0.37800687285223367, 'eval_runtime': 0.2097, 'eval_samples_per_second': 143.052, 'eval_steps_per_second': 9.537, 'epoch': 927.0}
{'eval_loss': 0.5866662263870239, 'eval_f1': 0.3835616438356164, 'eval_runtime': 0.2132, 'eval_samples_per_second': 140.692, 'eval_steps_per_second': 9.379, 'epoch': 928.0}
{'eval_loss': 0.586755633354187, 'eval_f1': 0.3848797250859106, 'eval_runtime': 0.2145, 'eval_samples_per_second': 139.869, 'eval_steps_per_second': 9.325, 'epoch': 929.0}
{'eval_loss': 0.5868139266967773, 'eval_f1': 0.3848797250859106, 'eval_runtime': 0.2171, 'eval_samples_per_second': 138.205, 'eval_steps_per_second': 9.214, 'epoch': 930.0}
{'eval_loss': 0.5867447257041931, 'eval_f1': 0.3848797250859106, 'eval_runtime': 0.2138, 'eval_samples_per_second': 140.314, 'eval_steps_per_second': 9.354, 'epoch': 931.0}
{'eval_loss': 0.5866454243659973, 'eval_f1': 0.37800687285223367, 'eval_runtime': 0.2135, 'eval_samples_per_second': 140.495, 'eval_steps_per_second': 9.366, 'epoch': 932.0}
{'eval_loss': 0.5866091847419739, 'eval_f1': 0.37800687285223367, 'eval_runtime': 0.2129, 'eval_samples_per_second': 140.9, 'eval_steps_per_second': 9.393, 'epoch': 933.0}
{'eval_loss': 0.586564838886261, 'eval_f1': 0.37800687285223367, 'eval_runtime': 0.2146, 'eval_samples_per_second': 139.796, 'eval_steps_per_second': 9.32, 'epoch': 934.0}
{'eval_loss': 0.5865157842636108, 'eval_f1': 0.37800687285223367, 'eval_runtime': 0.2134, 'eval_samples_per_second': 140.549, 'eval_steps_per_second': 9.37, 'epoch': 935.0}
{'eval_loss': 0.5864668488502502, 'eval_f1': 0.37800687285223367, 'eval_runtime': 0.224, 'eval_samples_per_second': 133.921, 'eval_steps_per_second': 8.928, 'epoch': 936.0}
{'eval_loss': 0.5864589810371399, 'eval_f1': 0.37800687285223367, 'eval_runtime': 0.2185, 'eval_samples_per_second': 137.297, 'eval_steps_per_second': 9.153, 'epoch': 937.0}
{'loss': 0.4476, 'grad_norm': 0.979063093662262, 'learning_rate': 1.375e-07, 'epoch': 937.5}
{'eval_loss': 0.5864535570144653, 'eval_f1': 0.37800687285223367, 'eval_runtime': 0.2062, 'eval_samples_per_second': 145.481, 'eval_steps_per_second': 9.699, 'epoch': 938.0}
{'eval_loss': 0.5864430665969849, 'eval_f1': 0.37671232876712324, 'eval_runtime': 0.2107, 'eval_samples_per_second': 142.386, 'eval_steps_per_second': 9.492, 'epoch': 939.0}
{'eval_loss': 0.586502194404602, 'eval_f1': 0.37671232876712324, 'eval_runtime': 0.2049, 'eval_samples_per_second': 146.441, 'eval_steps_per_second': 9.763, 'epoch': 940.0}
{'eval_loss': 0.5865383148193359, 'eval_f1': 0.37800687285223367, 'eval_runtime': 0.2117, 'eval_samples_per_second': 141.724, 'eval_steps_per_second': 9.448, 'epoch': 941.0}
{'eval_loss': 0.5865374207496643, 'eval_f1': 0.37800687285223367, 'eval_runtime': 0.2107, 'eval_samples_per_second': 142.356, 'eval_steps_per_second': 9.49, 'epoch': 942.0}
{'eval_loss': 0.5865722298622131, 'eval_f1': 0.37800687285223367, 'eval_runtime': 0.2119, 'eval_samples_per_second': 141.565, 'eval_steps_per_second': 9.438, 'epoch': 943.0}
{'eval_loss': 0.5865980386734009, 'eval_f1': 0.37800687285223367, 'eval_runtime': 0.2133, 'eval_samples_per_second': 140.636, 'eval_steps_per_second': 9.376, 'epoch': 944.0}
{'eval_loss': 0.5866323709487915, 'eval_f1': 0.37931034482758624, 'eval_runtime': 0.2101, 'eval_samples_per_second': 142.769, 'eval_steps_per_second': 9.518, 'epoch': 945.0}
{'eval_loss': 0.5867456197738647, 'eval_f1': 0.37931034482758624, 'eval_runtime': 0.2161, 'eval_samples_per_second': 138.793, 'eval_steps_per_second': 9.253, 'epoch': 946.0}
{'eval_loss': 0.5867065787315369, 'eval_f1': 0.37931034482758624, 'eval_runtime': 0.2137, 'eval_samples_per_second': 140.385, 'eval_steps_per_second': 9.359, 'epoch': 947.0}
{'eval_loss': 0.5866216421127319, 'eval_f1': 0.37800687285223367, 'eval_runtime': 0.2115, 'eval_samples_per_second': 141.867, 'eval_steps_per_second': 9.458, 'epoch': 948.0}
{'eval_loss': 0.5865932106971741, 'eval_f1': 0.37800687285223367, 'eval_runtime': 0.2077, 'eval_samples_per_second': 144.442, 'eval_steps_per_second': 9.629, 'epoch': 949.0}
{'eval_loss': 0.5866712927818298, 'eval_f1': 0.37931034482758624, 'eval_runtime': 0.2059, 'eval_samples_per_second': 145.669, 'eval_steps_per_second': 9.711, 'epoch': 950.0}
{'eval_loss': 0.5866445302963257, 'eval_f1': 0.37800687285223367, 'eval_runtime': 0.2051, 'eval_samples_per_second': 146.299, 'eval_steps_per_second': 9.753, 'epoch': 951.0}
{'eval_loss': 0.5865284204483032, 'eval_f1': 0.37800687285223367, 'eval_runtime': 0.1973, 'eval_samples_per_second': 152.031, 'eval_steps_per_second': 10.135, 'epoch': 952.0}
{'eval_loss': 0.586605429649353, 'eval_f1': 0.37931034482758624, 'eval_runtime': 0.198, 'eval_samples_per_second': 151.546, 'eval_steps_per_second': 10.103, 'epoch': 953.0}
{'eval_loss': 0.5866299867630005, 'eval_f1': 0.3806228373702423, 'eval_runtime': 0.197, 'eval_samples_per_second': 152.285, 'eval_steps_per_second': 10.152, 'epoch': 954.0}
{'eval_loss': 0.5866420269012451, 'eval_f1': 0.37931034482758624, 'eval_runtime': 0.1981, 'eval_samples_per_second': 151.426, 'eval_steps_per_second': 10.095, 'epoch': 955.0}
{'eval_loss': 0.5866044759750366, 'eval_f1': 0.37931034482758624, 'eval_runtime': 0.1972, 'eval_samples_per_second': 152.094, 'eval_steps_per_second': 10.14, 'epoch': 956.0}
{'eval_loss': 0.5865434408187866, 'eval_f1': 0.37931034482758624, 'eval_runtime': 0.1976, 'eval_samples_per_second': 151.834, 'eval_steps_per_second': 10.122, 'epoch': 957.0}
{'eval_loss': 0.5865853428840637, 'eval_f1': 0.37931034482758624, 'eval_runtime': 0.1968, 'eval_samples_per_second': 152.406, 'eval_steps_per_second': 10.16, 'epoch': 958.0}
{'eval_loss': 0.5866479873657227, 'eval_f1': 0.3806228373702423, 'eval_runtime': 0.1974, 'eval_samples_per_second': 151.939, 'eval_steps_per_second': 10.129, 'epoch': 959.0}
{'eval_loss': 0.5867281556129456, 'eval_f1': 0.3806228373702423, 'eval_runtime': 0.1984, 'eval_samples_per_second': 151.181, 'eval_steps_per_second': 10.079, 'epoch': 960.0}
{'eval_loss': 0.5868262648582458, 'eval_f1': 0.3806228373702423, 'eval_runtime': 0.2003, 'eval_samples_per_second': 149.772, 'eval_steps_per_second': 9.985, 'epoch': 961.0}
{'eval_loss': 0.5868107676506042, 'eval_f1': 0.3806228373702423, 'eval_runtime': 0.1984, 'eval_samples_per_second': 151.246, 'eval_steps_per_second': 10.083, 'epoch': 962.0}
{'eval_loss': 0.5866745114326477, 'eval_f1': 0.3806228373702423, 'eval_runtime': 0.1984, 'eval_samples_per_second': 151.198, 'eval_steps_per_second': 10.08, 'epoch': 963.0}
{'eval_loss': 0.5866038799285889, 'eval_f1': 0.3806228373702423, 'eval_runtime': 0.2109, 'eval_samples_per_second': 142.262, 'eval_steps_per_second': 9.484, 'epoch': 964.0}
{'eval_loss': 0.5865116119384766, 'eval_f1': 0.3806228373702423, 'eval_runtime': 0.2143, 'eval_samples_per_second': 139.966, 'eval_steps_per_second': 9.331, 'epoch': 965.0}
{'eval_loss': 0.5864519476890564, 'eval_f1': 0.3806228373702423, 'eval_runtime': 0.2135, 'eval_samples_per_second': 140.494, 'eval_steps_per_second': 9.366, 'epoch': 966.0}
{'eval_loss': 0.5865007638931274, 'eval_f1': 0.3806228373702423, 'eval_runtime': 0.2056, 'eval_samples_per_second': 145.929, 'eval_steps_per_second': 9.729, 'epoch': 967.0}
{'eval_loss': 0.5865375995635986, 'eval_f1': 0.3806228373702423, 'eval_runtime': 0.2141, 'eval_samples_per_second': 140.1, 'eval_steps_per_second': 9.34, 'epoch': 968.0}
{'eval_loss': 0.5865612626075745, 'eval_f1': 0.37931034482758624, 'eval_runtime': 0.2107, 'eval_samples_per_second': 142.364, 'eval_steps_per_second': 9.491, 'epoch': 969.0}
{'eval_loss': 0.5864196419715881, 'eval_f1': 0.37931034482758624, 'eval_runtime': 0.21, 'eval_samples_per_second': 142.874, 'eval_steps_per_second': 9.525, 'epoch': 970.0}
{'eval_loss': 0.5864360332489014, 'eval_f1': 0.37931034482758624, 'eval_runtime': 0.2165, 'eval_samples_per_second': 138.558, 'eval_steps_per_second': 9.237, 'epoch': 971.0}
{'eval_loss': 0.5863539576530457, 'eval_f1': 0.37931034482758624, 'eval_runtime': 0.2047, 'eval_samples_per_second': 146.522, 'eval_steps_per_second': 9.768, 'epoch': 972.0}
{'eval_loss': 0.5862874984741211, 'eval_f1': 0.3806228373702423, 'eval_runtime': 0.1996, 'eval_samples_per_second': 150.317, 'eval_steps_per_second': 10.021, 'epoch': 973.0}
{'eval_loss': 0.5862278342247009, 'eval_f1': 0.3806228373702423, 'eval_runtime': 0.1993, 'eval_samples_per_second': 150.546, 'eval_steps_per_second': 10.036, 'epoch': 974.0}
{'eval_loss': 0.5862006545066833, 'eval_f1': 0.3806228373702423, 'eval_runtime': 0.2067, 'eval_samples_per_second': 145.125, 'eval_steps_per_second': 9.675, 'epoch': 975.0}
{'eval_loss': 0.5861580967903137, 'eval_f1': 0.3806228373702423, 'eval_runtime': 0.2062, 'eval_samples_per_second': 145.517, 'eval_steps_per_second': 9.701, 'epoch': 976.0}
{'eval_loss': 0.5860978364944458, 'eval_f1': 0.3806228373702423, 'eval_runtime': 0.2065, 'eval_samples_per_second': 145.259, 'eval_steps_per_second': 9.684, 'epoch': 977.0}
{'eval_loss': 0.5860460996627808, 'eval_f1': 0.37931034482758624, 'eval_runtime': 0.2076, 'eval_samples_per_second': 144.502, 'eval_steps_per_second': 9.633, 'epoch': 978.0}
{'eval_loss': 0.5859783291816711, 'eval_f1': 0.37931034482758624, 'eval_runtime': 0.2073, 'eval_samples_per_second': 144.704, 'eval_steps_per_second': 9.647, 'epoch': 979.0}
{'eval_loss': 0.58598393201828, 'eval_f1': 0.37931034482758624, 'eval_runtime': 0.2068, 'eval_samples_per_second': 145.082, 'eval_steps_per_second': 9.672, 'epoch': 980.0}
{'eval_loss': 0.5859889984130859, 'eval_f1': 0.37931034482758624, 'eval_runtime': 0.208, 'eval_samples_per_second': 144.228, 'eval_steps_per_second': 9.615, 'epoch': 981.0}
{'eval_loss': 0.5859977602958679, 'eval_f1': 0.37931034482758624, 'eval_runtime': 0.2072, 'eval_samples_per_second': 144.816, 'eval_steps_per_second': 9.654, 'epoch': 982.0}
{'eval_loss': 0.5860260725021362, 'eval_f1': 0.37931034482758624, 'eval_runtime': 0.2032, 'eval_samples_per_second': 147.634, 'eval_steps_per_second': 9.842, 'epoch': 983.0}
{'eval_loss': 0.5861824154853821, 'eval_f1': 0.37931034482758624, 'eval_runtime': 0.205, 'eval_samples_per_second': 146.361, 'eval_steps_per_second': 9.757, 'epoch': 984.0}
{'eval_loss': 0.5863922834396362, 'eval_f1': 0.37931034482758624, 'eval_runtime': 0.2092, 'eval_samples_per_second': 143.436, 'eval_steps_per_second': 9.562, 'epoch': 985.0}
{'eval_loss': 0.5864670276641846, 'eval_f1': 0.37800687285223367, 'eval_runtime': 0.2066, 'eval_samples_per_second': 145.234, 'eval_steps_per_second': 9.682, 'epoch': 986.0}
{'eval_loss': 0.5864054560661316, 'eval_f1': 0.37800687285223367, 'eval_runtime': 0.2122, 'eval_samples_per_second': 141.365, 'eval_steps_per_second': 9.424, 'epoch': 987.0}
{'eval_loss': 0.5862588882446289, 'eval_f1': 0.37800687285223367, 'eval_runtime': 0.2008, 'eval_samples_per_second': 149.408, 'eval_steps_per_second': 9.961, 'epoch': 988.0}
{'eval_loss': 0.5861856937408447, 'eval_f1': 0.3835616438356164, 'eval_runtime': 0.2027, 'eval_samples_per_second': 147.987, 'eval_steps_per_second': 9.866, 'epoch': 989.0}
{'eval_loss': 0.5861406326293945, 'eval_f1': 0.3848797250859106, 'eval_runtime': 0.2162, 'eval_samples_per_second': 138.771, 'eval_steps_per_second': 9.251, 'epoch': 990.0}
{'eval_loss': 0.5861513018608093, 'eval_f1': 0.3848797250859106, 'eval_runtime': 0.202, 'eval_samples_per_second': 148.532, 'eval_steps_per_second': 9.902, 'epoch': 991.0}
{'eval_loss': 0.5863116979598999, 'eval_f1': 0.3835616438356164, 'eval_runtime': 0.2089, 'eval_samples_per_second': 143.601, 'eval_steps_per_second': 9.573, 'epoch': 992.0}
{'eval_loss': 0.5865480899810791, 'eval_f1': 0.37931034482758624, 'eval_runtime': 0.2008, 'eval_samples_per_second': 149.437, 'eval_steps_per_second': 9.962, 'epoch': 993.0}
{'eval_loss': 0.5867183208465576, 'eval_f1': 0.3848797250859106, 'eval_runtime': 0.2121, 'eval_samples_per_second': 141.443, 'eval_steps_per_second': 9.43, 'epoch': 994.0}
{'eval_loss': 0.5866740942001343, 'eval_f1': 0.3822525597269625, 'eval_runtime': 0.2012, 'eval_samples_per_second': 149.119, 'eval_steps_per_second': 9.941, 'epoch': 995.0}
{'eval_loss': 0.586718738079071, 'eval_f1': 0.3835616438356164, 'eval_runtime': 0.2007, 'eval_samples_per_second': 149.461, 'eval_steps_per_second': 9.964, 'epoch': 996.0}
{'eval_loss': 0.5867977738380432, 'eval_f1': 0.3835616438356164, 'eval_runtime': 0.2008, 'eval_samples_per_second': 149.381, 'eval_steps_per_second': 9.959, 'epoch': 997.0}
{'eval_loss': 0.5868042707443237, 'eval_f1': 0.3835616438356164, 'eval_runtime': 0.2083, 'eval_samples_per_second': 144.027, 'eval_steps_per_second': 9.602, 'epoch': 998.0}
{'eval_loss': 0.5867937803268433, 'eval_f1': 0.3877551020408163, 'eval_runtime': 0.2146, 'eval_samples_per_second': 139.782, 'eval_steps_per_second': 9.319, 'epoch': 999.0}
{'loss': 0.4375, 'grad_norm': 1.8409026861190796, 'learning_rate': 1.333333333333333e-07, 'epoch': 1000.0}
{'eval_loss': 0.5867902636528015, 'eval_f1': 0.3835616438356164, 'eval_runtime': 0.2058, 'eval_samples_per_second': 145.762, 'eval_steps_per_second': 9.717, 'epoch': 1000.0}
{'eval_loss': 0.5867615342140198, 'eval_f1': 0.3890784982935153, 'eval_runtime': 0.2779, 'eval_samples_per_second': 107.935, 'eval_steps_per_second': 7.196, 'epoch': 1001.0}
{'eval_loss': 0.5867947936058044, 'eval_f1': 0.3904109589041096, 'eval_runtime': 0.2132, 'eval_samples_per_second': 140.716, 'eval_steps_per_second': 9.381, 'epoch': 1002.0}
{'eval_loss': 0.5867348909378052, 'eval_f1': 0.3904109589041096, 'eval_runtime': 0.2135, 'eval_samples_per_second': 140.511, 'eval_steps_per_second': 9.367, 'epoch': 1003.0}
{'eval_loss': 0.5868272185325623, 'eval_f1': 0.3890784982935153, 'eval_runtime': 0.2288, 'eval_samples_per_second': 131.127, 'eval_steps_per_second': 8.742, 'epoch': 1004.0}
{'eval_loss': 0.5869067907333374, 'eval_f1': 0.3890784982935153, 'eval_runtime': 0.2144, 'eval_samples_per_second': 139.9, 'eval_steps_per_second': 9.327, 'epoch': 1005.0}
{'eval_loss': 0.5868673920631409, 'eval_f1': 0.3904109589041096, 'eval_runtime': 0.207, 'eval_samples_per_second': 144.903, 'eval_steps_per_second': 9.66, 'epoch': 1006.0}
{'eval_loss': 0.5868368744850159, 'eval_f1': 0.3904109589041096, 'eval_runtime': 0.2148, 'eval_samples_per_second': 139.643, 'eval_steps_per_second': 9.31, 'epoch': 1007.0}
{'eval_loss': 0.5868139863014221, 'eval_f1': 0.37931034482758624, 'eval_runtime': 0.2093, 'eval_samples_per_second': 143.302, 'eval_steps_per_second': 9.553, 'epoch': 1008.0}
{'eval_loss': 0.5867396593093872, 'eval_f1': 0.37931034482758624, 'eval_runtime': 0.2077, 'eval_samples_per_second': 144.412, 'eval_steps_per_second': 9.627, 'epoch': 1009.0}
{'eval_loss': 0.5867878794670105, 'eval_f1': 0.3848797250859106, 'eval_runtime': 0.2218, 'eval_samples_per_second': 135.232, 'eval_steps_per_second': 9.015, 'epoch': 1010.0}
{'eval_loss': 0.586783230304718, 'eval_f1': 0.3848797250859106, 'eval_runtime': 0.2097, 'eval_samples_per_second': 143.066, 'eval_steps_per_second': 9.538, 'epoch': 1011.0}
{'eval_loss': 0.586790919303894, 'eval_f1': 0.3848797250859106, 'eval_runtime': 0.2202, 'eval_samples_per_second': 136.22, 'eval_steps_per_second': 9.081, 'epoch': 1012.0}
{'eval_loss': 0.5867254734039307, 'eval_f1': 0.3848797250859106, 'eval_runtime': 0.2166, 'eval_samples_per_second': 138.49, 'eval_steps_per_second': 9.233, 'epoch': 1013.0}
{'eval_loss': 0.5866137742996216, 'eval_f1': 0.37931034482758624, 'eval_runtime': 0.2159, 'eval_samples_per_second': 138.942, 'eval_steps_per_second': 9.263, 'epoch': 1014.0}
{'eval_loss': 0.5865182280540466, 'eval_f1': 0.37800687285223367, 'eval_runtime': 0.2077, 'eval_samples_per_second': 144.432, 'eval_steps_per_second': 9.629, 'epoch': 1015.0}
{'eval_loss': 0.5863878130912781, 'eval_f1': 0.37931034482758624, 'eval_runtime': 0.2085, 'eval_samples_per_second': 143.88, 'eval_steps_per_second': 9.592, 'epoch': 1016.0}
{'eval_loss': 0.5863655805587769, 'eval_f1': 0.37931034482758624, 'eval_runtime': 0.211, 'eval_samples_per_second': 142.17, 'eval_steps_per_second': 9.478, 'epoch': 1017.0}
{'eval_loss': 0.5864861607551575, 'eval_f1': 0.37800687285223367, 'eval_runtime': 0.2066, 'eval_samples_per_second': 145.211, 'eval_steps_per_second': 9.681, 'epoch': 1018.0}
{'eval_loss': 0.5866065621376038, 'eval_f1': 0.37931034482758624, 'eval_runtime': 0.2075, 'eval_samples_per_second': 144.584, 'eval_steps_per_second': 9.639, 'epoch': 1019.0}
{'eval_loss': 0.5866178870201111, 'eval_f1': 0.37931034482758624, 'eval_runtime': 0.2064, 'eval_samples_per_second': 145.348, 'eval_steps_per_second': 9.69, 'epoch': 1020.0}
{'eval_loss': 0.586578369140625, 'eval_f1': 0.37931034482758624, 'eval_runtime': 0.2066, 'eval_samples_per_second': 145.237, 'eval_steps_per_second': 9.682, 'epoch': 1021.0}
{'eval_loss': 0.5864572525024414, 'eval_f1': 0.3904109589041096, 'eval_runtime': 0.2069, 'eval_samples_per_second': 145.031, 'eval_steps_per_second': 9.669, 'epoch': 1022.0}
{'eval_loss': 0.5864183902740479, 'eval_f1': 0.3904109589041096, 'eval_runtime': 0.2102, 'eval_samples_per_second': 142.727, 'eval_steps_per_second': 9.515, 'epoch': 1023.0}
{'eval_loss': 0.586506724357605, 'eval_f1': 0.3904109589041096, 'eval_runtime': 0.2136, 'eval_samples_per_second': 140.451, 'eval_steps_per_second': 9.363, 'epoch': 1024.0}
{'eval_loss': 0.5865609049797058, 'eval_f1': 0.3904109589041096, 'eval_runtime': 0.2109, 'eval_samples_per_second': 142.247, 'eval_steps_per_second': 9.483, 'epoch': 1025.0}
{'eval_loss': 0.5865442752838135, 'eval_f1': 0.3904109589041096, 'eval_runtime': 0.2128, 'eval_samples_per_second': 140.946, 'eval_steps_per_second': 9.396, 'epoch': 1026.0}
{'eval_loss': 0.5864866375923157, 'eval_f1': 0.3904109589041096, 'eval_runtime': 0.2153, 'eval_samples_per_second': 139.325, 'eval_steps_per_second': 9.288, 'epoch': 1027.0}
{'eval_loss': 0.5864530801773071, 'eval_f1': 0.3904109589041096, 'eval_runtime': 0.2133, 'eval_samples_per_second': 140.621, 'eval_steps_per_second': 9.375, 'epoch': 1028.0}
{'eval_loss': 0.5865306258201599, 'eval_f1': 0.38620689655172413, 'eval_runtime': 0.2156, 'eval_samples_per_second': 139.153, 'eval_steps_per_second': 9.277, 'epoch': 1029.0}
{'eval_loss': 0.5865743160247803, 'eval_f1': 0.38620689655172413, 'eval_runtime': 0.2018, 'eval_samples_per_second': 148.639, 'eval_steps_per_second': 9.909, 'epoch': 1030.0}
{'eval_loss': 0.5865919589996338, 'eval_f1': 0.39175257731958757, 'eval_runtime': 0.2, 'eval_samples_per_second': 150.004, 'eval_steps_per_second': 10.0, 'epoch': 1031.0}
{'eval_loss': 0.5865553617477417, 'eval_f1': 0.38620689655172413, 'eval_runtime': 0.2021, 'eval_samples_per_second': 148.457, 'eval_steps_per_second': 9.897, 'epoch': 1032.0}
{'eval_loss': 0.5865548253059387, 'eval_f1': 0.38620689655172413, 'eval_runtime': 0.2022, 'eval_samples_per_second': 148.397, 'eval_steps_per_second': 9.893, 'epoch': 1033.0}
{'eval_loss': 0.5866105556488037, 'eval_f1': 0.38620689655172413, 'eval_runtime': 0.2153, 'eval_samples_per_second': 139.36, 'eval_steps_per_second': 9.291, 'epoch': 1034.0}
{'eval_loss': 0.5866807699203491, 'eval_f1': 0.38620689655172413, 'eval_runtime': 0.2153, 'eval_samples_per_second': 139.326, 'eval_steps_per_second': 9.288, 'epoch': 1035.0}
{'eval_loss': 0.5867196917533875, 'eval_f1': 0.39175257731958757, 'eval_runtime': 0.2162, 'eval_samples_per_second': 138.745, 'eval_steps_per_second': 9.25, 'epoch': 1036.0}
{'eval_loss': 0.5866985321044922, 'eval_f1': 0.38620689655172413, 'eval_runtime': 0.2183, 'eval_samples_per_second': 137.402, 'eval_steps_per_second': 9.16, 'epoch': 1037.0}
{'eval_loss': 0.5867317914962769, 'eval_f1': 0.38620689655172413, 'eval_runtime': 0.2334, 'eval_samples_per_second': 128.54, 'eval_steps_per_second': 8.569, 'epoch': 1038.0}
{'eval_loss': 0.5867420434951782, 'eval_f1': 0.3972602739726027, 'eval_runtime': 0.2206, 'eval_samples_per_second': 135.993, 'eval_steps_per_second': 9.066, 'epoch': 1039.0}
{'eval_loss': 0.5867565274238586, 'eval_f1': 0.3972602739726027, 'eval_runtime': 0.217, 'eval_samples_per_second': 138.272, 'eval_steps_per_second': 9.218, 'epoch': 1040.0}
{'eval_loss': 0.5867171883583069, 'eval_f1': 0.39175257731958757, 'eval_runtime': 0.2175, 'eval_samples_per_second': 137.961, 'eval_steps_per_second': 9.197, 'epoch': 1041.0}
{'eval_loss': 0.5868009924888611, 'eval_f1': 0.3904109589041096, 'eval_runtime': 0.2177, 'eval_samples_per_second': 137.828, 'eval_steps_per_second': 9.189, 'epoch': 1042.0}
{'eval_loss': 0.5868349075317383, 'eval_f1': 0.3904109589041096, 'eval_runtime': 0.2143, 'eval_samples_per_second': 140.023, 'eval_steps_per_second': 9.335, 'epoch': 1043.0}
{'eval_loss': 0.5868956446647644, 'eval_f1': 0.3904109589041096, 'eval_runtime': 0.2088, 'eval_samples_per_second': 143.645, 'eval_steps_per_second': 9.576, 'epoch': 1044.0}
{'eval_loss': 0.5868362784385681, 'eval_f1': 0.3890784982935153, 'eval_runtime': 0.2086, 'eval_samples_per_second': 143.815, 'eval_steps_per_second': 9.588, 'epoch': 1045.0}
{'eval_loss': 0.5866714715957642, 'eval_f1': 0.3890784982935153, 'eval_runtime': 0.2095, 'eval_samples_per_second': 143.187, 'eval_steps_per_second': 9.546, 'epoch': 1046.0}
{'eval_loss': 0.5865479111671448, 'eval_f1': 0.3835616438356164, 'eval_runtime': 0.2084, 'eval_samples_per_second': 143.948, 'eval_steps_per_second': 9.597, 'epoch': 1047.0}
{'eval_loss': 0.5865441560745239, 'eval_f1': 0.3822525597269625, 'eval_runtime': 0.2122, 'eval_samples_per_second': 141.387, 'eval_steps_per_second': 9.426, 'epoch': 1048.0}
{'eval_loss': 0.5866408944129944, 'eval_f1': 0.3890784982935153, 'eval_runtime': 0.2099, 'eval_samples_per_second': 142.902, 'eval_steps_per_second': 9.527, 'epoch': 1049.0}
{'eval_loss': 0.5865972638130188, 'eval_f1': 0.3877551020408163, 'eval_runtime': 0.2084, 'eval_samples_per_second': 143.974, 'eval_steps_per_second': 9.598, 'epoch': 1050.0}
{'eval_loss': 0.5864390134811401, 'eval_f1': 0.3877551020408163, 'eval_runtime': 0.2086, 'eval_samples_per_second': 143.787, 'eval_steps_per_second': 9.586, 'epoch': 1051.0}
{'eval_loss': 0.5863786339759827, 'eval_f1': 0.3877551020408163, 'eval_runtime': 0.2141, 'eval_samples_per_second': 140.107, 'eval_steps_per_second': 9.34, 'epoch': 1052.0}
{'eval_loss': 0.5862522721290588, 'eval_f1': 0.3822525597269625, 'eval_runtime': 0.2238, 'eval_samples_per_second': 134.025, 'eval_steps_per_second': 8.935, 'epoch': 1053.0}
{'eval_loss': 0.5862089395523071, 'eval_f1': 0.3822525597269625, 'eval_runtime': 0.243, 'eval_samples_per_second': 123.445, 'eval_steps_per_second': 8.23, 'epoch': 1054.0}
{'eval_loss': 0.58620285987854, 'eval_f1': 0.3877551020408163, 'eval_runtime': 0.2133, 'eval_samples_per_second': 140.665, 'eval_steps_per_second': 9.378, 'epoch': 1055.0}
{'eval_loss': 0.5861526727676392, 'eval_f1': 0.3822525597269625, 'eval_runtime': 0.2134, 'eval_samples_per_second': 140.614, 'eval_steps_per_second': 9.374, 'epoch': 1056.0}
{'eval_loss': 0.5861233472824097, 'eval_f1': 0.3877551020408163, 'eval_runtime': 0.2125, 'eval_samples_per_second': 141.164, 'eval_steps_per_second': 9.411, 'epoch': 1057.0}
{'eval_loss': 0.5861321687698364, 'eval_f1': 0.3864406779661017, 'eval_runtime': 0.2131, 'eval_samples_per_second': 140.77, 'eval_steps_per_second': 9.385, 'epoch': 1058.0}
{'eval_loss': 0.5861443877220154, 'eval_f1': 0.3864406779661017, 'eval_runtime': 0.2148, 'eval_samples_per_second': 139.651, 'eval_steps_per_second': 9.31, 'epoch': 1059.0}
{'eval_loss': 0.5862122178077698, 'eval_f1': 0.39189189189189194, 'eval_runtime': 0.2133, 'eval_samples_per_second': 140.666, 'eval_steps_per_second': 9.378, 'epoch': 1060.0}
{'eval_loss': 0.5862046480178833, 'eval_f1': 0.3851351351351351, 'eval_runtime': 0.2163, 'eval_samples_per_second': 138.685, 'eval_steps_per_second': 9.246, 'epoch': 1061.0}
{'eval_loss': 0.5861429572105408, 'eval_f1': 0.3864406779661017, 'eval_runtime': 0.2156, 'eval_samples_per_second': 139.166, 'eval_steps_per_second': 9.278, 'epoch': 1062.0}
{'loss': 0.4289, 'grad_norm': 1.1006217002868652, 'learning_rate': 1.2916666666666667e-07, 'epoch': 1062.5}
{'eval_loss': 0.5860928893089294, 'eval_f1': 0.3905723905723906, 'eval_runtime': 0.2158, 'eval_samples_per_second': 139.011, 'eval_steps_per_second': 9.267, 'epoch': 1063.0}
{'eval_loss': 0.586131751537323, 'eval_f1': 0.39189189189189194, 'eval_runtime': 0.2173, 'eval_samples_per_second': 138.062, 'eval_steps_per_second': 9.204, 'epoch': 1064.0}
{'eval_loss': 0.5861738920211792, 'eval_f1': 0.39189189189189194, 'eval_runtime': 0.216, 'eval_samples_per_second': 138.89, 'eval_steps_per_second': 9.259, 'epoch': 1065.0}
{'eval_loss': 0.5862290859222412, 'eval_f1': 0.39189189189189194, 'eval_runtime': 0.2156, 'eval_samples_per_second': 139.14, 'eval_steps_per_second': 9.276, 'epoch': 1066.0}
{'eval_loss': 0.5862542390823364, 'eval_f1': 0.39189189189189194, 'eval_runtime': 0.2147, 'eval_samples_per_second': 139.707, 'eval_steps_per_second': 9.314, 'epoch': 1067.0}
{'eval_loss': 0.5863277316093445, 'eval_f1': 0.39730639730639733, 'eval_runtime': 0.2151, 'eval_samples_per_second': 139.491, 'eval_steps_per_second': 9.299, 'epoch': 1068.0}
{'eval_loss': 0.586281418800354, 'eval_f1': 0.39864864864864863, 'eval_runtime': 0.2155, 'eval_samples_per_second': 139.187, 'eval_steps_per_second': 9.279, 'epoch': 1069.0}
{'eval_loss': 0.5861926674842834, 'eval_f1': 0.3932203389830509, 'eval_runtime': 0.2163, 'eval_samples_per_second': 138.67, 'eval_steps_per_second': 9.245, 'epoch': 1070.0}
{'eval_loss': 0.5862370729446411, 'eval_f1': 0.39730639730639733, 'eval_runtime': 0.2137, 'eval_samples_per_second': 140.406, 'eval_steps_per_second': 9.36, 'epoch': 1071.0}
{'eval_loss': 0.586353063583374, 'eval_f1': 0.39730639730639733, 'eval_runtime': 0.2133, 'eval_samples_per_second': 140.65, 'eval_steps_per_second': 9.377, 'epoch': 1072.0}
{'eval_loss': 0.5863845348358154, 'eval_f1': 0.39730639730639733, 'eval_runtime': 0.2017, 'eval_samples_per_second': 148.714, 'eval_steps_per_second': 9.914, 'epoch': 1073.0}
{'eval_loss': 0.5864948034286499, 'eval_f1': 0.39730639730639733, 'eval_runtime': 0.2028, 'eval_samples_per_second': 147.948, 'eval_steps_per_second': 9.863, 'epoch': 1074.0}
{'eval_loss': 0.5865126848220825, 'eval_f1': 0.4026845637583893, 'eval_runtime': 0.2062, 'eval_samples_per_second': 145.522, 'eval_steps_per_second': 9.701, 'epoch': 1075.0}
{'eval_loss': 0.5865857005119324, 'eval_f1': 0.4026845637583893, 'eval_runtime': 0.2139, 'eval_samples_per_second': 140.285, 'eval_steps_per_second': 9.352, 'epoch': 1076.0}
{'eval_loss': 0.5865964889526367, 'eval_f1': 0.40404040404040403, 'eval_runtime': 0.2068, 'eval_samples_per_second': 145.079, 'eval_steps_per_second': 9.672, 'epoch': 1077.0}
{'eval_loss': 0.5865857005119324, 'eval_f1': 0.39864864864864863, 'eval_runtime': 0.2117, 'eval_samples_per_second': 141.743, 'eval_steps_per_second': 9.45, 'epoch': 1078.0}
{'eval_loss': 0.5866280198097229, 'eval_f1': 0.4, 'eval_runtime': 0.2116, 'eval_samples_per_second': 141.792, 'eval_steps_per_second': 9.453, 'epoch': 1079.0}
{'eval_loss': 0.5866612792015076, 'eval_f1': 0.4, 'eval_runtime': 0.2165, 'eval_samples_per_second': 138.54, 'eval_steps_per_second': 9.236, 'epoch': 1080.0}
{'eval_loss': 0.5865996479988098, 'eval_f1': 0.4, 'eval_runtime': 0.2168, 'eval_samples_per_second': 138.395, 'eval_steps_per_second': 9.226, 'epoch': 1081.0}
{'eval_loss': 0.5865238904953003, 'eval_f1': 0.4, 'eval_runtime': 0.2124, 'eval_samples_per_second': 141.238, 'eval_steps_per_second': 9.416, 'epoch': 1082.0}
{'eval_loss': 0.5865466594696045, 'eval_f1': 0.4, 'eval_runtime': 0.208, 'eval_samples_per_second': 144.244, 'eval_steps_per_second': 9.616, 'epoch': 1083.0}
{'eval_loss': 0.586651623249054, 'eval_f1': 0.4, 'eval_runtime': 0.2059, 'eval_samples_per_second': 145.733, 'eval_steps_per_second': 9.716, 'epoch': 1084.0}
{'eval_loss': 0.5867375135421753, 'eval_f1': 0.39864864864864863, 'eval_runtime': 0.2054, 'eval_samples_per_second': 146.049, 'eval_steps_per_second': 9.737, 'epoch': 1085.0}
{'eval_loss': 0.5867188572883606, 'eval_f1': 0.3932203389830509, 'eval_runtime': 0.2063, 'eval_samples_per_second': 145.429, 'eval_steps_per_second': 9.695, 'epoch': 1086.0}
{'eval_loss': 0.5866461396217346, 'eval_f1': 0.39864864864864863, 'eval_runtime': 0.207, 'eval_samples_per_second': 144.921, 'eval_steps_per_second': 9.661, 'epoch': 1087.0}
{'eval_loss': 0.5865015387535095, 'eval_f1': 0.39730639730639733, 'eval_runtime': 0.2055, 'eval_samples_per_second': 145.999, 'eval_steps_per_second': 9.733, 'epoch': 1088.0}
{'eval_loss': 0.5863311886787415, 'eval_f1': 0.39730639730639733, 'eval_runtime': 0.209, 'eval_samples_per_second': 143.508, 'eval_steps_per_second': 9.567, 'epoch': 1089.0}
{'eval_loss': 0.5863355398178101, 'eval_f1': 0.39730639730639733, 'eval_runtime': 0.2331, 'eval_samples_per_second': 128.688, 'eval_steps_per_second': 8.579, 'epoch': 1090.0}
{'eval_loss': 0.5864006280899048, 'eval_f1': 0.39730639730639733, 'eval_runtime': 0.2069, 'eval_samples_per_second': 145.025, 'eval_steps_per_second': 9.668, 'epoch': 1091.0}
{'eval_loss': 0.5863425135612488, 'eval_f1': 0.39730639730639733, 'eval_runtime': 0.206, 'eval_samples_per_second': 145.664, 'eval_steps_per_second': 9.711, 'epoch': 1092.0}
{'eval_loss': 0.5863786339759827, 'eval_f1': 0.39730639730639733, 'eval_runtime': 0.2443, 'eval_samples_per_second': 122.783, 'eval_steps_per_second': 8.186, 'epoch': 1093.0}
{'eval_loss': 0.5864396691322327, 'eval_f1': 0.39864864864864863, 'eval_runtime': 0.2138, 'eval_samples_per_second': 140.3, 'eval_steps_per_second': 9.353, 'epoch': 1094.0}
{'eval_loss': 0.5864723324775696, 'eval_f1': 0.39864864864864863, 'eval_runtime': 0.2144, 'eval_samples_per_second': 139.923, 'eval_steps_per_second': 9.328, 'epoch': 1095.0}
{'eval_loss': 0.586548388004303, 'eval_f1': 0.39864864864864863, 'eval_runtime': 0.2116, 'eval_samples_per_second': 141.754, 'eval_steps_per_second': 9.45, 'epoch': 1096.0}
{'eval_loss': 0.586530327796936, 'eval_f1': 0.40404040404040403, 'eval_runtime': 0.211, 'eval_samples_per_second': 142.179, 'eval_steps_per_second': 9.479, 'epoch': 1097.0}
{'eval_loss': 0.5865493416786194, 'eval_f1': 0.40404040404040403, 'eval_runtime': 0.2137, 'eval_samples_per_second': 140.403, 'eval_steps_per_second': 9.36, 'epoch': 1098.0}
{'eval_loss': 0.5864726901054382, 'eval_f1': 0.39864864864864863, 'eval_runtime': 0.2139, 'eval_samples_per_second': 140.245, 'eval_steps_per_second': 9.35, 'epoch': 1099.0}
{'eval_loss': 0.5865294933319092, 'eval_f1': 0.39864864864864863, 'eval_runtime': 0.2097, 'eval_samples_per_second': 143.034, 'eval_steps_per_second': 9.536, 'epoch': 1100.0}
{'eval_loss': 0.5866410732269287, 'eval_f1': 0.40404040404040403, 'eval_runtime': 0.2106, 'eval_samples_per_second': 142.48, 'eval_steps_per_second': 9.499, 'epoch': 1101.0}
{'eval_loss': 0.5866854190826416, 'eval_f1': 0.40404040404040403, 'eval_runtime': 0.2101, 'eval_samples_per_second': 142.786, 'eval_steps_per_second': 9.519, 'epoch': 1102.0}
{'eval_loss': 0.5866898894309998, 'eval_f1': 0.4026845637583893, 'eval_runtime': 0.2106, 'eval_samples_per_second': 142.473, 'eval_steps_per_second': 9.498, 'epoch': 1103.0}
{'eval_loss': 0.5865880846977234, 'eval_f1': 0.4026845637583893, 'eval_runtime': 0.2105, 'eval_samples_per_second': 142.525, 'eval_steps_per_second': 9.502, 'epoch': 1104.0}
{'eval_loss': 0.5865054726600647, 'eval_f1': 0.39730639730639733, 'eval_runtime': 0.2105, 'eval_samples_per_second': 142.495, 'eval_steps_per_second': 9.5, 'epoch': 1105.0}
{'eval_loss': 0.5864855647087097, 'eval_f1': 0.4026845637583893, 'eval_runtime': 0.2106, 'eval_samples_per_second': 142.443, 'eval_steps_per_second': 9.496, 'epoch': 1106.0}
{'eval_loss': 0.586482584476471, 'eval_f1': 0.4026845637583893, 'eval_runtime': 0.2102, 'eval_samples_per_second': 142.689, 'eval_steps_per_second': 9.513, 'epoch': 1107.0}
{'eval_loss': 0.5865679979324341, 'eval_f1': 0.4026845637583893, 'eval_runtime': 0.2378, 'eval_samples_per_second': 126.158, 'eval_steps_per_second': 8.411, 'epoch': 1108.0}
{'eval_loss': 0.5866920948028564, 'eval_f1': 0.39864864864864863, 'eval_runtime': 0.2095, 'eval_samples_per_second': 143.212, 'eval_steps_per_second': 9.547, 'epoch': 1109.0}
{'eval_loss': 0.5867924094200134, 'eval_f1': 0.39864864864864863, 'eval_runtime': 0.2346, 'eval_samples_per_second': 127.867, 'eval_steps_per_second': 8.524, 'epoch': 1110.0}
{'eval_loss': 0.5868309736251831, 'eval_f1': 0.40404040404040403, 'eval_runtime': 0.2354, 'eval_samples_per_second': 127.448, 'eval_steps_per_second': 8.497, 'epoch': 1111.0}
{'eval_loss': 0.5868850946426392, 'eval_f1': 0.40404040404040403, 'eval_runtime': 0.1998, 'eval_samples_per_second': 150.158, 'eval_steps_per_second': 10.011, 'epoch': 1112.0}
{'eval_loss': 0.5868912935256958, 'eval_f1': 0.4093959731543624, 'eval_runtime': 0.1973, 'eval_samples_per_second': 152.074, 'eval_steps_per_second': 10.138, 'epoch': 1113.0}
{'eval_loss': 0.5868037939071655, 'eval_f1': 0.4093959731543624, 'eval_runtime': 0.1983, 'eval_samples_per_second': 151.291, 'eval_steps_per_second': 10.086, 'epoch': 1114.0}
{'eval_loss': 0.5867910385131836, 'eval_f1': 0.4093959731543624, 'eval_runtime': 0.1987, 'eval_samples_per_second': 150.958, 'eval_steps_per_second': 10.064, 'epoch': 1115.0}
{'eval_loss': 0.5868188738822937, 'eval_f1': 0.4093959731543624, 'eval_runtime': 0.2077, 'eval_samples_per_second': 144.451, 'eval_steps_per_second': 9.63, 'epoch': 1116.0}
{'eval_loss': 0.5868912935256958, 'eval_f1': 0.4080267558528428, 'eval_runtime': 0.2076, 'eval_samples_per_second': 144.517, 'eval_steps_per_second': 9.634, 'epoch': 1117.0}
{'eval_loss': 0.5868712067604065, 'eval_f1': 0.4133333333333334, 'eval_runtime': 0.2074, 'eval_samples_per_second': 144.636, 'eval_steps_per_second': 9.642, 'epoch': 1118.0}
{'eval_loss': 0.5868738293647766, 'eval_f1': 0.4133333333333334, 'eval_runtime': 0.1948, 'eval_samples_per_second': 154.01, 'eval_steps_per_second': 10.267, 'epoch': 1119.0}
{'eval_loss': 0.5868724584579468, 'eval_f1': 0.4080267558528428, 'eval_runtime': 0.1973, 'eval_samples_per_second': 152.029, 'eval_steps_per_second': 10.135, 'epoch': 1120.0}
{'eval_loss': 0.5869420170783997, 'eval_f1': 0.4093959731543624, 'eval_runtime': 0.2187, 'eval_samples_per_second': 137.19, 'eval_steps_per_second': 9.146, 'epoch': 1121.0}
{'eval_loss': 0.5869398713111877, 'eval_f1': 0.4093959731543624, 'eval_runtime': 0.1966, 'eval_samples_per_second': 152.595, 'eval_steps_per_second': 10.173, 'epoch': 1122.0}
{'eval_loss': 0.5869185328483582, 'eval_f1': 0.4026845637583893, 'eval_runtime': 0.1966, 'eval_samples_per_second': 152.602, 'eval_steps_per_second': 10.173, 'epoch': 1123.0}
{'eval_loss': 0.5867931842803955, 'eval_f1': 0.4026845637583893, 'eval_runtime': 0.1981, 'eval_samples_per_second': 151.443, 'eval_steps_per_second': 10.096, 'epoch': 1124.0}
{'loss': 0.4198, 'grad_norm': 1.2007330656051636, 'learning_rate': 1.25e-07, 'epoch': 1125.0}
{'eval_loss': 0.586661696434021, 'eval_f1': 0.4080267558528428, 'eval_runtime': 0.1978, 'eval_samples_per_second': 151.631, 'eval_steps_per_second': 10.109, 'epoch': 1125.0}
{'eval_loss': 0.5865960717201233, 'eval_f1': 0.4093959731543624, 'eval_runtime': 0.201, 'eval_samples_per_second': 149.247, 'eval_steps_per_second': 9.95, 'epoch': 1126.0}
{'eval_loss': 0.5864809155464172, 'eval_f1': 0.4054054054054054, 'eval_runtime': 0.2021, 'eval_samples_per_second': 148.471, 'eval_steps_per_second': 9.898, 'epoch': 1127.0}
{'eval_loss': 0.5864391326904297, 'eval_f1': 0.40404040404040403, 'eval_runtime': 0.1966, 'eval_samples_per_second': 152.622, 'eval_steps_per_second': 10.175, 'epoch': 1128.0}
{'eval_loss': 0.5864418148994446, 'eval_f1': 0.40404040404040403, 'eval_runtime': 0.2084, 'eval_samples_per_second': 143.959, 'eval_steps_per_second': 9.597, 'epoch': 1129.0}
{'eval_loss': 0.5864611864089966, 'eval_f1': 0.40404040404040403, 'eval_runtime': 0.2065, 'eval_samples_per_second': 145.264, 'eval_steps_per_second': 9.684, 'epoch': 1130.0}
{'eval_loss': 0.586509644985199, 'eval_f1': 0.40404040404040403, 'eval_runtime': 0.2047, 'eval_samples_per_second': 146.58, 'eval_steps_per_second': 9.772, 'epoch': 1131.0}
{'eval_loss': 0.586586594581604, 'eval_f1': 0.4080267558528428, 'eval_runtime': 0.2049, 'eval_samples_per_second': 146.398, 'eval_steps_per_second': 9.76, 'epoch': 1132.0}
{'eval_loss': 0.5865986347198486, 'eval_f1': 0.4080267558528428, 'eval_runtime': 0.2071, 'eval_samples_per_second': 144.85, 'eval_steps_per_second': 9.657, 'epoch': 1133.0}
{'eval_loss': 0.5866400599479675, 'eval_f1': 0.4080267558528428, 'eval_runtime': 0.2101, 'eval_samples_per_second': 142.788, 'eval_steps_per_second': 9.519, 'epoch': 1134.0}
{'eval_loss': 0.5866587162017822, 'eval_f1': 0.4080267558528428, 'eval_runtime': 0.2061, 'eval_samples_per_second': 145.592, 'eval_steps_per_second': 9.706, 'epoch': 1135.0}
{'eval_loss': 0.5867188572883606, 'eval_f1': 0.4080267558528428, 'eval_runtime': 0.2144, 'eval_samples_per_second': 139.957, 'eval_steps_per_second': 9.33, 'epoch': 1136.0}
{'eval_loss': 0.5866796374320984, 'eval_f1': 0.4080267558528428, 'eval_runtime': 0.2259, 'eval_samples_per_second': 132.824, 'eval_steps_per_second': 8.855, 'epoch': 1137.0}
{'eval_loss': 0.5867453813552856, 'eval_f1': 0.4080267558528428, 'eval_runtime': 0.2262, 'eval_samples_per_second': 132.621, 'eval_steps_per_second': 8.841, 'epoch': 1138.0}
{'eval_loss': 0.5868344902992249, 'eval_f1': 0.4080267558528428, 'eval_runtime': 0.2027, 'eval_samples_per_second': 147.981, 'eval_steps_per_second': 9.865, 'epoch': 1139.0}
{'eval_loss': 0.5869511961936951, 'eval_f1': 0.4080267558528428, 'eval_runtime': 0.2147, 'eval_samples_per_second': 139.749, 'eval_steps_per_second': 9.317, 'epoch': 1140.0}
{'eval_loss': 0.5870450139045715, 'eval_f1': 0.4080267558528428, 'eval_runtime': 0.2118, 'eval_samples_per_second': 141.636, 'eval_steps_per_second': 9.442, 'epoch': 1141.0}
{'eval_loss': 0.5870378017425537, 'eval_f1': 0.4080267558528428, 'eval_runtime': 0.2114, 'eval_samples_per_second': 141.923, 'eval_steps_per_second': 9.462, 'epoch': 1142.0}
{'eval_loss': 0.5869730710983276, 'eval_f1': 0.4080267558528428, 'eval_runtime': 0.2148, 'eval_samples_per_second': 139.679, 'eval_steps_per_second': 9.312, 'epoch': 1143.0}
{'eval_loss': 0.5868859887123108, 'eval_f1': 0.4026845637583893, 'eval_runtime': 0.211, 'eval_samples_per_second': 142.186, 'eval_steps_per_second': 9.479, 'epoch': 1144.0}
{'eval_loss': 0.5868405103683472, 'eval_f1': 0.4026845637583893, 'eval_runtime': 0.2115, 'eval_samples_per_second': 141.815, 'eval_steps_per_second': 9.454, 'epoch': 1145.0}
{'eval_loss': 0.5868406295776367, 'eval_f1': 0.4026845637583893, 'eval_runtime': 0.211, 'eval_samples_per_second': 142.186, 'eval_steps_per_second': 9.479, 'epoch': 1146.0}
{'eval_loss': 0.5868194699287415, 'eval_f1': 0.4026845637583893, 'eval_runtime': 0.2118, 'eval_samples_per_second': 141.639, 'eval_steps_per_second': 9.443, 'epoch': 1147.0}
{'eval_loss': 0.5867573022842407, 'eval_f1': 0.40404040404040403, 'eval_runtime': 0.2164, 'eval_samples_per_second': 138.607, 'eval_steps_per_second': 9.24, 'epoch': 1148.0}
{'eval_loss': 0.5867545008659363, 'eval_f1': 0.40404040404040403, 'eval_runtime': 0.2113, 'eval_samples_per_second': 141.952, 'eval_steps_per_second': 9.463, 'epoch': 1149.0}
{'eval_loss': 0.5867894887924194, 'eval_f1': 0.42140468227424743, 'eval_runtime': 0.2119, 'eval_samples_per_second': 141.565, 'eval_steps_per_second': 9.438, 'epoch': 1150.0}
{'eval_loss': 0.5868383646011353, 'eval_f1': 0.42, 'eval_runtime': 0.2115, 'eval_samples_per_second': 141.868, 'eval_steps_per_second': 9.458, 'epoch': 1151.0}
{'eval_loss': 0.5868794322013855, 'eval_f1': 0.42, 'eval_runtime': 0.2115, 'eval_samples_per_second': 141.862, 'eval_steps_per_second': 9.457, 'epoch': 1152.0}
{'eval_loss': 0.5869548916816711, 'eval_f1': 0.41860465116279066, 'eval_runtime': 0.2126, 'eval_samples_per_second': 141.142, 'eval_steps_per_second': 9.409, 'epoch': 1153.0}
{'eval_loss': 0.58698570728302, 'eval_f1': 0.41860465116279066, 'eval_runtime': 0.2122, 'eval_samples_per_second': 141.362, 'eval_steps_per_second': 9.424, 'epoch': 1154.0}
{'eval_loss': 0.586950957775116, 'eval_f1': 0.42, 'eval_runtime': 0.2117, 'eval_samples_per_second': 141.677, 'eval_steps_per_second': 9.445, 'epoch': 1155.0}
{'eval_loss': 0.586953341960907, 'eval_f1': 0.42, 'eval_runtime': 0.2129, 'eval_samples_per_second': 140.918, 'eval_steps_per_second': 9.395, 'epoch': 1156.0}
{'eval_loss': 0.58696049451828, 'eval_f1': 0.42, 'eval_runtime': 0.2233, 'eval_samples_per_second': 134.367, 'eval_steps_per_second': 8.958, 'epoch': 1157.0}
{'eval_loss': 0.5869830250740051, 'eval_f1': 0.41860465116279066, 'eval_runtime': 0.2151, 'eval_samples_per_second': 139.469, 'eval_steps_per_second': 9.298, 'epoch': 1158.0}
{'eval_loss': 0.586970865726471, 'eval_f1': 0.42, 'eval_runtime': 0.2126, 'eval_samples_per_second': 141.132, 'eval_steps_per_second': 9.409, 'epoch': 1159.0}
{'eval_loss': 0.5868834853172302, 'eval_f1': 0.42, 'eval_runtime': 0.2115, 'eval_samples_per_second': 141.819, 'eval_steps_per_second': 9.455, 'epoch': 1160.0}
{'eval_loss': 0.5869121551513672, 'eval_f1': 0.42, 'eval_runtime': 0.2135, 'eval_samples_per_second': 140.502, 'eval_steps_per_second': 9.367, 'epoch': 1161.0}
{'eval_loss': 0.5868980288505554, 'eval_f1': 0.42, 'eval_runtime': 0.2116, 'eval_samples_per_second': 141.75, 'eval_steps_per_second': 9.45, 'epoch': 1162.0}
{'eval_loss': 0.5868826508522034, 'eval_f1': 0.41860465116279066, 'eval_runtime': 0.2118, 'eval_samples_per_second': 141.666, 'eval_steps_per_second': 9.444, 'epoch': 1163.0}
{'eval_loss': 0.5868576169013977, 'eval_f1': 0.41860465116279066, 'eval_runtime': 0.2143, 'eval_samples_per_second': 139.993, 'eval_steps_per_second': 9.333, 'epoch': 1164.0}
{'eval_loss': 0.5869958400726318, 'eval_f1': 0.41860465116279066, 'eval_runtime': 0.2128, 'eval_samples_per_second': 140.957, 'eval_steps_per_second': 9.397, 'epoch': 1165.0}
{'eval_loss': 0.5871325731277466, 'eval_f1': 0.4133333333333334, 'eval_runtime': 0.2048, 'eval_samples_per_second': 146.515, 'eval_steps_per_second': 9.768, 'epoch': 1166.0}
{'eval_loss': 0.5871655941009521, 'eval_f1': 0.4133333333333334, 'eval_runtime': 0.2052, 'eval_samples_per_second': 146.164, 'eval_steps_per_second': 9.744, 'epoch': 1167.0}
{'eval_loss': 0.5871195197105408, 'eval_f1': 0.4133333333333334, 'eval_runtime': 0.2223, 'eval_samples_per_second': 134.945, 'eval_steps_per_second': 8.996, 'epoch': 1168.0}
{'eval_loss': 0.5871017575263977, 'eval_f1': 0.4133333333333334, 'eval_runtime': 0.2058, 'eval_samples_per_second': 145.777, 'eval_steps_per_second': 9.718, 'epoch': 1169.0}
{'eval_loss': 0.5870261788368225, 'eval_f1': 0.41860465116279066, 'eval_runtime': 0.2065, 'eval_samples_per_second': 145.254, 'eval_steps_per_second': 9.684, 'epoch': 1170.0}
{'eval_loss': 0.5869846940040588, 'eval_f1': 0.42, 'eval_runtime': 0.2055, 'eval_samples_per_second': 145.968, 'eval_steps_per_second': 9.731, 'epoch': 1171.0}
{'eval_loss': 0.5869869589805603, 'eval_f1': 0.42, 'eval_runtime': 0.2055, 'eval_samples_per_second': 145.98, 'eval_steps_per_second': 9.732, 'epoch': 1172.0}
{'eval_loss': 0.5870717167854309, 'eval_f1': 0.41471571906354515, 'eval_runtime': 0.2124, 'eval_samples_per_second': 141.263, 'eval_steps_per_second': 9.418, 'epoch': 1173.0}
{'eval_loss': 0.5870410203933716, 'eval_f1': 0.41471571906354515, 'eval_runtime': 0.2169, 'eval_samples_per_second': 138.285, 'eval_steps_per_second': 9.219, 'epoch': 1174.0}
{'eval_loss': 0.5869297385215759, 'eval_f1': 0.41471571906354515, 'eval_runtime': 0.2144, 'eval_samples_per_second': 139.912, 'eval_steps_per_second': 9.327, 'epoch': 1175.0}
{'eval_loss': 0.5869919061660767, 'eval_f1': 0.41471571906354515, 'eval_runtime': 0.2111, 'eval_samples_per_second': 142.14, 'eval_steps_per_second': 9.476, 'epoch': 1176.0}
{'eval_loss': 0.5870282053947449, 'eval_f1': 0.41471571906354515, 'eval_runtime': 0.212, 'eval_samples_per_second': 141.501, 'eval_steps_per_second': 9.433, 'epoch': 1177.0}
{'eval_loss': 0.5870257616043091, 'eval_f1': 0.42, 'eval_runtime': 0.2144, 'eval_samples_per_second': 139.943, 'eval_steps_per_second': 9.33, 'epoch': 1178.0}
{'eval_loss': 0.5869764685630798, 'eval_f1': 0.41471571906354515, 'eval_runtime': 0.2139, 'eval_samples_per_second': 140.265, 'eval_steps_per_second': 9.351, 'epoch': 1179.0}
{'eval_loss': 0.5869117975234985, 'eval_f1': 0.41471571906354515, 'eval_runtime': 0.212, 'eval_samples_per_second': 141.52, 'eval_steps_per_second': 9.435, 'epoch': 1180.0}
{'eval_loss': 0.5868065357208252, 'eval_f1': 0.41471571906354515, 'eval_runtime': 0.2124, 'eval_samples_per_second': 141.255, 'eval_steps_per_second': 9.417, 'epoch': 1181.0}
{'eval_loss': 0.5867512822151184, 'eval_f1': 0.4080267558528428, 'eval_runtime': 0.2131, 'eval_samples_per_second': 140.788, 'eval_steps_per_second': 9.386, 'epoch': 1182.0}
{'eval_loss': 0.5867959856987, 'eval_f1': 0.4066666666666667, 'eval_runtime': 0.2115, 'eval_samples_per_second': 141.869, 'eval_steps_per_second': 9.458, 'epoch': 1183.0}
{'eval_loss': 0.5869044065475464, 'eval_f1': 0.4133333333333334, 'eval_runtime': 0.2121, 'eval_samples_per_second': 141.471, 'eval_steps_per_second': 9.431, 'epoch': 1184.0}
{'eval_loss': 0.5870403051376343, 'eval_f1': 0.42, 'eval_runtime': 0.2156, 'eval_samples_per_second': 139.178, 'eval_steps_per_second': 9.279, 'epoch': 1185.0}
{'eval_loss': 0.5871644616127014, 'eval_f1': 0.41471571906354515, 'eval_runtime': 0.2108, 'eval_samples_per_second': 142.285, 'eval_steps_per_second': 9.486, 'epoch': 1186.0}
{'eval_loss': 0.5870990753173828, 'eval_f1': 0.42, 'eval_runtime': 0.2109, 'eval_samples_per_second': 142.259, 'eval_steps_per_second': 9.484, 'epoch': 1187.0}
{'loss': 0.4122, 'grad_norm': 0.8802484273910522, 'learning_rate': 1.2083333333333332e-07, 'epoch': 1187.5}
{'eval_loss': 0.5872265696525574, 'eval_f1': 0.42, 'eval_runtime': 0.2108, 'eval_samples_per_second': 142.346, 'eval_steps_per_second': 9.49, 'epoch': 1188.0}
{'eval_loss': 0.5872921347618103, 'eval_f1': 0.42, 'eval_runtime': 0.2116, 'eval_samples_per_second': 141.758, 'eval_steps_per_second': 9.451, 'epoch': 1189.0}
{'eval_loss': 0.5873300433158875, 'eval_f1': 0.42524916943521596, 'eval_runtime': 0.2101, 'eval_samples_per_second': 142.759, 'eval_steps_per_second': 9.517, 'epoch': 1190.0}
{'eval_loss': 0.5872967839241028, 'eval_f1': 0.42524916943521596, 'eval_runtime': 0.2115, 'eval_samples_per_second': 141.822, 'eval_steps_per_second': 9.455, 'epoch': 1191.0}
{'eval_loss': 0.5872588753700256, 'eval_f1': 0.42524916943521596, 'eval_runtime': 0.2021, 'eval_samples_per_second': 148.452, 'eval_steps_per_second': 9.897, 'epoch': 1192.0}
{'eval_loss': 0.587178647518158, 'eval_f1': 0.42524916943521596, 'eval_runtime': 0.2024, 'eval_samples_per_second': 148.186, 'eval_steps_per_second': 9.879, 'epoch': 1193.0}
{'eval_loss': 0.5872271060943604, 'eval_f1': 0.42524916943521596, 'eval_runtime': 0.2023, 'eval_samples_per_second': 148.281, 'eval_steps_per_second': 9.885, 'epoch': 1194.0}
{'eval_loss': 0.5873472690582275, 'eval_f1': 0.42, 'eval_runtime': 0.2032, 'eval_samples_per_second': 147.633, 'eval_steps_per_second': 9.842, 'epoch': 1195.0}
{'eval_loss': 0.5874307155609131, 'eval_f1': 0.41860465116279066, 'eval_runtime': 0.2254, 'eval_samples_per_second': 133.104, 'eval_steps_per_second': 8.874, 'epoch': 1196.0}
{'eval_loss': 0.5874001979827881, 'eval_f1': 0.42524916943521596, 'eval_runtime': 0.2031, 'eval_samples_per_second': 147.703, 'eval_steps_per_second': 9.847, 'epoch': 1197.0}
{'eval_loss': 0.5873998999595642, 'eval_f1': 0.42, 'eval_runtime': 0.2017, 'eval_samples_per_second': 148.71, 'eval_steps_per_second': 9.914, 'epoch': 1198.0}
{'eval_loss': 0.5873759984970093, 'eval_f1': 0.42524916943521596, 'eval_runtime': 0.2029, 'eval_samples_per_second': 147.841, 'eval_steps_per_second': 9.856, 'epoch': 1199.0}
{'eval_loss': 0.587479829788208, 'eval_f1': 0.42524916943521596, 'eval_runtime': 0.2163, 'eval_samples_per_second': 138.675, 'eval_steps_per_second': 9.245, 'epoch': 1200.0}
{'eval_loss': 0.5875409245491028, 'eval_f1': 0.42524916943521596, 'eval_runtime': 0.2038, 'eval_samples_per_second': 147.205, 'eval_steps_per_second': 9.814, 'epoch': 1201.0}
{'eval_loss': 0.5875257253646851, 'eval_f1': 0.42524916943521596, 'eval_runtime': 0.2107, 'eval_samples_per_second': 142.412, 'eval_steps_per_second': 9.494, 'epoch': 1202.0}
{'eval_loss': 0.5874329805374146, 'eval_f1': 0.42524916943521596, 'eval_runtime': 0.2027, 'eval_samples_per_second': 147.967, 'eval_steps_per_second': 9.864, 'epoch': 1203.0}
{'eval_loss': 0.587354302406311, 'eval_f1': 0.42, 'eval_runtime': 0.2053, 'eval_samples_per_second': 146.094, 'eval_steps_per_second': 9.74, 'epoch': 1204.0}
{'eval_loss': 0.5873461961746216, 'eval_f1': 0.41471571906354515, 'eval_runtime': 0.2046, 'eval_samples_per_second': 146.624, 'eval_steps_per_second': 9.775, 'epoch': 1205.0}
{'eval_loss': 0.5873640179634094, 'eval_f1': 0.41471571906354515, 'eval_runtime': 0.2094, 'eval_samples_per_second': 143.273, 'eval_steps_per_second': 9.552, 'epoch': 1206.0}
{'eval_loss': 0.5874077677726746, 'eval_f1': 0.41471571906354515, 'eval_runtime': 0.2189, 'eval_samples_per_second': 137.056, 'eval_steps_per_second': 9.137, 'epoch': 1207.0}
{'eval_loss': 0.587415337562561, 'eval_f1': 0.41471571906354515, 'eval_runtime': 0.2106, 'eval_samples_per_second': 142.457, 'eval_steps_per_second': 9.497, 'epoch': 1208.0}
{'eval_loss': 0.5873972773551941, 'eval_f1': 0.41471571906354515, 'eval_runtime': 0.2112, 'eval_samples_per_second': 142.037, 'eval_steps_per_second': 9.469, 'epoch': 1209.0}
{'eval_loss': 0.5874293446540833, 'eval_f1': 0.41471571906354515, 'eval_runtime': 0.211, 'eval_samples_per_second': 142.188, 'eval_steps_per_second': 9.479, 'epoch': 1210.0}
{'eval_loss': 0.58748859167099, 'eval_f1': 0.42524916943521596, 'eval_runtime': 0.2157, 'eval_samples_per_second': 139.093, 'eval_steps_per_second': 9.273, 'epoch': 1211.0}
{'eval_loss': 0.5874755382537842, 'eval_f1': 0.42524916943521596, 'eval_runtime': 0.2117, 'eval_samples_per_second': 141.702, 'eval_steps_per_second': 9.447, 'epoch': 1212.0}
{'eval_loss': 0.5874963402748108, 'eval_f1': 0.42524916943521596, 'eval_runtime': 0.2065, 'eval_samples_per_second': 145.249, 'eval_steps_per_second': 9.683, 'epoch': 1213.0}
{'eval_loss': 0.5875632166862488, 'eval_f1': 0.42524916943521596, 'eval_runtime': 0.207, 'eval_samples_per_second': 144.928, 'eval_steps_per_second': 9.662, 'epoch': 1214.0}
{'eval_loss': 0.5876413583755493, 'eval_f1': 0.42524916943521596, 'eval_runtime': 0.2128, 'eval_samples_per_second': 140.991, 'eval_steps_per_second': 9.399, 'epoch': 1215.0}
{'eval_loss': 0.5876951217651367, 'eval_f1': 0.42524916943521596, 'eval_runtime': 0.2017, 'eval_samples_per_second': 148.759, 'eval_steps_per_second': 9.917, 'epoch': 1216.0}
{'eval_loss': 0.5877041220664978, 'eval_f1': 0.42524916943521596, 'eval_runtime': 0.2107, 'eval_samples_per_second': 142.396, 'eval_steps_per_second': 9.493, 'epoch': 1217.0}
{'eval_loss': 0.5876887440681458, 'eval_f1': 0.42524916943521596, 'eval_runtime': 0.2165, 'eval_samples_per_second': 138.592, 'eval_steps_per_second': 9.239, 'epoch': 1218.0}
{'eval_loss': 0.5877545475959778, 'eval_f1': 0.42524916943521596, 'eval_runtime': 0.2046, 'eval_samples_per_second': 146.618, 'eval_steps_per_second': 9.775, 'epoch': 1219.0}
{'eval_loss': 0.5878199338912964, 'eval_f1': 0.42524916943521596, 'eval_runtime': 0.2071, 'eval_samples_per_second': 144.837, 'eval_steps_per_second': 9.656, 'epoch': 1220.0}
{'eval_loss': 0.5878614783287048, 'eval_f1': 0.42524916943521596, 'eval_runtime': 0.2012, 'eval_samples_per_second': 149.109, 'eval_steps_per_second': 9.941, 'epoch': 1221.0}
{'eval_loss': 0.587855875492096, 'eval_f1': 0.42, 'eval_runtime': 0.2166, 'eval_samples_per_second': 138.516, 'eval_steps_per_second': 9.234, 'epoch': 1222.0}
{'eval_loss': 0.5878077149391174, 'eval_f1': 0.42524916943521596, 'eval_runtime': 0.2001, 'eval_samples_per_second': 149.94, 'eval_steps_per_second': 9.996, 'epoch': 1223.0}
{'eval_loss': 0.5877043604850769, 'eval_f1': 0.42524916943521596, 'eval_runtime': 0.2001, 'eval_samples_per_second': 149.959, 'eval_steps_per_second': 9.997, 'epoch': 1224.0}
{'eval_loss': 0.5876524448394775, 'eval_f1': 0.42524916943521596, 'eval_runtime': 0.1976, 'eval_samples_per_second': 151.81, 'eval_steps_per_second': 10.121, 'epoch': 1225.0}
{'eval_loss': 0.5876350998878479, 'eval_f1': 0.42524916943521596, 'eval_runtime': 0.213, 'eval_samples_per_second': 140.819, 'eval_steps_per_second': 9.388, 'epoch': 1226.0}
{'eval_loss': 0.5876012444496155, 'eval_f1': 0.42524916943521596, 'eval_runtime': 0.1975, 'eval_samples_per_second': 151.904, 'eval_steps_per_second': 10.127, 'epoch': 1227.0}
{'eval_loss': 0.5876840353012085, 'eval_f1': 0.42524916943521596, 'eval_runtime': 0.1991, 'eval_samples_per_second': 150.716, 'eval_steps_per_second': 10.048, 'epoch': 1228.0}
{'eval_loss': 0.5876867771148682, 'eval_f1': 0.42524916943521596, 'eval_runtime': 0.2086, 'eval_samples_per_second': 143.813, 'eval_steps_per_second': 9.588, 'epoch': 1229.0}
{'eval_loss': 0.5876781940460205, 'eval_f1': 0.42, 'eval_runtime': 0.2127, 'eval_samples_per_second': 141.042, 'eval_steps_per_second': 9.403, 'epoch': 1230.0}
{'eval_loss': 0.5875826478004456, 'eval_f1': 0.41471571906354515, 'eval_runtime': 0.2123, 'eval_samples_per_second': 141.311, 'eval_steps_per_second': 9.421, 'epoch': 1231.0}
{'eval_loss': 0.5874596238136292, 'eval_f1': 0.41471571906354515, 'eval_runtime': 0.2106, 'eval_samples_per_second': 142.417, 'eval_steps_per_second': 9.494, 'epoch': 1232.0}
{'eval_loss': 0.5874646306037903, 'eval_f1': 0.41471571906354515, 'eval_runtime': 0.2048, 'eval_samples_per_second': 146.519, 'eval_steps_per_second': 9.768, 'epoch': 1233.0}
{'eval_loss': 0.5875956416130066, 'eval_f1': 0.42, 'eval_runtime': 0.2049, 'eval_samples_per_second': 146.407, 'eval_steps_per_second': 9.76, 'epoch': 1234.0}
{'eval_loss': 0.5876252055168152, 'eval_f1': 0.42524916943521596, 'eval_runtime': 0.2086, 'eval_samples_per_second': 143.783, 'eval_steps_per_second': 9.586, 'epoch': 1235.0}
{'eval_loss': 0.5876200199127197, 'eval_f1': 0.42524916943521596, 'eval_runtime': 0.211, 'eval_samples_per_second': 142.188, 'eval_steps_per_second': 9.479, 'epoch': 1236.0}
{'eval_loss': 0.587620735168457, 'eval_f1': 0.42, 'eval_runtime': 0.2073, 'eval_samples_per_second': 144.686, 'eval_steps_per_second': 9.646, 'epoch': 1237.0}
{'eval_loss': 0.5876902341842651, 'eval_f1': 0.42524916943521596, 'eval_runtime': 0.2177, 'eval_samples_per_second': 137.794, 'eval_steps_per_second': 9.186, 'epoch': 1238.0}
{'eval_loss': 0.5878898501396179, 'eval_f1': 0.42524916943521596, 'eval_runtime': 0.2051, 'eval_samples_per_second': 146.305, 'eval_steps_per_second': 9.754, 'epoch': 1239.0}
{'eval_loss': 0.5880536437034607, 'eval_f1': 0.42524916943521596, 'eval_runtime': 0.2151, 'eval_samples_per_second': 139.472, 'eval_steps_per_second': 9.298, 'epoch': 1240.0}
{'eval_loss': 0.5881820917129517, 'eval_f1': 0.42, 'eval_runtime': 0.2105, 'eval_samples_per_second': 142.538, 'eval_steps_per_second': 9.503, 'epoch': 1241.0}
{'eval_loss': 0.5882089734077454, 'eval_f1': 0.42, 'eval_runtime': 0.2125, 'eval_samples_per_second': 141.172, 'eval_steps_per_second': 9.411, 'epoch': 1242.0}
{'eval_loss': 0.5881854891777039, 'eval_f1': 0.42, 'eval_runtime': 0.2101, 'eval_samples_per_second': 142.788, 'eval_steps_per_second': 9.519, 'epoch': 1243.0}
{'eval_loss': 0.5880581736564636, 'eval_f1': 0.42524916943521596, 'eval_runtime': 0.2265, 'eval_samples_per_second': 132.428, 'eval_steps_per_second': 8.829, 'epoch': 1244.0}
{'eval_loss': 0.5881137251853943, 'eval_f1': 0.42524916943521596, 'eval_runtime': 0.206, 'eval_samples_per_second': 145.641, 'eval_steps_per_second': 9.709, 'epoch': 1245.0}
{'eval_loss': 0.5881783366203308, 'eval_f1': 0.42524916943521596, 'eval_runtime': 0.2089, 'eval_samples_per_second': 143.58, 'eval_steps_per_second': 9.572, 'epoch': 1246.0}
{'eval_loss': 0.5882062315940857, 'eval_f1': 0.42524916943521596, 'eval_runtime': 0.2066, 'eval_samples_per_second': 145.232, 'eval_steps_per_second': 9.682, 'epoch': 1247.0}
{'eval_loss': 0.5881667733192444, 'eval_f1': 0.42524916943521596, 'eval_runtime': 0.2153, 'eval_samples_per_second': 139.343, 'eval_steps_per_second': 9.29, 'epoch': 1248.0}
{'eval_loss': 0.5880213975906372, 'eval_f1': 0.42524916943521596, 'eval_runtime': 0.2084, 'eval_samples_per_second': 143.935, 'eval_steps_per_second': 9.596, 'epoch': 1249.0}
{'loss': 0.4054, 'grad_norm': 1.7667112350463867, 'learning_rate': 1.1666666666666667e-07, 'epoch': 1250.0}
{'eval_loss': 0.5879665017127991, 'eval_f1': 0.42524916943521596, 'eval_runtime': 0.2144, 'eval_samples_per_second': 139.919, 'eval_steps_per_second': 9.328, 'epoch': 1250.0}
{'eval_loss': 0.5879000425338745, 'eval_f1': 0.42524916943521596, 'eval_runtime': 0.2007, 'eval_samples_per_second': 149.49, 'eval_steps_per_second': 9.966, 'epoch': 1251.0}
{'eval_loss': 0.5879769921302795, 'eval_f1': 0.42524916943521596, 'eval_runtime': 0.1988, 'eval_samples_per_second': 150.929, 'eval_steps_per_second': 10.062, 'epoch': 1252.0}
{'eval_loss': 0.5880096554756165, 'eval_f1': 0.42, 'eval_runtime': 0.1975, 'eval_samples_per_second': 151.912, 'eval_steps_per_second': 10.127, 'epoch': 1253.0}
{'eval_loss': 0.5880359411239624, 'eval_f1': 0.42524916943521596, 'eval_runtime': 0.2006, 'eval_samples_per_second': 149.56, 'eval_steps_per_second': 9.971, 'epoch': 1254.0}
{'eval_loss': 0.5879878997802734, 'eval_f1': 0.42524916943521596, 'eval_runtime': 0.2134, 'eval_samples_per_second': 140.608, 'eval_steps_per_second': 9.374, 'epoch': 1255.0}
{'eval_loss': 0.588042676448822, 'eval_f1': 0.42524916943521596, 'eval_runtime': 0.2087, 'eval_samples_per_second': 143.716, 'eval_steps_per_second': 9.581, 'epoch': 1256.0}
{'eval_loss': 0.5880199074745178, 'eval_f1': 0.42524916943521596, 'eval_runtime': 0.2145, 'eval_samples_per_second': 139.86, 'eval_steps_per_second': 9.324, 'epoch': 1257.0}
{'eval_loss': 0.58802729845047, 'eval_f1': 0.42524916943521596, 'eval_runtime': 0.1989, 'eval_samples_per_second': 150.816, 'eval_steps_per_second': 10.054, 'epoch': 1258.0}
{'eval_loss': 0.5879230499267578, 'eval_f1': 0.42, 'eval_runtime': 0.2123, 'eval_samples_per_second': 141.281, 'eval_steps_per_second': 9.419, 'epoch': 1259.0}
{'eval_loss': 0.5878164768218994, 'eval_f1': 0.42, 'eval_runtime': 0.2118, 'eval_samples_per_second': 141.632, 'eval_steps_per_second': 9.442, 'epoch': 1260.0}
{'eval_loss': 0.5878549218177795, 'eval_f1': 0.42, 'eval_runtime': 0.1986, 'eval_samples_per_second': 151.047, 'eval_steps_per_second': 10.07, 'epoch': 1261.0}
{'eval_loss': 0.5879701375961304, 'eval_f1': 0.42, 'eval_runtime': 0.1987, 'eval_samples_per_second': 150.988, 'eval_steps_per_second': 10.066, 'epoch': 1262.0}
{'eval_loss': 0.5880711674690247, 'eval_f1': 0.42, 'eval_runtime': 0.198, 'eval_samples_per_second': 151.549, 'eval_steps_per_second': 10.103, 'epoch': 1263.0}
{'eval_loss': 0.5881617069244385, 'eval_f1': 0.42524916943521596, 'eval_runtime': 0.2112, 'eval_samples_per_second': 142.028, 'eval_steps_per_second': 9.469, 'epoch': 1264.0}
{'eval_loss': 0.5881881713867188, 'eval_f1': 0.42524916943521596, 'eval_runtime': 0.2118, 'eval_samples_per_second': 141.636, 'eval_steps_per_second': 9.442, 'epoch': 1265.0}
{'eval_loss': 0.5881252288818359, 'eval_f1': 0.42524916943521596, 'eval_runtime': 0.2016, 'eval_samples_per_second': 148.828, 'eval_steps_per_second': 9.922, 'epoch': 1266.0}
{'eval_loss': 0.5880197882652283, 'eval_f1': 0.42, 'eval_runtime': 0.1986, 'eval_samples_per_second': 151.06, 'eval_steps_per_second': 10.071, 'epoch': 1267.0}
{'eval_loss': 0.5880540013313293, 'eval_f1': 0.42, 'eval_runtime': 0.1978, 'eval_samples_per_second': 151.687, 'eval_steps_per_second': 10.112, 'epoch': 1268.0}
{'eval_loss': 0.5881081819534302, 'eval_f1': 0.42, 'eval_runtime': 0.2107, 'eval_samples_per_second': 142.384, 'eval_steps_per_second': 9.492, 'epoch': 1269.0}
{'eval_loss': 0.5881963968276978, 'eval_f1': 0.42524916943521596, 'eval_runtime': 0.1978, 'eval_samples_per_second': 151.698, 'eval_steps_per_second': 10.113, 'epoch': 1270.0}
{'eval_loss': 0.5883341431617737, 'eval_f1': 0.42524916943521596, 'eval_runtime': 0.2095, 'eval_samples_per_second': 143.21, 'eval_steps_per_second': 9.547, 'epoch': 1271.0}
{'eval_loss': 0.5883562564849854, 'eval_f1': 0.42524916943521596, 'eval_runtime': 0.1977, 'eval_samples_per_second': 151.735, 'eval_steps_per_second': 10.116, 'epoch': 1272.0}
{'eval_loss': 0.5883963704109192, 'eval_f1': 0.42524916943521596, 'eval_runtime': 0.2056, 'eval_samples_per_second': 145.902, 'eval_steps_per_second': 9.727, 'epoch': 1273.0}
{'eval_loss': 0.5883241891860962, 'eval_f1': 0.42, 'eval_runtime': 0.1979, 'eval_samples_per_second': 151.609, 'eval_steps_per_second': 10.107, 'epoch': 1274.0}
{'eval_loss': 0.5882695317268372, 'eval_f1': 0.42, 'eval_runtime': 0.1999, 'eval_samples_per_second': 150.075, 'eval_steps_per_second': 10.005, 'epoch': 1275.0}
{'eval_loss': 0.5882192254066467, 'eval_f1': 0.42, 'eval_runtime': 0.2128, 'eval_samples_per_second': 140.988, 'eval_steps_per_second': 9.399, 'epoch': 1276.0}
{'eval_loss': 0.5882763266563416, 'eval_f1': 0.41471571906354515, 'eval_runtime': 0.1978, 'eval_samples_per_second': 151.679, 'eval_steps_per_second': 10.112, 'epoch': 1277.0}
{'eval_loss': 0.5883045196533203, 'eval_f1': 0.42, 'eval_runtime': 0.1991, 'eval_samples_per_second': 150.685, 'eval_steps_per_second': 10.046, 'epoch': 1278.0}
{'eval_loss': 0.5883252620697021, 'eval_f1': 0.42, 'eval_runtime': 0.1974, 'eval_samples_per_second': 151.983, 'eval_steps_per_second': 10.132, 'epoch': 1279.0}
{'eval_loss': 0.5882715582847595, 'eval_f1': 0.41471571906354515, 'eval_runtime': 0.1992, 'eval_samples_per_second': 150.588, 'eval_steps_per_second': 10.039, 'epoch': 1280.0}
{'eval_loss': 0.5883208513259888, 'eval_f1': 0.42, 'eval_runtime': 0.2016, 'eval_samples_per_second': 148.808, 'eval_steps_per_second': 9.921, 'epoch': 1281.0}
{'eval_loss': 0.5883031487464905, 'eval_f1': 0.41471571906354515, 'eval_runtime': 0.2011, 'eval_samples_per_second': 149.194, 'eval_steps_per_second': 9.946, 'epoch': 1282.0}
{'eval_loss': 0.5882143378257751, 'eval_f1': 0.41471571906354515, 'eval_runtime': 0.1975, 'eval_samples_per_second': 151.864, 'eval_steps_per_second': 10.124, 'epoch': 1283.0}
{'eval_loss': 0.588179349899292, 'eval_f1': 0.41471571906354515, 'eval_runtime': 0.2026, 'eval_samples_per_second': 148.086, 'eval_steps_per_second': 9.872, 'epoch': 1284.0}
{'eval_loss': 0.588280975818634, 'eval_f1': 0.41471571906354515, 'eval_runtime': 0.2005, 'eval_samples_per_second': 149.623, 'eval_steps_per_second': 9.975, 'epoch': 1285.0}
{'eval_loss': 0.5883878469467163, 'eval_f1': 0.42, 'eval_runtime': 0.2116, 'eval_samples_per_second': 141.76, 'eval_steps_per_second': 9.451, 'epoch': 1286.0}
{'eval_loss': 0.5884009599685669, 'eval_f1': 0.42, 'eval_runtime': 0.1979, 'eval_samples_per_second': 151.569, 'eval_steps_per_second': 10.105, 'epoch': 1287.0}
{'eval_loss': 0.588345468044281, 'eval_f1': 0.42, 'eval_runtime': 0.1982, 'eval_samples_per_second': 151.328, 'eval_steps_per_second': 10.089, 'epoch': 1288.0}
{'eval_loss': 0.5882917642593384, 'eval_f1': 0.42, 'eval_runtime': 0.2124, 'eval_samples_per_second': 141.255, 'eval_steps_per_second': 9.417, 'epoch': 1289.0}
{'eval_loss': 0.5883493423461914, 'eval_f1': 0.42, 'eval_runtime': 0.1981, 'eval_samples_per_second': 151.409, 'eval_steps_per_second': 10.094, 'epoch': 1290.0}
{'eval_loss': 0.5883986949920654, 'eval_f1': 0.42, 'eval_runtime': 0.1997, 'eval_samples_per_second': 150.256, 'eval_steps_per_second': 10.017, 'epoch': 1291.0}
{'eval_loss': 0.5883545279502869, 'eval_f1': 0.42, 'eval_runtime': 0.2, 'eval_samples_per_second': 150.002, 'eval_steps_per_second': 10.0, 'epoch': 1292.0}
{'eval_loss': 0.5883573293685913, 'eval_f1': 0.42, 'eval_runtime': 0.2086, 'eval_samples_per_second': 143.838, 'eval_steps_per_second': 9.589, 'epoch': 1293.0}
{'eval_loss': 0.5882999897003174, 'eval_f1': 0.42, 'eval_runtime': 0.2093, 'eval_samples_per_second': 143.315, 'eval_steps_per_second': 9.554, 'epoch': 1294.0}
{'eval_loss': 0.5882322192192078, 'eval_f1': 0.42, 'eval_runtime': 0.2114, 'eval_samples_per_second': 141.908, 'eval_steps_per_second': 9.461, 'epoch': 1295.0}
{'eval_loss': 0.588236927986145, 'eval_f1': 0.42384105960264906, 'eval_runtime': 0.2233, 'eval_samples_per_second': 134.319, 'eval_steps_per_second': 8.955, 'epoch': 1296.0}
{'eval_loss': 0.588168740272522, 'eval_f1': 0.41860465116279066, 'eval_runtime': 0.2162, 'eval_samples_per_second': 138.74, 'eval_steps_per_second': 9.249, 'epoch': 1297.0}
{'eval_loss': 0.5880774259567261, 'eval_f1': 0.41860465116279066, 'eval_runtime': 0.2084, 'eval_samples_per_second': 143.976, 'eval_steps_per_second': 9.598, 'epoch': 1298.0}
{'eval_loss': 0.5880374908447266, 'eval_f1': 0.41860465116279066, 'eval_runtime': 0.2066, 'eval_samples_per_second': 145.23, 'eval_steps_per_second': 9.682, 'epoch': 1299.0}
{'eval_loss': 0.5880920886993408, 'eval_f1': 0.41860465116279066, 'eval_runtime': 0.2069, 'eval_samples_per_second': 145.026, 'eval_steps_per_second': 9.668, 'epoch': 1300.0}
{'eval_loss': 0.5881128907203674, 'eval_f1': 0.41860465116279066, 'eval_runtime': 0.2181, 'eval_samples_per_second': 137.544, 'eval_steps_per_second': 9.17, 'epoch': 1301.0}
{'eval_loss': 0.588042140007019, 'eval_f1': 0.4133333333333334, 'eval_runtime': 0.219, 'eval_samples_per_second': 136.987, 'eval_steps_per_second': 9.132, 'epoch': 1302.0}
{'eval_loss': 0.588054358959198, 'eval_f1': 0.4133333333333334, 'eval_runtime': 0.219, 'eval_samples_per_second': 137.003, 'eval_steps_per_second': 9.134, 'epoch': 1303.0}
{'eval_loss': 0.5881664156913757, 'eval_f1': 0.4133333333333334, 'eval_runtime': 0.2191, 'eval_samples_per_second': 136.935, 'eval_steps_per_second': 9.129, 'epoch': 1304.0}
{'eval_loss': 0.5882534384727478, 'eval_f1': 0.41860465116279066, 'eval_runtime': 0.2188, 'eval_samples_per_second': 137.122, 'eval_steps_per_second': 9.141, 'epoch': 1305.0}
{'eval_loss': 0.5882437229156494, 'eval_f1': 0.41860465116279066, 'eval_runtime': 0.2185, 'eval_samples_per_second': 137.297, 'eval_steps_per_second': 9.153, 'epoch': 1306.0}
{'eval_loss': 0.5881755352020264, 'eval_f1': 0.41860465116279066, 'eval_runtime': 0.2189, 'eval_samples_per_second': 137.036, 'eval_steps_per_second': 9.136, 'epoch': 1307.0}
{'eval_loss': 0.5880921483039856, 'eval_f1': 0.41860465116279066, 'eval_runtime': 0.2198, 'eval_samples_per_second': 136.495, 'eval_steps_per_second': 9.1, 'epoch': 1308.0}
{'eval_loss': 0.588088870048523, 'eval_f1': 0.41860465116279066, 'eval_runtime': 0.2201, 'eval_samples_per_second': 136.303, 'eval_steps_per_second': 9.087, 'epoch': 1309.0}
{'eval_loss': 0.5881158113479614, 'eval_f1': 0.41860465116279066, 'eval_runtime': 0.2196, 'eval_samples_per_second': 136.618, 'eval_steps_per_second': 9.108, 'epoch': 1310.0}
{'eval_loss': 0.5881531238555908, 'eval_f1': 0.41860465116279066, 'eval_runtime': 0.2188, 'eval_samples_per_second': 137.12, 'eval_steps_per_second': 9.141, 'epoch': 1311.0}
{'eval_loss': 0.5881868600845337, 'eval_f1': 0.42384105960264906, 'eval_runtime': 0.2194, 'eval_samples_per_second': 136.754, 'eval_steps_per_second': 9.117, 'epoch': 1312.0}
{'loss': 0.3986, 'grad_norm': 0.8044037222862244, 'learning_rate': 1.125e-07, 'epoch': 1312.5}
{'eval_loss': 0.5883016586303711, 'eval_f1': 0.42384105960264906, 'eval_runtime': 0.2204, 'eval_samples_per_second': 136.105, 'eval_steps_per_second': 9.074, 'epoch': 1313.0}
{'eval_loss': 0.58829665184021, 'eval_f1': 0.42384105960264906, 'eval_runtime': 0.2332, 'eval_samples_per_second': 128.664, 'eval_steps_per_second': 8.578, 'epoch': 1314.0}
{'eval_loss': 0.5882763266563416, 'eval_f1': 0.41860465116279066, 'eval_runtime': 0.2275, 'eval_samples_per_second': 131.851, 'eval_steps_per_second': 8.79, 'epoch': 1315.0}
{'eval_loss': 0.5882443785667419, 'eval_f1': 0.4133333333333334, 'eval_runtime': 0.2296, 'eval_samples_per_second': 130.651, 'eval_steps_per_second': 8.71, 'epoch': 1316.0}
{'eval_loss': 0.588256299495697, 'eval_f1': 0.41860465116279066, 'eval_runtime': 0.2315, 'eval_samples_per_second': 129.576, 'eval_steps_per_second': 8.638, 'epoch': 1317.0}
{'eval_loss': 0.5882371664047241, 'eval_f1': 0.4133333333333334, 'eval_runtime': 0.2274, 'eval_samples_per_second': 131.928, 'eval_steps_per_second': 8.795, 'epoch': 1318.0}
{'eval_loss': 0.5883014798164368, 'eval_f1': 0.4133333333333334, 'eval_runtime': 0.2271, 'eval_samples_per_second': 132.083, 'eval_steps_per_second': 8.806, 'epoch': 1319.0}
{'eval_loss': 0.5883483290672302, 'eval_f1': 0.41860465116279066, 'eval_runtime': 0.2311, 'eval_samples_per_second': 129.835, 'eval_steps_per_second': 8.656, 'epoch': 1320.0}
{'eval_loss': 0.5884100794792175, 'eval_f1': 0.41860465116279066, 'eval_runtime': 0.2277, 'eval_samples_per_second': 131.773, 'eval_steps_per_second': 8.785, 'epoch': 1321.0}
{'eval_loss': 0.5883907079696655, 'eval_f1': 0.4133333333333334, 'eval_runtime': 0.2308, 'eval_samples_per_second': 129.994, 'eval_steps_per_second': 8.666, 'epoch': 1322.0}
{'eval_loss': 0.58841472864151, 'eval_f1': 0.41471571906354515, 'eval_runtime': 0.228, 'eval_samples_per_second': 131.562, 'eval_steps_per_second': 8.771, 'epoch': 1323.0}
{'eval_loss': 0.5885025858879089, 'eval_f1': 0.4133333333333334, 'eval_runtime': 0.2282, 'eval_samples_per_second': 131.47, 'eval_steps_per_second': 8.765, 'epoch': 1324.0}
{'eval_loss': 0.5887134075164795, 'eval_f1': 0.4133333333333334, 'eval_runtime': 0.2277, 'eval_samples_per_second': 131.766, 'eval_steps_per_second': 8.784, 'epoch': 1325.0}
{'eval_loss': 0.5888828039169312, 'eval_f1': 0.41860465116279066, 'eval_runtime': 0.2318, 'eval_samples_per_second': 129.431, 'eval_steps_per_second': 8.629, 'epoch': 1326.0}
{'eval_loss': 0.5889928936958313, 'eval_f1': 0.41860465116279066, 'eval_runtime': 0.2278, 'eval_samples_per_second': 131.717, 'eval_steps_per_second': 8.781, 'epoch': 1327.0}
{'eval_loss': 0.5889623761177063, 'eval_f1': 0.41860465116279066, 'eval_runtime': 0.2272, 'eval_samples_per_second': 132.021, 'eval_steps_per_second': 8.801, 'epoch': 1328.0}
{'eval_loss': 0.5889503359794617, 'eval_f1': 0.41860465116279066, 'eval_runtime': 0.2278, 'eval_samples_per_second': 131.722, 'eval_steps_per_second': 8.781, 'epoch': 1329.0}
{'eval_loss': 0.5888853669166565, 'eval_f1': 0.41860465116279066, 'eval_runtime': 0.2284, 'eval_samples_per_second': 131.33, 'eval_steps_per_second': 8.755, 'epoch': 1330.0}
{'eval_loss': 0.5888586640357971, 'eval_f1': 0.41860465116279066, 'eval_runtime': 0.2294, 'eval_samples_per_second': 130.755, 'eval_steps_per_second': 8.717, 'epoch': 1331.0}
{'eval_loss': 0.5889305472373962, 'eval_f1': 0.41860465116279066, 'eval_runtime': 0.2337, 'eval_samples_per_second': 128.358, 'eval_steps_per_second': 8.557, 'epoch': 1332.0}
{'eval_loss': 0.5889438390731812, 'eval_f1': 0.41860465116279066, 'eval_runtime': 0.2128, 'eval_samples_per_second': 140.997, 'eval_steps_per_second': 9.4, 'epoch': 1333.0}
{'eval_loss': 0.5889747738838196, 'eval_f1': 0.41860465116279066, 'eval_runtime': 0.2123, 'eval_samples_per_second': 141.295, 'eval_steps_per_second': 9.42, 'epoch': 1334.0}
{'eval_loss': 0.5890793204307556, 'eval_f1': 0.41860465116279066, 'eval_runtime': 0.2098, 'eval_samples_per_second': 143.009, 'eval_steps_per_second': 9.534, 'epoch': 1335.0}
{'eval_loss': 0.5892542600631714, 'eval_f1': 0.41721854304635764, 'eval_runtime': 0.2107, 'eval_samples_per_second': 142.354, 'eval_steps_per_second': 9.49, 'epoch': 1336.0}
{'eval_loss': 0.589235246181488, 'eval_f1': 0.41721854304635764, 'eval_runtime': 0.2102, 'eval_samples_per_second': 142.706, 'eval_steps_per_second': 9.514, 'epoch': 1337.0}
{'eval_loss': 0.5893085598945618, 'eval_f1': 0.41721854304635764, 'eval_runtime': 0.2099, 'eval_samples_per_second': 142.923, 'eval_steps_per_second': 9.528, 'epoch': 1338.0}
{'eval_loss': 0.5892888307571411, 'eval_f1': 0.41721854304635764, 'eval_runtime': 0.2101, 'eval_samples_per_second': 142.803, 'eval_steps_per_second': 9.52, 'epoch': 1339.0}
{'eval_loss': 0.5892084240913391, 'eval_f1': 0.41721854304635764, 'eval_runtime': 0.2103, 'eval_samples_per_second': 142.671, 'eval_steps_per_second': 9.511, 'epoch': 1340.0}
{'eval_loss': 0.5891778469085693, 'eval_f1': 0.41721854304635764, 'eval_runtime': 0.2165, 'eval_samples_per_second': 138.546, 'eval_steps_per_second': 9.236, 'epoch': 1341.0}
{'eval_loss': 0.5891372561454773, 'eval_f1': 0.41721854304635764, 'eval_runtime': 0.2102, 'eval_samples_per_second': 142.746, 'eval_steps_per_second': 9.516, 'epoch': 1342.0}
{'eval_loss': 0.589094340801239, 'eval_f1': 0.41860465116279066, 'eval_runtime': 0.212, 'eval_samples_per_second': 141.519, 'eval_steps_per_second': 9.435, 'epoch': 1343.0}
{'eval_loss': 0.5890900492668152, 'eval_f1': 0.41860465116279066, 'eval_runtime': 0.2135, 'eval_samples_per_second': 140.544, 'eval_steps_per_second': 9.37, 'epoch': 1344.0}
{'eval_loss': 0.5890220999717712, 'eval_f1': 0.41860465116279066, 'eval_runtime': 0.2102, 'eval_samples_per_second': 142.695, 'eval_steps_per_second': 9.513, 'epoch': 1345.0}
{'eval_loss': 0.5890342593193054, 'eval_f1': 0.41860465116279066, 'eval_runtime': 0.2109, 'eval_samples_per_second': 142.228, 'eval_steps_per_second': 9.482, 'epoch': 1346.0}
{'eval_loss': 0.5891133546829224, 'eval_f1': 0.41721854304635764, 'eval_runtime': 0.2103, 'eval_samples_per_second': 142.668, 'eval_steps_per_second': 9.511, 'epoch': 1347.0}
{'eval_loss': 0.5892494916915894, 'eval_f1': 0.41721854304635764, 'eval_runtime': 0.2102, 'eval_samples_per_second': 142.745, 'eval_steps_per_second': 9.516, 'epoch': 1348.0}
{'eval_loss': 0.5892916917800903, 'eval_f1': 0.41721854304635764, 'eval_runtime': 0.2125, 'eval_samples_per_second': 141.172, 'eval_steps_per_second': 9.411, 'epoch': 1349.0}
{'eval_loss': 0.5892746448516846, 'eval_f1': 0.42105263157894735, 'eval_runtime': 0.2128, 'eval_samples_per_second': 141.006, 'eval_steps_per_second': 9.4, 'epoch': 1350.0}
{'eval_loss': 0.589317262172699, 'eval_f1': 0.4224422442244225, 'eval_runtime': 0.2111, 'eval_samples_per_second': 142.097, 'eval_steps_per_second': 9.473, 'epoch': 1351.0}
{'eval_loss': 0.589402973651886, 'eval_f1': 0.4224422442244225, 'eval_runtime': 0.2124, 'eval_samples_per_second': 141.241, 'eval_steps_per_second': 9.416, 'epoch': 1352.0}
{'eval_loss': 0.5893707275390625, 'eval_f1': 0.41721854304635764, 'eval_runtime': 0.2109, 'eval_samples_per_second': 142.254, 'eval_steps_per_second': 9.484, 'epoch': 1353.0}
{'eval_loss': 0.589331865310669, 'eval_f1': 0.42105263157894735, 'eval_runtime': 0.2177, 'eval_samples_per_second': 137.823, 'eval_steps_per_second': 9.188, 'epoch': 1354.0}
{'eval_loss': 0.5893179178237915, 'eval_f1': 0.4158415841584158, 'eval_runtime': 0.216, 'eval_samples_per_second': 138.859, 'eval_steps_per_second': 9.257, 'epoch': 1355.0}
{'eval_loss': 0.5892854332923889, 'eval_f1': 0.4158415841584158, 'eval_runtime': 0.2114, 'eval_samples_per_second': 141.899, 'eval_steps_per_second': 9.46, 'epoch': 1356.0}
{'eval_loss': 0.5892831087112427, 'eval_f1': 0.41721854304635764, 'eval_runtime': 0.2116, 'eval_samples_per_second': 141.792, 'eval_steps_per_second': 9.453, 'epoch': 1357.0}
{'eval_loss': 0.5892911553382874, 'eval_f1': 0.41721854304635764, 'eval_runtime': 0.2145, 'eval_samples_per_second': 139.882, 'eval_steps_per_second': 9.325, 'epoch': 1358.0}
{'eval_loss': 0.5892698764801025, 'eval_f1': 0.41860465116279066, 'eval_runtime': 0.2149, 'eval_samples_per_second': 139.624, 'eval_steps_per_second': 9.308, 'epoch': 1359.0}
{'eval_loss': 0.5893812775611877, 'eval_f1': 0.41860465116279066, 'eval_runtime': 0.2124, 'eval_samples_per_second': 141.233, 'eval_steps_per_second': 9.416, 'epoch': 1360.0}
{'eval_loss': 0.58927983045578, 'eval_f1': 0.41860465116279066, 'eval_runtime': 0.2218, 'eval_samples_per_second': 135.267, 'eval_steps_per_second': 9.018, 'epoch': 1361.0}
{'eval_loss': 0.5892502069473267, 'eval_f1': 0.41721854304635764, 'eval_runtime': 0.2132, 'eval_samples_per_second': 140.702, 'eval_steps_per_second': 9.38, 'epoch': 1362.0}
{'eval_loss': 0.5893698930740356, 'eval_f1': 0.41721854304635764, 'eval_runtime': 0.2117, 'eval_samples_per_second': 141.699, 'eval_steps_per_second': 9.447, 'epoch': 1363.0}
{'eval_loss': 0.5894681811332703, 'eval_f1': 0.4158415841584158, 'eval_runtime': 0.2117, 'eval_samples_per_second': 141.708, 'eval_steps_per_second': 9.447, 'epoch': 1364.0}
{'eval_loss': 0.5895664095878601, 'eval_f1': 0.4158415841584158, 'eval_runtime': 0.2162, 'eval_samples_per_second': 138.735, 'eval_steps_per_second': 9.249, 'epoch': 1365.0}
{'eval_loss': 0.5896947979927063, 'eval_f1': 0.4158415841584158, 'eval_runtime': 0.2216, 'eval_samples_per_second': 135.383, 'eval_steps_per_second': 9.026, 'epoch': 1366.0}
{'eval_loss': 0.5895982980728149, 'eval_f1': 0.4158415841584158, 'eval_runtime': 0.2222, 'eval_samples_per_second': 134.991, 'eval_steps_per_second': 8.999, 'epoch': 1367.0}
{'eval_loss': 0.5894376039505005, 'eval_f1': 0.4158415841584158, 'eval_runtime': 0.2183, 'eval_samples_per_second': 137.412, 'eval_steps_per_second': 9.161, 'epoch': 1368.0}
{'eval_loss': 0.5893882513046265, 'eval_f1': 0.4158415841584158, 'eval_runtime': 0.2122, 'eval_samples_per_second': 141.368, 'eval_steps_per_second': 9.425, 'epoch': 1369.0}
{'eval_loss': 0.5893898606300354, 'eval_f1': 0.4158415841584158, 'eval_runtime': 0.2213, 'eval_samples_per_second': 135.558, 'eval_steps_per_second': 9.037, 'epoch': 1370.0}
{'eval_loss': 0.5894201397895813, 'eval_f1': 0.4158415841584158, 'eval_runtime': 0.219, 'eval_samples_per_second': 136.971, 'eval_steps_per_second': 9.131, 'epoch': 1371.0}
{'eval_loss': 0.5894014835357666, 'eval_f1': 0.4158415841584158, 'eval_runtime': 0.2052, 'eval_samples_per_second': 146.179, 'eval_steps_per_second': 9.745, 'epoch': 1372.0}
{'eval_loss': 0.5894649028778076, 'eval_f1': 0.42105263157894735, 'eval_runtime': 0.2169, 'eval_samples_per_second': 138.288, 'eval_steps_per_second': 9.219, 'epoch': 1373.0}
{'eval_loss': 0.5895860195159912, 'eval_f1': 0.4158415841584158, 'eval_runtime': 0.2129, 'eval_samples_per_second': 140.924, 'eval_steps_per_second': 9.395, 'epoch': 1374.0}
{'loss': 0.392, 'grad_norm': 1.625190258026123, 'learning_rate': 1.0833333333333332e-07, 'epoch': 1375.0}
{'eval_loss': 0.5895906686782837, 'eval_f1': 0.42105263157894735, 'eval_runtime': 0.2158, 'eval_samples_per_second': 138.995, 'eval_steps_per_second': 9.266, 'epoch': 1375.0}
{'eval_loss': 0.5896207690238953, 'eval_f1': 0.42105263157894735, 'eval_runtime': 0.2141, 'eval_samples_per_second': 140.104, 'eval_steps_per_second': 9.34, 'epoch': 1376.0}
{'eval_loss': 0.5897029638290405, 'eval_f1': 0.42105263157894735, 'eval_runtime': 0.2178, 'eval_samples_per_second': 137.72, 'eval_steps_per_second': 9.181, 'epoch': 1377.0}
{'eval_loss': 0.5897977352142334, 'eval_f1': 0.42105263157894735, 'eval_runtime': 0.2097, 'eval_samples_per_second': 143.04, 'eval_steps_per_second': 9.536, 'epoch': 1378.0}
{'eval_loss': 0.5897657871246338, 'eval_f1': 0.42105263157894735, 'eval_runtime': 0.2101, 'eval_samples_per_second': 142.784, 'eval_steps_per_second': 9.519, 'epoch': 1379.0}
{'eval_loss': 0.5898508429527283, 'eval_f1': 0.42105263157894735, 'eval_runtime': 0.2101, 'eval_samples_per_second': 142.801, 'eval_steps_per_second': 9.52, 'epoch': 1380.0}
{'eval_loss': 0.5897719860076904, 'eval_f1': 0.4224422442244225, 'eval_runtime': 0.2101, 'eval_samples_per_second': 142.763, 'eval_steps_per_second': 9.518, 'epoch': 1381.0}
{'eval_loss': 0.5897558331489563, 'eval_f1': 0.4224422442244225, 'eval_runtime': 0.2393, 'eval_samples_per_second': 125.341, 'eval_steps_per_second': 8.356, 'epoch': 1382.0}
{'eval_loss': 0.5897533297538757, 'eval_f1': 0.4224422442244225, 'eval_runtime': 0.2105, 'eval_samples_per_second': 142.524, 'eval_steps_per_second': 9.502, 'epoch': 1383.0}
{'eval_loss': 0.5897766351699829, 'eval_f1': 0.4224422442244225, 'eval_runtime': 0.2104, 'eval_samples_per_second': 142.608, 'eval_steps_per_second': 9.507, 'epoch': 1384.0}
{'eval_loss': 0.58990877866745, 'eval_f1': 0.4224422442244225, 'eval_runtime': 0.2092, 'eval_samples_per_second': 143.376, 'eval_steps_per_second': 9.558, 'epoch': 1385.0}
{'eval_loss': 0.5899868011474609, 'eval_f1': 0.42622950819672134, 'eval_runtime': 0.2086, 'eval_samples_per_second': 143.786, 'eval_steps_per_second': 9.586, 'epoch': 1386.0}
{'eval_loss': 0.5901035070419312, 'eval_f1': 0.41447368421052627, 'eval_runtime': 0.2152, 'eval_samples_per_second': 139.412, 'eval_steps_per_second': 9.294, 'epoch': 1387.0}
{'eval_loss': 0.5901442170143127, 'eval_f1': 0.41447368421052627, 'eval_runtime': 0.209, 'eval_samples_per_second': 143.548, 'eval_steps_per_second': 9.57, 'epoch': 1388.0}
{'eval_loss': 0.5901702046394348, 'eval_f1': 0.41447368421052627, 'eval_runtime': 0.211, 'eval_samples_per_second': 142.184, 'eval_steps_per_second': 9.479, 'epoch': 1389.0}
{'eval_loss': 0.5902692079544067, 'eval_f1': 0.419672131147541, 'eval_runtime': 0.2109, 'eval_samples_per_second': 142.279, 'eval_steps_per_second': 9.485, 'epoch': 1390.0}
{'eval_loss': 0.5903478264808655, 'eval_f1': 0.419672131147541, 'eval_runtime': 0.2095, 'eval_samples_per_second': 143.217, 'eval_steps_per_second': 9.548, 'epoch': 1391.0}
{'eval_loss': 0.5903796553611755, 'eval_f1': 0.42105263157894735, 'eval_runtime': 0.2088, 'eval_samples_per_second': 143.678, 'eval_steps_per_second': 9.579, 'epoch': 1392.0}
{'eval_loss': 0.5904261469841003, 'eval_f1': 0.42105263157894735, 'eval_runtime': 0.2092, 'eval_samples_per_second': 143.373, 'eval_steps_per_second': 9.558, 'epoch': 1393.0}
{'eval_loss': 0.5904973149299622, 'eval_f1': 0.42105263157894735, 'eval_runtime': 0.2106, 'eval_samples_per_second': 142.474, 'eval_steps_per_second': 9.498, 'epoch': 1394.0}
{'eval_loss': 0.5904890298843384, 'eval_f1': 0.42105263157894735, 'eval_runtime': 0.2077, 'eval_samples_per_second': 144.463, 'eval_steps_per_second': 9.631, 'epoch': 1395.0}
{'eval_loss': 0.5904596447944641, 'eval_f1': 0.419672131147541, 'eval_runtime': 0.208, 'eval_samples_per_second': 144.222, 'eval_steps_per_second': 9.615, 'epoch': 1396.0}
{'eval_loss': 0.5904048085212708, 'eval_f1': 0.419672131147541, 'eval_runtime': 0.2083, 'eval_samples_per_second': 144.031, 'eval_steps_per_second': 9.602, 'epoch': 1397.0}
{'eval_loss': 0.590441107749939, 'eval_f1': 0.419672131147541, 'eval_runtime': 0.2083, 'eval_samples_per_second': 144.037, 'eval_steps_per_second': 9.602, 'epoch': 1398.0}
{'eval_loss': 0.5904115438461304, 'eval_f1': 0.419672131147541, 'eval_runtime': 0.208, 'eval_samples_per_second': 144.209, 'eval_steps_per_second': 9.614, 'epoch': 1399.0}
{'eval_loss': 0.5904872417449951, 'eval_f1': 0.419672131147541, 'eval_runtime': 0.2081, 'eval_samples_per_second': 144.194, 'eval_steps_per_second': 9.613, 'epoch': 1400.0}
{'eval_loss': 0.5904580950737, 'eval_f1': 0.4248366013071896, 'eval_runtime': 0.2081, 'eval_samples_per_second': 144.173, 'eval_steps_per_second': 9.612, 'epoch': 1401.0}
{'eval_loss': 0.5904033780097961, 'eval_f1': 0.4248366013071896, 'eval_runtime': 0.2135, 'eval_samples_per_second': 140.546, 'eval_steps_per_second': 9.37, 'epoch': 1402.0}
{'eval_loss': 0.5905855894088745, 'eval_f1': 0.419672131147541, 'eval_runtime': 0.209, 'eval_samples_per_second': 143.507, 'eval_steps_per_second': 9.567, 'epoch': 1403.0}
{'eval_loss': 0.590822160243988, 'eval_f1': 0.419672131147541, 'eval_runtime': 0.2169, 'eval_samples_per_second': 138.316, 'eval_steps_per_second': 9.221, 'epoch': 1404.0}
{'eval_loss': 0.59085613489151, 'eval_f1': 0.419672131147541, 'eval_runtime': 0.2078, 'eval_samples_per_second': 144.369, 'eval_steps_per_second': 9.625, 'epoch': 1405.0}
{'eval_loss': 0.5908269286155701, 'eval_f1': 0.419672131147541, 'eval_runtime': 0.2076, 'eval_samples_per_second': 144.491, 'eval_steps_per_second': 9.633, 'epoch': 1406.0}
{'eval_loss': 0.590870201587677, 'eval_f1': 0.419672131147541, 'eval_runtime': 0.2166, 'eval_samples_per_second': 138.507, 'eval_steps_per_second': 9.234, 'epoch': 1407.0}
{'eval_loss': 0.5909172892570496, 'eval_f1': 0.419672131147541, 'eval_runtime': 0.22, 'eval_samples_per_second': 136.365, 'eval_steps_per_second': 9.091, 'epoch': 1408.0}
{'eval_loss': 0.5909326672554016, 'eval_f1': 0.419672131147541, 'eval_runtime': 0.2195, 'eval_samples_per_second': 136.675, 'eval_steps_per_second': 9.112, 'epoch': 1409.0}
{'eval_loss': 0.5908529758453369, 'eval_f1': 0.419672131147541, 'eval_runtime': 0.2179, 'eval_samples_per_second': 137.654, 'eval_steps_per_second': 9.177, 'epoch': 1410.0}
{'eval_loss': 0.5907847881317139, 'eval_f1': 0.419672131147541, 'eval_runtime': 0.2137, 'eval_samples_per_second': 140.402, 'eval_steps_per_second': 9.36, 'epoch': 1411.0}
{'eval_loss': 0.5907286405563354, 'eval_f1': 0.419672131147541, 'eval_runtime': 0.2121, 'eval_samples_per_second': 141.461, 'eval_steps_per_second': 9.431, 'epoch': 1412.0}
{'eval_loss': 0.5907419323921204, 'eval_f1': 0.419672131147541, 'eval_runtime': 0.212, 'eval_samples_per_second': 141.477, 'eval_steps_per_second': 9.432, 'epoch': 1413.0}
{'eval_loss': 0.5907440185546875, 'eval_f1': 0.419672131147541, 'eval_runtime': 0.2121, 'eval_samples_per_second': 141.457, 'eval_steps_per_second': 9.43, 'epoch': 1414.0}
{'eval_loss': 0.590775191783905, 'eval_f1': 0.419672131147541, 'eval_runtime': 0.2121, 'eval_samples_per_second': 141.444, 'eval_steps_per_second': 9.43, 'epoch': 1415.0}
{'eval_loss': 0.5908170342445374, 'eval_f1': 0.419672131147541, 'eval_runtime': 0.2197, 'eval_samples_per_second': 136.543, 'eval_steps_per_second': 9.103, 'epoch': 1416.0}
{'eval_loss': 0.5908397436141968, 'eval_f1': 0.419672131147541, 'eval_runtime': 0.2183, 'eval_samples_per_second': 137.395, 'eval_steps_per_second': 9.16, 'epoch': 1417.0}
{'eval_loss': 0.5908096432685852, 'eval_f1': 0.419672131147541, 'eval_runtime': 0.2196, 'eval_samples_per_second': 136.631, 'eval_steps_per_second': 9.109, 'epoch': 1418.0}
{'eval_loss': 0.5907375812530518, 'eval_f1': 0.4248366013071896, 'eval_runtime': 0.2076, 'eval_samples_per_second': 144.509, 'eval_steps_per_second': 9.634, 'epoch': 1419.0}
{'eval_loss': 0.5906143188476562, 'eval_f1': 0.4248366013071896, 'eval_runtime': 0.2164, 'eval_samples_per_second': 138.619, 'eval_steps_per_second': 9.241, 'epoch': 1420.0}
{'eval_loss': 0.5905954241752625, 'eval_f1': 0.42622950819672134, 'eval_runtime': 0.2162, 'eval_samples_per_second': 138.772, 'eval_steps_per_second': 9.251, 'epoch': 1421.0}
{'eval_loss': 0.5907052159309387, 'eval_f1': 0.4248366013071896, 'eval_runtime': 0.2152, 'eval_samples_per_second': 139.437, 'eval_steps_per_second': 9.296, 'epoch': 1422.0}
{'eval_loss': 0.5907828211784363, 'eval_f1': 0.4248366013071896, 'eval_runtime': 0.2154, 'eval_samples_per_second': 139.283, 'eval_steps_per_second': 9.286, 'epoch': 1423.0}
{'eval_loss': 0.5908690690994263, 'eval_f1': 0.4248366013071896, 'eval_runtime': 0.212, 'eval_samples_per_second': 141.524, 'eval_steps_per_second': 9.435, 'epoch': 1424.0}
{'eval_loss': 0.590954601764679, 'eval_f1': 0.4248366013071896, 'eval_runtime': 0.2047, 'eval_samples_per_second': 146.524, 'eval_steps_per_second': 9.768, 'epoch': 1425.0}
{'eval_loss': 0.5910511016845703, 'eval_f1': 0.4248366013071896, 'eval_runtime': 0.2055, 'eval_samples_per_second': 146.008, 'eval_steps_per_second': 9.734, 'epoch': 1426.0}
{'eval_loss': 0.5910066366195679, 'eval_f1': 0.4248366013071896, 'eval_runtime': 0.2115, 'eval_samples_per_second': 141.83, 'eval_steps_per_second': 9.455, 'epoch': 1427.0}
{'eval_loss': 0.5909214615821838, 'eval_f1': 0.4248366013071896, 'eval_runtime': 0.2055, 'eval_samples_per_second': 146.012, 'eval_steps_per_second': 9.734, 'epoch': 1428.0}
{'eval_loss': 0.590855062007904, 'eval_f1': 0.42622950819672134, 'eval_runtime': 0.2043, 'eval_samples_per_second': 146.817, 'eval_steps_per_second': 9.788, 'epoch': 1429.0}
{'eval_loss': 0.590956449508667, 'eval_f1': 0.4248366013071896, 'eval_runtime': 0.2036, 'eval_samples_per_second': 147.357, 'eval_steps_per_second': 9.824, 'epoch': 1430.0}
{'eval_loss': 0.5909494161605835, 'eval_f1': 0.42622950819672134, 'eval_runtime': 0.2223, 'eval_samples_per_second': 134.966, 'eval_steps_per_second': 8.998, 'epoch': 1431.0}
{'eval_loss': 0.5909802913665771, 'eval_f1': 0.42622950819672134, 'eval_runtime': 0.2182, 'eval_samples_per_second': 137.495, 'eval_steps_per_second': 9.166, 'epoch': 1432.0}
{'eval_loss': 0.5910921692848206, 'eval_f1': 0.4248366013071896, 'eval_runtime': 0.2159, 'eval_samples_per_second': 138.929, 'eval_steps_per_second': 9.262, 'epoch': 1433.0}
{'eval_loss': 0.5911855697631836, 'eval_f1': 0.419672131147541, 'eval_runtime': 0.2129, 'eval_samples_per_second': 140.943, 'eval_steps_per_second': 9.396, 'epoch': 1434.0}
{'eval_loss': 0.5914064645767212, 'eval_f1': 0.419672131147541, 'eval_runtime': 0.2139, 'eval_samples_per_second': 140.234, 'eval_steps_per_second': 9.349, 'epoch': 1435.0}
{'eval_loss': 0.5915206074714661, 'eval_f1': 0.419672131147541, 'eval_runtime': 0.2142, 'eval_samples_per_second': 140.077, 'eval_steps_per_second': 9.338, 'epoch': 1436.0}
{'eval_loss': 0.5915327668190002, 'eval_f1': 0.419672131147541, 'eval_runtime': 0.2145, 'eval_samples_per_second': 139.847, 'eval_steps_per_second': 9.323, 'epoch': 1437.0}
{'loss': 0.3863, 'grad_norm': 0.8219134211540222, 'learning_rate': 1.0416666666666667e-07, 'epoch': 1437.5}
{'eval_loss': 0.5914847254753113, 'eval_f1': 0.419672131147541, 'eval_runtime': 0.2182, 'eval_samples_per_second': 137.519, 'eval_steps_per_second': 9.168, 'epoch': 1438.0}
{'eval_loss': 0.5914713144302368, 'eval_f1': 0.419672131147541, 'eval_runtime': 0.2139, 'eval_samples_per_second': 140.272, 'eval_steps_per_second': 9.351, 'epoch': 1439.0}
{'eval_loss': 0.591387152671814, 'eval_f1': 0.419672131147541, 'eval_runtime': 0.2101, 'eval_samples_per_second': 142.785, 'eval_steps_per_second': 9.519, 'epoch': 1440.0}
{'eval_loss': 0.5913824439048767, 'eval_f1': 0.419672131147541, 'eval_runtime': 0.2146, 'eval_samples_per_second': 139.769, 'eval_steps_per_second': 9.318, 'epoch': 1441.0}
{'eval_loss': 0.5914050936698914, 'eval_f1': 0.419672131147541, 'eval_runtime': 0.2095, 'eval_samples_per_second': 143.196, 'eval_steps_per_second': 9.546, 'epoch': 1442.0}
{'eval_loss': 0.59135901927948, 'eval_f1': 0.42622950819672134, 'eval_runtime': 0.2231, 'eval_samples_per_second': 134.449, 'eval_steps_per_second': 8.963, 'epoch': 1443.0}
{'eval_loss': 0.5913293957710266, 'eval_f1': 0.42622950819672134, 'eval_runtime': 0.2196, 'eval_samples_per_second': 136.626, 'eval_steps_per_second': 9.108, 'epoch': 1444.0}
{'eval_loss': 0.5913065671920776, 'eval_f1': 0.42622950819672134, 'eval_runtime': 0.2134, 'eval_samples_per_second': 140.595, 'eval_steps_per_second': 9.373, 'epoch': 1445.0}
{'eval_loss': 0.5913397669792175, 'eval_f1': 0.42622950819672134, 'eval_runtime': 0.2103, 'eval_samples_per_second': 142.653, 'eval_steps_per_second': 9.51, 'epoch': 1446.0}
{'eval_loss': 0.5914433598518372, 'eval_f1': 0.42622950819672134, 'eval_runtime': 0.2117, 'eval_samples_per_second': 141.679, 'eval_steps_per_second': 9.445, 'epoch': 1447.0}
{'eval_loss': 0.5914875864982605, 'eval_f1': 0.42622950819672134, 'eval_runtime': 0.2298, 'eval_samples_per_second': 130.572, 'eval_steps_per_second': 8.705, 'epoch': 1448.0}
{'eval_loss': 0.5914976000785828, 'eval_f1': 0.42622950819672134, 'eval_runtime': 0.219, 'eval_samples_per_second': 136.963, 'eval_steps_per_second': 9.131, 'epoch': 1449.0}
{'eval_loss': 0.5915580987930298, 'eval_f1': 0.42622950819672134, 'eval_runtime': 0.2058, 'eval_samples_per_second': 145.77, 'eval_steps_per_second': 9.718, 'epoch': 1450.0}
{'eval_loss': 0.5916739702224731, 'eval_f1': 0.4248366013071896, 'eval_runtime': 0.2054, 'eval_samples_per_second': 146.052, 'eval_steps_per_second': 9.737, 'epoch': 1451.0}
{'eval_loss': 0.591630756855011, 'eval_f1': 0.42622950819672134, 'eval_runtime': 0.205, 'eval_samples_per_second': 146.33, 'eval_steps_per_second': 9.755, 'epoch': 1452.0}
{'eval_loss': 0.5914795398712158, 'eval_f1': 0.42622950819672134, 'eval_runtime': 0.2086, 'eval_samples_per_second': 143.843, 'eval_steps_per_second': 9.59, 'epoch': 1453.0}
{'eval_loss': 0.5914545059204102, 'eval_f1': 0.42622950819672134, 'eval_runtime': 0.2094, 'eval_samples_per_second': 143.279, 'eval_steps_per_second': 9.552, 'epoch': 1454.0}
{'eval_loss': 0.5915651917457581, 'eval_f1': 0.42622950819672134, 'eval_runtime': 0.2012, 'eval_samples_per_second': 149.129, 'eval_steps_per_second': 9.942, 'epoch': 1455.0}
{'eval_loss': 0.5916908383369446, 'eval_f1': 0.42622950819672134, 'eval_runtime': 0.2096, 'eval_samples_per_second': 143.154, 'eval_steps_per_second': 9.544, 'epoch': 1456.0}
{'eval_loss': 0.5917283892631531, 'eval_f1': 0.42622950819672134, 'eval_runtime': 0.2141, 'eval_samples_per_second': 140.127, 'eval_steps_per_second': 9.342, 'epoch': 1457.0}
{'eval_loss': 0.591717541217804, 'eval_f1': 0.42622950819672134, 'eval_runtime': 0.2029, 'eval_samples_per_second': 147.88, 'eval_steps_per_second': 9.859, 'epoch': 1458.0}
{'eval_loss': 0.5917356014251709, 'eval_f1': 0.42622950819672134, 'eval_runtime': 0.2067, 'eval_samples_per_second': 145.153, 'eval_steps_per_second': 9.677, 'epoch': 1459.0}
{'eval_loss': 0.5918300747871399, 'eval_f1': 0.42622950819672134, 'eval_runtime': 0.208, 'eval_samples_per_second': 144.259, 'eval_steps_per_second': 9.617, 'epoch': 1460.0}
{'eval_loss': 0.591903567314148, 'eval_f1': 0.42622950819672134, 'eval_runtime': 0.2203, 'eval_samples_per_second': 136.153, 'eval_steps_per_second': 9.077, 'epoch': 1461.0}
{'eval_loss': 0.5919948220252991, 'eval_f1': 0.419672131147541, 'eval_runtime': 0.2157, 'eval_samples_per_second': 139.072, 'eval_steps_per_second': 9.271, 'epoch': 1462.0}
{'eval_loss': 0.59208744764328, 'eval_f1': 0.419672131147541, 'eval_runtime': 0.2035, 'eval_samples_per_second': 147.386, 'eval_steps_per_second': 9.826, 'epoch': 1463.0}
{'eval_loss': 0.5921882390975952, 'eval_f1': 0.419672131147541, 'eval_runtime': 0.2028, 'eval_samples_per_second': 147.959, 'eval_steps_per_second': 9.864, 'epoch': 1464.0}
{'eval_loss': 0.5922290682792664, 'eval_f1': 0.419672131147541, 'eval_runtime': 0.2126, 'eval_samples_per_second': 141.121, 'eval_steps_per_second': 9.408, 'epoch': 1465.0}
{'eval_loss': 0.5921164751052856, 'eval_f1': 0.419672131147541, 'eval_runtime': 0.2025, 'eval_samples_per_second': 148.117, 'eval_steps_per_second': 9.874, 'epoch': 1466.0}
{'eval_loss': 0.5920025110244751, 'eval_f1': 0.4248366013071896, 'eval_runtime': 0.2097, 'eval_samples_per_second': 143.072, 'eval_steps_per_second': 9.538, 'epoch': 1467.0}
{'eval_loss': 0.5919361710548401, 'eval_f1': 0.4248366013071896, 'eval_runtime': 0.2068, 'eval_samples_per_second': 145.081, 'eval_steps_per_second': 9.672, 'epoch': 1468.0}
{'eval_loss': 0.591859757900238, 'eval_f1': 0.42622950819672134, 'eval_runtime': 0.2092, 'eval_samples_per_second': 143.373, 'eval_steps_per_second': 9.558, 'epoch': 1469.0}
{'eval_loss': 0.5916885137557983, 'eval_f1': 0.42622950819672134, 'eval_runtime': 0.2117, 'eval_samples_per_second': 141.695, 'eval_steps_per_second': 9.446, 'epoch': 1470.0}
{'eval_loss': 0.5915651321411133, 'eval_f1': 0.42622950819672134, 'eval_runtime': 0.2077, 'eval_samples_per_second': 144.452, 'eval_steps_per_second': 9.63, 'epoch': 1471.0}
{'eval_loss': 0.5914824604988098, 'eval_f1': 0.42622950819672134, 'eval_runtime': 0.2066, 'eval_samples_per_second': 145.201, 'eval_steps_per_second': 9.68, 'epoch': 1472.0}
{'eval_loss': 0.591561496257782, 'eval_f1': 0.42622950819672134, 'eval_runtime': 0.2073, 'eval_samples_per_second': 144.743, 'eval_steps_per_second': 9.65, 'epoch': 1473.0}
{'eval_loss': 0.5915728807449341, 'eval_f1': 0.42622950819672134, 'eval_runtime': 0.2067, 'eval_samples_per_second': 145.105, 'eval_steps_per_second': 9.674, 'epoch': 1474.0}
{'eval_loss': 0.5916344523429871, 'eval_f1': 0.42622950819672134, 'eval_runtime': 0.2165, 'eval_samples_per_second': 138.584, 'eval_steps_per_second': 9.239, 'epoch': 1475.0}
{'eval_loss': 0.5916663408279419, 'eval_f1': 0.42622950819672134, 'eval_runtime': 0.2023, 'eval_samples_per_second': 148.32, 'eval_steps_per_second': 9.888, 'epoch': 1476.0}
{'eval_loss': 0.5917800068855286, 'eval_f1': 0.42622950819672134, 'eval_runtime': 0.207, 'eval_samples_per_second': 144.957, 'eval_steps_per_second': 9.664, 'epoch': 1477.0}
{'eval_loss': 0.5918330550193787, 'eval_f1': 0.42622950819672134, 'eval_runtime': 0.2312, 'eval_samples_per_second': 129.781, 'eval_steps_per_second': 8.652, 'epoch': 1478.0}
{'eval_loss': 0.5918967723846436, 'eval_f1': 0.42622950819672134, 'eval_runtime': 0.2087, 'eval_samples_per_second': 143.761, 'eval_steps_per_second': 9.584, 'epoch': 1479.0}
{'eval_loss': 0.5920184254646301, 'eval_f1': 0.42622950819672134, 'eval_runtime': 0.214, 'eval_samples_per_second': 140.187, 'eval_steps_per_second': 9.346, 'epoch': 1480.0}
{'eval_loss': 0.5921220183372498, 'eval_f1': 0.4248366013071896, 'eval_runtime': 0.2174, 'eval_samples_per_second': 137.999, 'eval_steps_per_second': 9.2, 'epoch': 1481.0}
{'eval_loss': 0.592090368270874, 'eval_f1': 0.42622950819672134, 'eval_runtime': 0.2272, 'eval_samples_per_second': 132.059, 'eval_steps_per_second': 8.804, 'epoch': 1482.0}
{'eval_loss': 0.592070996761322, 'eval_f1': 0.42622950819672134, 'eval_runtime': 0.2228, 'eval_samples_per_second': 134.662, 'eval_steps_per_second': 8.977, 'epoch': 1483.0}
{'eval_loss': 0.5921193957328796, 'eval_f1': 0.42622950819672134, 'eval_runtime': 0.2219, 'eval_samples_per_second': 135.177, 'eval_steps_per_second': 9.012, 'epoch': 1484.0}
{'eval_loss': 0.592010498046875, 'eval_f1': 0.42622950819672134, 'eval_runtime': 0.204, 'eval_samples_per_second': 147.068, 'eval_steps_per_second': 9.805, 'epoch': 1485.0}
{'eval_loss': 0.5918703675270081, 'eval_f1': 0.42622950819672134, 'eval_runtime': 0.2346, 'eval_samples_per_second': 127.85, 'eval_steps_per_second': 8.523, 'epoch': 1486.0}
{'eval_loss': 0.5918586850166321, 'eval_f1': 0.42622950819672134, 'eval_runtime': 0.2407, 'eval_samples_per_second': 124.655, 'eval_steps_per_second': 8.31, 'epoch': 1487.0}
{'eval_loss': 0.5919257402420044, 'eval_f1': 0.4248366013071896, 'eval_runtime': 0.2319, 'eval_samples_per_second': 129.344, 'eval_steps_per_second': 8.623, 'epoch': 1488.0}
{'eval_loss': 0.5918859243392944, 'eval_f1': 0.4248366013071896, 'eval_runtime': 0.2315, 'eval_samples_per_second': 129.572, 'eval_steps_per_second': 8.638, 'epoch': 1489.0}
{'eval_loss': 0.5917736291885376, 'eval_f1': 0.4248366013071896, 'eval_runtime': 0.2142, 'eval_samples_per_second': 140.061, 'eval_steps_per_second': 9.337, 'epoch': 1490.0}
{'eval_loss': 0.5917967557907104, 'eval_f1': 0.4248366013071896, 'eval_runtime': 0.2217, 'eval_samples_per_second': 135.347, 'eval_steps_per_second': 9.023, 'epoch': 1491.0}
{'eval_loss': 0.5917361378669739, 'eval_f1': 0.42622950819672134, 'eval_runtime': 0.2146, 'eval_samples_per_second': 139.813, 'eval_steps_per_second': 9.321, 'epoch': 1492.0}
{'eval_loss': 0.5918031334877014, 'eval_f1': 0.42622950819672134, 'eval_runtime': 0.215, 'eval_samples_per_second': 139.557, 'eval_steps_per_second': 9.304, 'epoch': 1493.0}
{'eval_loss': 0.5919332504272461, 'eval_f1': 0.4248366013071896, 'eval_runtime': 0.223, 'eval_samples_per_second': 134.549, 'eval_steps_per_second': 8.97, 'epoch': 1494.0}
{'eval_loss': 0.5919312834739685, 'eval_f1': 0.419672131147541, 'eval_runtime': 0.2165, 'eval_samples_per_second': 138.567, 'eval_steps_per_second': 9.238, 'epoch': 1495.0}
{'eval_loss': 0.5919980406761169, 'eval_f1': 0.419672131147541, 'eval_runtime': 0.2101, 'eval_samples_per_second': 142.763, 'eval_steps_per_second': 9.518, 'epoch': 1496.0}
{'eval_loss': 0.592034101486206, 'eval_f1': 0.419672131147541, 'eval_runtime': 0.2349, 'eval_samples_per_second': 127.715, 'eval_steps_per_second': 8.514, 'epoch': 1497.0}
{'eval_loss': 0.592093825340271, 'eval_f1': 0.419672131147541, 'eval_runtime': 0.2038, 'eval_samples_per_second': 147.192, 'eval_steps_per_second': 9.813, 'epoch': 1498.0}
{'eval_loss': 0.5921269059181213, 'eval_f1': 0.419672131147541, 'eval_runtime': 0.2038, 'eval_samples_per_second': 147.198, 'eval_steps_per_second': 9.813, 'epoch': 1499.0}
{'loss': 0.3799, 'grad_norm': 1.323466181755066, 'learning_rate': 1e-07, 'epoch': 1500.0}
{'eval_loss': 0.5922030210494995, 'eval_f1': 0.4248366013071896, 'eval_runtime': 0.2313, 'eval_samples_per_second': 129.707, 'eval_steps_per_second': 8.647, 'epoch': 1500.0}
{'eval_loss': 0.5923624038696289, 'eval_f1': 0.419672131147541, 'eval_runtime': 0.2, 'eval_samples_per_second': 150.035, 'eval_steps_per_second': 10.002, 'epoch': 1501.0}
{'eval_loss': 0.5924665927886963, 'eval_f1': 0.419672131147541, 'eval_runtime': 0.2378, 'eval_samples_per_second': 126.157, 'eval_steps_per_second': 8.41, 'epoch': 1502.0}
{'eval_loss': 0.5924842357635498, 'eval_f1': 0.419672131147541, 'eval_runtime': 0.2111, 'eval_samples_per_second': 142.1, 'eval_steps_per_second': 9.473, 'epoch': 1503.0}
{'eval_loss': 0.5924867987632751, 'eval_f1': 0.419672131147541, 'eval_runtime': 0.2124, 'eval_samples_per_second': 141.261, 'eval_steps_per_second': 9.417, 'epoch': 1504.0}
{'eval_loss': 0.5925922393798828, 'eval_f1': 0.419672131147541, 'eval_runtime': 0.2178, 'eval_samples_per_second': 137.76, 'eval_steps_per_second': 9.184, 'epoch': 1505.0}
{'eval_loss': 0.5927503705024719, 'eval_f1': 0.419672131147541, 'eval_runtime': 0.2181, 'eval_samples_per_second': 137.542, 'eval_steps_per_second': 9.169, 'epoch': 1506.0}
{'eval_loss': 0.5927767157554626, 'eval_f1': 0.419672131147541, 'eval_runtime': 0.2171, 'eval_samples_per_second': 138.161, 'eval_steps_per_second': 9.211, 'epoch': 1507.0}
{'eval_loss': 0.5927101969718933, 'eval_f1': 0.419672131147541, 'eval_runtime': 0.2174, 'eval_samples_per_second': 138.008, 'eval_steps_per_second': 9.201, 'epoch': 1508.0}
{'eval_loss': 0.5926879644393921, 'eval_f1': 0.419672131147541, 'eval_runtime': 0.2167, 'eval_samples_per_second': 138.41, 'eval_steps_per_second': 9.227, 'epoch': 1509.0}
{'eval_loss': 0.5927302241325378, 'eval_f1': 0.419672131147541, 'eval_runtime': 0.2178, 'eval_samples_per_second': 137.749, 'eval_steps_per_second': 9.183, 'epoch': 1510.0}
{'eval_loss': 0.5927762389183044, 'eval_f1': 0.4248366013071896, 'eval_runtime': 0.2165, 'eval_samples_per_second': 138.548, 'eval_steps_per_second': 9.237, 'epoch': 1511.0}
{'eval_loss': 0.5927813053131104, 'eval_f1': 0.4248366013071896, 'eval_runtime': 0.2162, 'eval_samples_per_second': 138.769, 'eval_steps_per_second': 9.251, 'epoch': 1512.0}
{'eval_loss': 0.5927849411964417, 'eval_f1': 0.4248366013071896, 'eval_runtime': 0.2171, 'eval_samples_per_second': 138.198, 'eval_steps_per_second': 9.213, 'epoch': 1513.0}
{'eval_loss': 0.5927755832672119, 'eval_f1': 0.4248366013071896, 'eval_runtime': 0.2153, 'eval_samples_per_second': 139.355, 'eval_steps_per_second': 9.29, 'epoch': 1514.0}
{'eval_loss': 0.5927083492279053, 'eval_f1': 0.4248366013071896, 'eval_runtime': 0.2102, 'eval_samples_per_second': 142.689, 'eval_steps_per_second': 9.513, 'epoch': 1515.0}
{'eval_loss': 0.5926638245582581, 'eval_f1': 0.4248366013071896, 'eval_runtime': 0.2177, 'eval_samples_per_second': 137.81, 'eval_steps_per_second': 9.187, 'epoch': 1516.0}
{'eval_loss': 0.5926063656806946, 'eval_f1': 0.4248366013071896, 'eval_runtime': 0.2159, 'eval_samples_per_second': 138.941, 'eval_steps_per_second': 9.263, 'epoch': 1517.0}
{'eval_loss': 0.5925174951553345, 'eval_f1': 0.419672131147541, 'eval_runtime': 0.2169, 'eval_samples_per_second': 138.344, 'eval_steps_per_second': 9.223, 'epoch': 1518.0}
{'eval_loss': 0.5924497246742249, 'eval_f1': 0.4248366013071896, 'eval_runtime': 0.2043, 'eval_samples_per_second': 146.869, 'eval_steps_per_second': 9.791, 'epoch': 1519.0}
{'eval_loss': 0.5925514101982117, 'eval_f1': 0.4248366013071896, 'eval_runtime': 0.2348, 'eval_samples_per_second': 127.749, 'eval_steps_per_second': 8.517, 'epoch': 1520.0}
{'eval_loss': 0.5926878452301025, 'eval_f1': 0.4248366013071896, 'eval_runtime': 0.2154, 'eval_samples_per_second': 139.261, 'eval_steps_per_second': 9.284, 'epoch': 1521.0}
{'eval_loss': 0.5927833318710327, 'eval_f1': 0.4248366013071896, 'eval_runtime': 0.2034, 'eval_samples_per_second': 147.489, 'eval_steps_per_second': 9.833, 'epoch': 1522.0}
{'eval_loss': 0.5928243398666382, 'eval_f1': 0.4248366013071896, 'eval_runtime': 0.215, 'eval_samples_per_second': 139.51, 'eval_steps_per_second': 9.301, 'epoch': 1523.0}
{'eval_loss': 0.5928024649620056, 'eval_f1': 0.4248366013071896, 'eval_runtime': 0.1996, 'eval_samples_per_second': 150.309, 'eval_steps_per_second': 10.021, 'epoch': 1524.0}
{'eval_loss': 0.5927202105522156, 'eval_f1': 0.4248366013071896, 'eval_runtime': 0.1993, 'eval_samples_per_second': 150.494, 'eval_steps_per_second': 10.033, 'epoch': 1525.0}
{'eval_loss': 0.5927203893661499, 'eval_f1': 0.4248366013071896, 'eval_runtime': 0.1989, 'eval_samples_per_second': 150.811, 'eval_steps_per_second': 10.054, 'epoch': 1526.0}
{'eval_loss': 0.5926781892776489, 'eval_f1': 0.4248366013071896, 'eval_runtime': 0.1997, 'eval_samples_per_second': 150.237, 'eval_steps_per_second': 10.016, 'epoch': 1527.0}
{'eval_loss': 0.5927926898002625, 'eval_f1': 0.4248366013071896, 'eval_runtime': 0.1994, 'eval_samples_per_second': 150.437, 'eval_steps_per_second': 10.029, 'epoch': 1528.0}
{'eval_loss': 0.59283447265625, 'eval_f1': 0.4248366013071896, 'eval_runtime': 0.1987, 'eval_samples_per_second': 150.968, 'eval_steps_per_second': 10.065, 'epoch': 1529.0}
{'eval_loss': 0.5929176211357117, 'eval_f1': 0.4248366013071896, 'eval_runtime': 0.1985, 'eval_samples_per_second': 151.119, 'eval_steps_per_second': 10.075, 'epoch': 1530.0}
{'eval_loss': 0.5930077433586121, 'eval_f1': 0.419672131147541, 'eval_runtime': 0.1995, 'eval_samples_per_second': 150.395, 'eval_steps_per_second': 10.026, 'epoch': 1531.0}
{'eval_loss': 0.5932450890541077, 'eval_f1': 0.419672131147541, 'eval_runtime': 0.2026, 'eval_samples_per_second': 148.083, 'eval_steps_per_second': 9.872, 'epoch': 1532.0}
{'eval_loss': 0.5935262441635132, 'eval_f1': 0.419672131147541, 'eval_runtime': 0.1984, 'eval_samples_per_second': 151.21, 'eval_steps_per_second': 10.081, 'epoch': 1533.0}
{'eval_loss': 0.593695878982544, 'eval_f1': 0.419672131147541, 'eval_runtime': 0.2311, 'eval_samples_per_second': 129.803, 'eval_steps_per_second': 8.654, 'epoch': 1534.0}
{'eval_loss': 0.5936121344566345, 'eval_f1': 0.419672131147541, 'eval_runtime': 0.2315, 'eval_samples_per_second': 129.563, 'eval_steps_per_second': 8.638, 'epoch': 1535.0}
{'eval_loss': 0.5935813784599304, 'eval_f1': 0.419672131147541, 'eval_runtime': 0.2278, 'eval_samples_per_second': 131.679, 'eval_steps_per_second': 8.779, 'epoch': 1536.0}
{'eval_loss': 0.5936471819877625, 'eval_f1': 0.419672131147541, 'eval_runtime': 0.2143, 'eval_samples_per_second': 139.982, 'eval_steps_per_second': 9.332, 'epoch': 1537.0}
{'eval_loss': 0.5936959981918335, 'eval_f1': 0.419672131147541, 'eval_runtime': 0.2161, 'eval_samples_per_second': 138.825, 'eval_steps_per_second': 9.255, 'epoch': 1538.0}
{'eval_loss': 0.593602180480957, 'eval_f1': 0.419672131147541, 'eval_runtime': 0.2212, 'eval_samples_per_second': 135.623, 'eval_steps_per_second': 9.042, 'epoch': 1539.0}
{'eval_loss': 0.5935327410697937, 'eval_f1': 0.419672131147541, 'eval_runtime': 0.2323, 'eval_samples_per_second': 129.171, 'eval_steps_per_second': 8.611, 'epoch': 1540.0}
{'eval_loss': 0.5934887528419495, 'eval_f1': 0.419672131147541, 'eval_runtime': 0.2117, 'eval_samples_per_second': 141.735, 'eval_steps_per_second': 9.449, 'epoch': 1541.0}
{'eval_loss': 0.5934611558914185, 'eval_f1': 0.419672131147541, 'eval_runtime': 0.217, 'eval_samples_per_second': 138.25, 'eval_steps_per_second': 9.217, 'epoch': 1542.0}
{'eval_loss': 0.5934545993804932, 'eval_f1': 0.42105263157894735, 'eval_runtime': 0.2195, 'eval_samples_per_second': 136.665, 'eval_steps_per_second': 9.111, 'epoch': 1543.0}
{'eval_loss': 0.5934099555015564, 'eval_f1': 0.42105263157894735, 'eval_runtime': 0.2095, 'eval_samples_per_second': 143.232, 'eval_steps_per_second': 9.549, 'epoch': 1544.0}
{'eval_loss': 0.5934011936187744, 'eval_f1': 0.42105263157894735, 'eval_runtime': 0.2132, 'eval_samples_per_second': 140.7, 'eval_steps_per_second': 9.38, 'epoch': 1545.0}
{'eval_loss': 0.5933679938316345, 'eval_f1': 0.419672131147541, 'eval_runtime': 0.214, 'eval_samples_per_second': 140.21, 'eval_steps_per_second': 9.347, 'epoch': 1546.0}
{'eval_loss': 0.5933542251586914, 'eval_f1': 0.419672131147541, 'eval_runtime': 0.2078, 'eval_samples_per_second': 144.38, 'eval_steps_per_second': 9.625, 'epoch': 1547.0}
{'eval_loss': 0.593397855758667, 'eval_f1': 0.419672131147541, 'eval_runtime': 0.2179, 'eval_samples_per_second': 137.697, 'eval_steps_per_second': 9.18, 'epoch': 1548.0}
{'eval_loss': 0.5934509038925171, 'eval_f1': 0.419672131147541, 'eval_runtime': 0.2116, 'eval_samples_per_second': 141.802, 'eval_steps_per_second': 9.453, 'epoch': 1549.0}
{'eval_loss': 0.5934978723526001, 'eval_f1': 0.419672131147541, 'eval_runtime': 0.2138, 'eval_samples_per_second': 140.296, 'eval_steps_per_second': 9.353, 'epoch': 1550.0}
{'eval_loss': 0.5935566425323486, 'eval_f1': 0.419672131147541, 'eval_runtime': 0.2157, 'eval_samples_per_second': 139.091, 'eval_steps_per_second': 9.273, 'epoch': 1551.0}
{'eval_loss': 0.5935178399085999, 'eval_f1': 0.419672131147541, 'eval_runtime': 0.2124, 'eval_samples_per_second': 141.237, 'eval_steps_per_second': 9.416, 'epoch': 1552.0}
{'eval_loss': 0.5934531092643738, 'eval_f1': 0.419672131147541, 'eval_runtime': 0.2088, 'eval_samples_per_second': 143.706, 'eval_steps_per_second': 9.58, 'epoch': 1553.0}
{'eval_loss': 0.5933405160903931, 'eval_f1': 0.419672131147541, 'eval_runtime': 0.2075, 'eval_samples_per_second': 144.611, 'eval_steps_per_second': 9.641, 'epoch': 1554.0}
{'eval_loss': 0.5932109951972961, 'eval_f1': 0.419672131147541, 'eval_runtime': 0.2082, 'eval_samples_per_second': 144.111, 'eval_steps_per_second': 9.607, 'epoch': 1555.0}
{'eval_loss': 0.5931816697120667, 'eval_f1': 0.419672131147541, 'eval_runtime': 0.2098, 'eval_samples_per_second': 142.98, 'eval_steps_per_second': 9.532, 'epoch': 1556.0}
{'eval_loss': 0.5932329893112183, 'eval_f1': 0.419672131147541, 'eval_runtime': 0.208, 'eval_samples_per_second': 144.225, 'eval_steps_per_second': 9.615, 'epoch': 1557.0}
{'eval_loss': 0.5933026075363159, 'eval_f1': 0.419672131147541, 'eval_runtime': 0.2278, 'eval_samples_per_second': 131.676, 'eval_steps_per_second': 8.778, 'epoch': 1558.0}
{'eval_loss': 0.5934199094772339, 'eval_f1': 0.419672131147541, 'eval_runtime': 0.2141, 'eval_samples_per_second': 140.126, 'eval_steps_per_second': 9.342, 'epoch': 1559.0}
{'eval_loss': 0.593412458896637, 'eval_f1': 0.419672131147541, 'eval_runtime': 0.215, 'eval_samples_per_second': 139.563, 'eval_steps_per_second': 9.304, 'epoch': 1560.0}
{'eval_loss': 0.5933706164360046, 'eval_f1': 0.419672131147541, 'eval_runtime': 0.2139, 'eval_samples_per_second': 140.247, 'eval_steps_per_second': 9.35, 'epoch': 1561.0}
{'eval_loss': 0.5934001207351685, 'eval_f1': 0.419672131147541, 'eval_runtime': 0.2145, 'eval_samples_per_second': 139.832, 'eval_steps_per_second': 9.322, 'epoch': 1562.0}
{'loss': 0.3754, 'grad_norm': 0.8330119848251343, 'learning_rate': 9.583333333333334e-08, 'epoch': 1562.5}
{'eval_loss': 0.5934306383132935, 'eval_f1': 0.419672131147541, 'eval_runtime': 0.2387, 'eval_samples_per_second': 125.69, 'eval_steps_per_second': 8.379, 'epoch': 1563.0}
{'eval_loss': 0.5935013294219971, 'eval_f1': 0.419672131147541, 'eval_runtime': 0.2266, 'eval_samples_per_second': 132.379, 'eval_steps_per_second': 8.825, 'epoch': 1564.0}
{'eval_loss': 0.593616783618927, 'eval_f1': 0.419672131147541, 'eval_runtime': 0.2153, 'eval_samples_per_second': 139.316, 'eval_steps_per_second': 9.288, 'epoch': 1565.0}
{'eval_loss': 0.593725323677063, 'eval_f1': 0.419672131147541, 'eval_runtime': 0.2126, 'eval_samples_per_second': 141.11, 'eval_steps_per_second': 9.407, 'epoch': 1566.0}
{'eval_loss': 0.5938037633895874, 'eval_f1': 0.419672131147541, 'eval_runtime': 0.2134, 'eval_samples_per_second': 140.57, 'eval_steps_per_second': 9.371, 'epoch': 1567.0}
{'eval_loss': 0.5937932133674622, 'eval_f1': 0.419672131147541, 'eval_runtime': 0.21, 'eval_samples_per_second': 142.872, 'eval_steps_per_second': 9.525, 'epoch': 1568.0}
{'eval_loss': 0.5937348008155823, 'eval_f1': 0.419672131147541, 'eval_runtime': 0.2163, 'eval_samples_per_second': 138.687, 'eval_steps_per_second': 9.246, 'epoch': 1569.0}
{'eval_loss': 0.5938060879707336, 'eval_f1': 0.41447368421052627, 'eval_runtime': 0.2117, 'eval_samples_per_second': 141.722, 'eval_steps_per_second': 9.448, 'epoch': 1570.0}
{'eval_loss': 0.5939055681228638, 'eval_f1': 0.41447368421052627, 'eval_runtime': 0.2126, 'eval_samples_per_second': 141.118, 'eval_steps_per_second': 9.408, 'epoch': 1571.0}
{'eval_loss': 0.5940534472465515, 'eval_f1': 0.41447368421052627, 'eval_runtime': 0.2122, 'eval_samples_per_second': 141.384, 'eval_steps_per_second': 9.426, 'epoch': 1572.0}
{'eval_loss': 0.5940724611282349, 'eval_f1': 0.41447368421052627, 'eval_runtime': 0.2125, 'eval_samples_per_second': 141.178, 'eval_steps_per_second': 9.412, 'epoch': 1573.0}
{'eval_loss': 0.5940647125244141, 'eval_f1': 0.41447368421052627, 'eval_runtime': 0.2157, 'eval_samples_per_second': 139.09, 'eval_steps_per_second': 9.273, 'epoch': 1574.0}
{'eval_loss': 0.5939528346061707, 'eval_f1': 0.41447368421052627, 'eval_runtime': 0.2185, 'eval_samples_per_second': 137.314, 'eval_steps_per_second': 9.154, 'epoch': 1575.0}
{'eval_loss': 0.593916118144989, 'eval_f1': 0.41447368421052627, 'eval_runtime': 0.2154, 'eval_samples_per_second': 139.266, 'eval_steps_per_second': 9.284, 'epoch': 1576.0}
{'eval_loss': 0.5938263535499573, 'eval_f1': 0.419672131147541, 'eval_runtime': 0.2069, 'eval_samples_per_second': 144.976, 'eval_steps_per_second': 9.665, 'epoch': 1577.0}
{'eval_loss': 0.593847930431366, 'eval_f1': 0.419672131147541, 'eval_runtime': 0.2245, 'eval_samples_per_second': 133.635, 'eval_steps_per_second': 8.909, 'epoch': 1578.0}
{'eval_loss': 0.5937496423721313, 'eval_f1': 0.419672131147541, 'eval_runtime': 0.2327, 'eval_samples_per_second': 128.906, 'eval_steps_per_second': 8.594, 'epoch': 1579.0}
{'eval_loss': 0.5937360525131226, 'eval_f1': 0.419672131147541, 'eval_runtime': 0.2138, 'eval_samples_per_second': 140.35, 'eval_steps_per_second': 9.357, 'epoch': 1580.0}
{'eval_loss': 0.5936987996101379, 'eval_f1': 0.419672131147541, 'eval_runtime': 0.2124, 'eval_samples_per_second': 141.23, 'eval_steps_per_second': 9.415, 'epoch': 1581.0}
{'eval_loss': 0.593723475933075, 'eval_f1': 0.419672131147541, 'eval_runtime': 0.2112, 'eval_samples_per_second': 142.061, 'eval_steps_per_second': 9.471, 'epoch': 1582.0}
{'eval_loss': 0.5937190651893616, 'eval_f1': 0.419672131147541, 'eval_runtime': 0.2203, 'eval_samples_per_second': 136.191, 'eval_steps_per_second': 9.079, 'epoch': 1583.0}
{'eval_loss': 0.593673825263977, 'eval_f1': 0.419672131147541, 'eval_runtime': 0.2133, 'eval_samples_per_second': 140.644, 'eval_steps_per_second': 9.376, 'epoch': 1584.0}
{'eval_loss': 0.5936840772628784, 'eval_f1': 0.419672131147541, 'eval_runtime': 0.2017, 'eval_samples_per_second': 148.736, 'eval_steps_per_second': 9.916, 'epoch': 1585.0}
{'eval_loss': 0.5935526490211487, 'eval_f1': 0.419672131147541, 'eval_runtime': 0.2074, 'eval_samples_per_second': 144.667, 'eval_steps_per_second': 9.644, 'epoch': 1586.0}
{'eval_loss': 0.5935773849487305, 'eval_f1': 0.419672131147541, 'eval_runtime': 0.2036, 'eval_samples_per_second': 147.33, 'eval_steps_per_second': 9.822, 'epoch': 1587.0}
{'eval_loss': 0.5936850905418396, 'eval_f1': 0.41447368421052627, 'eval_runtime': 0.2132, 'eval_samples_per_second': 140.73, 'eval_steps_per_second': 9.382, 'epoch': 1588.0}
{'eval_loss': 0.5937400460243225, 'eval_f1': 0.41447368421052627, 'eval_runtime': 0.212, 'eval_samples_per_second': 141.482, 'eval_steps_per_second': 9.432, 'epoch': 1589.0}
{'eval_loss': 0.5937293767929077, 'eval_f1': 0.41447368421052627, 'eval_runtime': 0.2134, 'eval_samples_per_second': 140.55, 'eval_steps_per_second': 9.37, 'epoch': 1590.0}
{'eval_loss': 0.5937544703483582, 'eval_f1': 0.41447368421052627, 'eval_runtime': 0.2123, 'eval_samples_per_second': 141.324, 'eval_steps_per_second': 9.422, 'epoch': 1591.0}
{'eval_loss': 0.5938259363174438, 'eval_f1': 0.41447368421052627, 'eval_runtime': 0.2122, 'eval_samples_per_second': 141.354, 'eval_steps_per_second': 9.424, 'epoch': 1592.0}
{'eval_loss': 0.5939748287200928, 'eval_f1': 0.41447368421052627, 'eval_runtime': 0.2235, 'eval_samples_per_second': 134.218, 'eval_steps_per_second': 8.948, 'epoch': 1593.0}
{'eval_loss': 0.5941270589828491, 'eval_f1': 0.41447368421052627, 'eval_runtime': 0.218, 'eval_samples_per_second': 137.632, 'eval_steps_per_second': 9.175, 'epoch': 1594.0}
{'eval_loss': 0.5941411852836609, 'eval_f1': 0.41447368421052627, 'eval_runtime': 0.2125, 'eval_samples_per_second': 141.191, 'eval_steps_per_second': 9.413, 'epoch': 1595.0}
{'eval_loss': 0.5941360592842102, 'eval_f1': 0.41447368421052627, 'eval_runtime': 0.2124, 'eval_samples_per_second': 141.256, 'eval_steps_per_second': 9.417, 'epoch': 1596.0}
{'eval_loss': 0.5941431522369385, 'eval_f1': 0.41447368421052627, 'eval_runtime': 0.1993, 'eval_samples_per_second': 150.501, 'eval_steps_per_second': 10.033, 'epoch': 1597.0}
{'eval_loss': 0.5941272974014282, 'eval_f1': 0.41447368421052627, 'eval_runtime': 0.2019, 'eval_samples_per_second': 148.595, 'eval_steps_per_second': 9.906, 'epoch': 1598.0}
{'eval_loss': 0.5942014455795288, 'eval_f1': 0.41447368421052627, 'eval_runtime': 0.1993, 'eval_samples_per_second': 150.546, 'eval_steps_per_second': 10.036, 'epoch': 1599.0}
{'eval_loss': 0.5943700075149536, 'eval_f1': 0.41447368421052627, 'eval_runtime': 0.2002, 'eval_samples_per_second': 149.87, 'eval_steps_per_second': 9.991, 'epoch': 1600.0}
{'eval_loss': 0.5944862365722656, 'eval_f1': 0.4131147540983607, 'eval_runtime': 0.2075, 'eval_samples_per_second': 144.571, 'eval_steps_per_second': 9.638, 'epoch': 1601.0}
{'eval_loss': 0.594571053981781, 'eval_f1': 0.4131147540983607, 'eval_runtime': 0.2095, 'eval_samples_per_second': 143.197, 'eval_steps_per_second': 9.546, 'epoch': 1602.0}
{'eval_loss': 0.5946708917617798, 'eval_f1': 0.4131147540983607, 'eval_runtime': 0.2085, 'eval_samples_per_second': 143.903, 'eval_steps_per_second': 9.594, 'epoch': 1603.0}
{'eval_loss': 0.5946598052978516, 'eval_f1': 0.4131147540983607, 'eval_runtime': 0.2156, 'eval_samples_per_second': 139.171, 'eval_steps_per_second': 9.278, 'epoch': 1604.0}
{'eval_loss': 0.5946251749992371, 'eval_f1': 0.4131147540983607, 'eval_runtime': 0.214, 'eval_samples_per_second': 140.164, 'eval_steps_per_second': 9.344, 'epoch': 1605.0}
{'eval_loss': 0.5945889949798584, 'eval_f1': 0.4131147540983607, 'eval_runtime': 0.2124, 'eval_samples_per_second': 141.267, 'eval_steps_per_second': 9.418, 'epoch': 1606.0}
{'eval_loss': 0.594575047492981, 'eval_f1': 0.4131147540983607, 'eval_runtime': 0.2107, 'eval_samples_per_second': 142.382, 'eval_steps_per_second': 9.492, 'epoch': 1607.0}
{'eval_loss': 0.5945355296134949, 'eval_f1': 0.4131147540983607, 'eval_runtime': 0.2108, 'eval_samples_per_second': 142.329, 'eval_steps_per_second': 9.489, 'epoch': 1608.0}
{'eval_loss': 0.5945442914962769, 'eval_f1': 0.4131147540983607, 'eval_runtime': 0.2111, 'eval_samples_per_second': 142.113, 'eval_steps_per_second': 9.474, 'epoch': 1609.0}
{'eval_loss': 0.59458327293396, 'eval_f1': 0.4131147540983607, 'eval_runtime': 0.2109, 'eval_samples_per_second': 142.22, 'eval_steps_per_second': 9.481, 'epoch': 1610.0}
{'eval_loss': 0.594672441482544, 'eval_f1': 0.4131147540983607, 'eval_runtime': 0.2123, 'eval_samples_per_second': 141.339, 'eval_steps_per_second': 9.423, 'epoch': 1611.0}
{'eval_loss': 0.5947638750076294, 'eval_f1': 0.4131147540983607, 'eval_runtime': 0.214, 'eval_samples_per_second': 140.195, 'eval_steps_per_second': 9.346, 'epoch': 1612.0}
{'eval_loss': 0.594763457775116, 'eval_f1': 0.4131147540983607, 'eval_runtime': 0.2128, 'eval_samples_per_second': 140.979, 'eval_steps_per_second': 9.399, 'epoch': 1613.0}
{'eval_loss': 0.5946820974349976, 'eval_f1': 0.4131147540983607, 'eval_runtime': 0.2264, 'eval_samples_per_second': 132.492, 'eval_steps_per_second': 8.833, 'epoch': 1614.0}
{'eval_loss': 0.5945999026298523, 'eval_f1': 0.41447368421052627, 'eval_runtime': 0.207, 'eval_samples_per_second': 144.929, 'eval_steps_per_second': 9.662, 'epoch': 1615.0}
{'eval_loss': 0.5944902896881104, 'eval_f1': 0.41447368421052627, 'eval_runtime': 0.2122, 'eval_samples_per_second': 141.358, 'eval_steps_per_second': 9.424, 'epoch': 1616.0}
{'eval_loss': 0.594377338886261, 'eval_f1': 0.41447368421052627, 'eval_runtime': 0.2272, 'eval_samples_per_second': 132.035, 'eval_steps_per_second': 8.802, 'epoch': 1617.0}
{'eval_loss': 0.5943039655685425, 'eval_f1': 0.41447368421052627, 'eval_runtime': 0.2062, 'eval_samples_per_second': 145.485, 'eval_steps_per_second': 9.699, 'epoch': 1618.0}
{'eval_loss': 0.5943130850791931, 'eval_f1': 0.4092409240924092, 'eval_runtime': 0.2213, 'eval_samples_per_second': 135.54, 'eval_steps_per_second': 9.036, 'epoch': 1619.0}
{'eval_loss': 0.5943241119384766, 'eval_f1': 0.4092409240924092, 'eval_runtime': 0.2106, 'eval_samples_per_second': 142.425, 'eval_steps_per_second': 9.495, 'epoch': 1620.0}
{'eval_loss': 0.5943338871002197, 'eval_f1': 0.4092409240924092, 'eval_runtime': 0.1986, 'eval_samples_per_second': 151.063, 'eval_steps_per_second': 10.071, 'epoch': 1621.0}
{'eval_loss': 0.594384491443634, 'eval_f1': 0.41447368421052627, 'eval_runtime': 0.2259, 'eval_samples_per_second': 132.827, 'eval_steps_per_second': 8.855, 'epoch': 1622.0}
{'eval_loss': 0.5944338440895081, 'eval_f1': 0.41447368421052627, 'eval_runtime': 0.2178, 'eval_samples_per_second': 137.722, 'eval_steps_per_second': 9.181, 'epoch': 1623.0}
{'eval_loss': 0.594404935836792, 'eval_f1': 0.41447368421052627, 'eval_runtime': 0.2189, 'eval_samples_per_second': 137.061, 'eval_steps_per_second': 9.137, 'epoch': 1624.0}
{'loss': 0.3705, 'grad_norm': 1.2329446077346802, 'learning_rate': 9.166666666666665e-08, 'epoch': 1625.0}
{'eval_loss': 0.5943379998207092, 'eval_f1': 0.4092409240924092, 'eval_runtime': 0.2243, 'eval_samples_per_second': 133.757, 'eval_steps_per_second': 8.917, 'epoch': 1625.0}
{'eval_loss': 0.5943101048469543, 'eval_f1': 0.4092409240924092, 'eval_runtime': 0.2152, 'eval_samples_per_second': 139.401, 'eval_steps_per_second': 9.293, 'epoch': 1626.0}
{'eval_loss': 0.5944396257400513, 'eval_f1': 0.41447368421052627, 'eval_runtime': 0.214, 'eval_samples_per_second': 140.177, 'eval_steps_per_second': 9.345, 'epoch': 1627.0}
{'eval_loss': 0.5945985317230225, 'eval_f1': 0.41447368421052627, 'eval_runtime': 0.2189, 'eval_samples_per_second': 137.049, 'eval_steps_per_second': 9.137, 'epoch': 1628.0}
{'eval_loss': 0.5946855545043945, 'eval_f1': 0.41447368421052627, 'eval_runtime': 0.2145, 'eval_samples_per_second': 139.852, 'eval_steps_per_second': 9.323, 'epoch': 1629.0}
{'eval_loss': 0.5947084426879883, 'eval_f1': 0.4131147540983607, 'eval_runtime': 0.2109, 'eval_samples_per_second': 142.267, 'eval_steps_per_second': 9.484, 'epoch': 1630.0}
{'eval_loss': 0.5946287512779236, 'eval_f1': 0.41447368421052627, 'eval_runtime': 0.223, 'eval_samples_per_second': 134.559, 'eval_steps_per_second': 8.971, 'epoch': 1631.0}
{'eval_loss': 0.5945523381233215, 'eval_f1': 0.41447368421052627, 'eval_runtime': 0.2126, 'eval_samples_per_second': 141.128, 'eval_steps_per_second': 9.409, 'epoch': 1632.0}
{'eval_loss': 0.5944774746894836, 'eval_f1': 0.41447368421052627, 'eval_runtime': 0.2102, 'eval_samples_per_second': 142.712, 'eval_steps_per_second': 9.514, 'epoch': 1633.0}
{'eval_loss': 0.5944178700447083, 'eval_f1': 0.41447368421052627, 'eval_runtime': 0.2163, 'eval_samples_per_second': 138.694, 'eval_steps_per_second': 9.246, 'epoch': 1634.0}
{'eval_loss': 0.5945141911506653, 'eval_f1': 0.41447368421052627, 'eval_runtime': 0.2254, 'eval_samples_per_second': 133.113, 'eval_steps_per_second': 8.874, 'epoch': 1635.0}
{'eval_loss': 0.5945920348167419, 'eval_f1': 0.41447368421052627, 'eval_runtime': 0.219, 'eval_samples_per_second': 136.983, 'eval_steps_per_second': 9.132, 'epoch': 1636.0}
{'eval_loss': 0.5945571064949036, 'eval_f1': 0.419672131147541, 'eval_runtime': 0.195, 'eval_samples_per_second': 153.851, 'eval_steps_per_second': 10.257, 'epoch': 1637.0}
{'eval_loss': 0.5945701599121094, 'eval_f1': 0.419672131147541, 'eval_runtime': 0.2116, 'eval_samples_per_second': 141.744, 'eval_steps_per_second': 9.45, 'epoch': 1638.0}
{'eval_loss': 0.594554603099823, 'eval_f1': 0.419672131147541, 'eval_runtime': 0.2099, 'eval_samples_per_second': 142.907, 'eval_steps_per_second': 9.527, 'epoch': 1639.0}
{'eval_loss': 0.5945454239845276, 'eval_f1': 0.419672131147541, 'eval_runtime': 0.2077, 'eval_samples_per_second': 144.407, 'eval_steps_per_second': 9.627, 'epoch': 1640.0}
{'eval_loss': 0.594634473323822, 'eval_f1': 0.419672131147541, 'eval_runtime': 0.2084, 'eval_samples_per_second': 143.974, 'eval_steps_per_second': 9.598, 'epoch': 1641.0}
{'eval_loss': 0.5945733189582825, 'eval_f1': 0.419672131147541, 'eval_runtime': 0.2081, 'eval_samples_per_second': 144.136, 'eval_steps_per_second': 9.609, 'epoch': 1642.0}
{'eval_loss': 0.5945618152618408, 'eval_f1': 0.419672131147541, 'eval_runtime': 0.2084, 'eval_samples_per_second': 143.93, 'eval_steps_per_second': 9.595, 'epoch': 1643.0}
{'eval_loss': 0.5946041345596313, 'eval_f1': 0.419672131147541, 'eval_runtime': 0.2084, 'eval_samples_per_second': 143.924, 'eval_steps_per_second': 9.595, 'epoch': 1644.0}
{'eval_loss': 0.5946892499923706, 'eval_f1': 0.419672131147541, 'eval_runtime': 0.2084, 'eval_samples_per_second': 143.965, 'eval_steps_per_second': 9.598, 'epoch': 1645.0}
{'eval_loss': 0.5947609543800354, 'eval_f1': 0.419672131147541, 'eval_runtime': 0.2266, 'eval_samples_per_second': 132.41, 'eval_steps_per_second': 8.827, 'epoch': 1646.0}
{'eval_loss': 0.594890832901001, 'eval_f1': 0.419672131147541, 'eval_runtime': 0.2117, 'eval_samples_per_second': 141.708, 'eval_steps_per_second': 9.447, 'epoch': 1647.0}
{'eval_loss': 0.5949518084526062, 'eval_f1': 0.41447368421052627, 'eval_runtime': 0.2238, 'eval_samples_per_second': 134.036, 'eval_steps_per_second': 8.936, 'epoch': 1648.0}
{'eval_loss': 0.5949628949165344, 'eval_f1': 0.41447368421052627, 'eval_runtime': 0.2154, 'eval_samples_per_second': 139.306, 'eval_steps_per_second': 9.287, 'epoch': 1649.0}
{'eval_loss': 0.5950092673301697, 'eval_f1': 0.41447368421052627, 'eval_runtime': 0.2216, 'eval_samples_per_second': 135.376, 'eval_steps_per_second': 9.025, 'epoch': 1650.0}
{'eval_loss': 0.5950607061386108, 'eval_f1': 0.41447368421052627, 'eval_runtime': 0.2147, 'eval_samples_per_second': 139.724, 'eval_steps_per_second': 9.315, 'epoch': 1651.0}
{'eval_loss': 0.5952562689781189, 'eval_f1': 0.4131147540983607, 'eval_runtime': 0.2121, 'eval_samples_per_second': 141.419, 'eval_steps_per_second': 9.428, 'epoch': 1652.0}
{'eval_loss': 0.5953872203826904, 'eval_f1': 0.4131147540983607, 'eval_runtime': 0.2125, 'eval_samples_per_second': 141.159, 'eval_steps_per_second': 9.411, 'epoch': 1653.0}
{'eval_loss': 0.5956524610519409, 'eval_f1': 0.4131147540983607, 'eval_runtime': 0.2125, 'eval_samples_per_second': 141.144, 'eval_steps_per_second': 9.41, 'epoch': 1654.0}
{'eval_loss': 0.5957760214805603, 'eval_f1': 0.4131147540983607, 'eval_runtime': 0.2147, 'eval_samples_per_second': 139.729, 'eval_steps_per_second': 9.315, 'epoch': 1655.0}
{'eval_loss': 0.5957393646240234, 'eval_f1': 0.4131147540983607, 'eval_runtime': 0.213, 'eval_samples_per_second': 140.813, 'eval_steps_per_second': 9.388, 'epoch': 1656.0}
{'eval_loss': 0.5956011414527893, 'eval_f1': 0.4131147540983607, 'eval_runtime': 0.219, 'eval_samples_per_second': 136.973, 'eval_steps_per_second': 9.132, 'epoch': 1657.0}
{'eval_loss': 0.5954412221908569, 'eval_f1': 0.4131147540983607, 'eval_runtime': 0.2124, 'eval_samples_per_second': 141.23, 'eval_steps_per_second': 9.415, 'epoch': 1658.0}
{'eval_loss': 0.5953401923179626, 'eval_f1': 0.419672131147541, 'eval_runtime': 0.213, 'eval_samples_per_second': 140.839, 'eval_steps_per_second': 9.389, 'epoch': 1659.0}
{'eval_loss': 0.59527987241745, 'eval_f1': 0.419672131147541, 'eval_runtime': 0.2131, 'eval_samples_per_second': 140.789, 'eval_steps_per_second': 9.386, 'epoch': 1660.0}
{'eval_loss': 0.5954036712646484, 'eval_f1': 0.419672131147541, 'eval_runtime': 0.2184, 'eval_samples_per_second': 137.35, 'eval_steps_per_second': 9.157, 'epoch': 1661.0}
{'eval_loss': 0.5956578850746155, 'eval_f1': 0.4183006535947712, 'eval_runtime': 0.2079, 'eval_samples_per_second': 144.296, 'eval_steps_per_second': 9.62, 'epoch': 1662.0}
{'eval_loss': 0.5956243872642517, 'eval_f1': 0.4183006535947712, 'eval_runtime': 0.2027, 'eval_samples_per_second': 148.019, 'eval_steps_per_second': 9.868, 'epoch': 1663.0}
{'eval_loss': 0.5954726934432983, 'eval_f1': 0.4131147540983607, 'eval_runtime': 0.2028, 'eval_samples_per_second': 147.93, 'eval_steps_per_second': 9.862, 'epoch': 1664.0}
{'eval_loss': 0.5954062342643738, 'eval_f1': 0.419672131147541, 'eval_runtime': 0.2181, 'eval_samples_per_second': 137.551, 'eval_steps_per_second': 9.17, 'epoch': 1665.0}
{'eval_loss': 0.5954681038856506, 'eval_f1': 0.4183006535947712, 'eval_runtime': 0.2024, 'eval_samples_per_second': 148.229, 'eval_steps_per_second': 9.882, 'epoch': 1666.0}
{'eval_loss': 0.5955280065536499, 'eval_f1': 0.4131147540983607, 'eval_runtime': 0.2007, 'eval_samples_per_second': 149.454, 'eval_steps_per_second': 9.964, 'epoch': 1667.0}
{'eval_loss': 0.595546543598175, 'eval_f1': 0.4131147540983607, 'eval_runtime': 0.2011, 'eval_samples_per_second': 149.142, 'eval_steps_per_second': 9.943, 'epoch': 1668.0}
{'eval_loss': 0.5954830050468445, 'eval_f1': 0.4183006535947712, 'eval_runtime': 0.2058, 'eval_samples_per_second': 145.738, 'eval_steps_per_second': 9.716, 'epoch': 1669.0}
{'eval_loss': 0.5955442786216736, 'eval_f1': 0.4183006535947712, 'eval_runtime': 0.2048, 'eval_samples_per_second': 146.473, 'eval_steps_per_second': 9.765, 'epoch': 1670.0}
{'eval_loss': 0.5956194400787354, 'eval_f1': 0.4183006535947712, 'eval_runtime': 0.2056, 'eval_samples_per_second': 145.938, 'eval_steps_per_second': 9.729, 'epoch': 1671.0}
{'eval_loss': 0.5956371426582336, 'eval_f1': 0.4183006535947712, 'eval_runtime': 0.2055, 'eval_samples_per_second': 146.009, 'eval_steps_per_second': 9.734, 'epoch': 1672.0}
{'eval_loss': 0.5957458019256592, 'eval_f1': 0.4131147540983607, 'eval_runtime': 0.2035, 'eval_samples_per_second': 147.415, 'eval_steps_per_second': 9.828, 'epoch': 1673.0}
{'eval_loss': 0.5958749055862427, 'eval_f1': 0.4131147540983607, 'eval_runtime': 0.2021, 'eval_samples_per_second': 148.473, 'eval_steps_per_second': 9.898, 'epoch': 1674.0}
{'eval_loss': 0.5959500670433044, 'eval_f1': 0.4131147540983607, 'eval_runtime': 0.2041, 'eval_samples_per_second': 146.966, 'eval_steps_per_second': 9.798, 'epoch': 1675.0}
{'eval_loss': 0.5959658026695251, 'eval_f1': 0.4131147540983607, 'eval_runtime': 0.2058, 'eval_samples_per_second': 145.775, 'eval_steps_per_second': 9.718, 'epoch': 1676.0}
{'eval_loss': 0.5959923267364502, 'eval_f1': 0.4183006535947712, 'eval_runtime': 0.2045, 'eval_samples_per_second': 146.729, 'eval_steps_per_second': 9.782, 'epoch': 1677.0}
{'eval_loss': 0.5960299372673035, 'eval_f1': 0.419672131147541, 'eval_runtime': 0.2037, 'eval_samples_per_second': 147.259, 'eval_steps_per_second': 9.817, 'epoch': 1678.0}
{'eval_loss': 0.5959898829460144, 'eval_f1': 0.4183006535947712, 'eval_runtime': 0.2069, 'eval_samples_per_second': 145.023, 'eval_steps_per_second': 9.668, 'epoch': 1679.0}
{'eval_loss': 0.595915675163269, 'eval_f1': 0.4183006535947712, 'eval_runtime': 0.2076, 'eval_samples_per_second': 144.508, 'eval_steps_per_second': 9.634, 'epoch': 1680.0}
{'eval_loss': 0.5957478284835815, 'eval_f1': 0.4183006535947712, 'eval_runtime': 0.2092, 'eval_samples_per_second': 143.407, 'eval_steps_per_second': 9.56, 'epoch': 1681.0}
{'eval_loss': 0.5955461859703064, 'eval_f1': 0.419672131147541, 'eval_runtime': 0.2043, 'eval_samples_per_second': 146.82, 'eval_steps_per_second': 9.788, 'epoch': 1682.0}
{'eval_loss': 0.5954157114028931, 'eval_f1': 0.419672131147541, 'eval_runtime': 0.2037, 'eval_samples_per_second': 147.247, 'eval_steps_per_second': 9.816, 'epoch': 1683.0}
{'eval_loss': 0.5954006314277649, 'eval_f1': 0.419672131147541, 'eval_runtime': 0.1977, 'eval_samples_per_second': 151.728, 'eval_steps_per_second': 10.115, 'epoch': 1684.0}
{'eval_loss': 0.5954471230506897, 'eval_f1': 0.419672131147541, 'eval_runtime': 0.2021, 'eval_samples_per_second': 148.422, 'eval_steps_per_second': 9.895, 'epoch': 1685.0}
{'eval_loss': 0.5955747365951538, 'eval_f1': 0.419672131147541, 'eval_runtime': 0.204, 'eval_samples_per_second': 147.035, 'eval_steps_per_second': 9.802, 'epoch': 1686.0}
{'eval_loss': 0.5956844091415405, 'eval_f1': 0.419672131147541, 'eval_runtime': 0.2011, 'eval_samples_per_second': 149.177, 'eval_steps_per_second': 9.945, 'epoch': 1687.0}
{'loss': 0.3652, 'grad_norm': 0.8190934062004089, 'learning_rate': 8.75e-08, 'epoch': 1687.5}
{'eval_loss': 0.5957775712013245, 'eval_f1': 0.419672131147541, 'eval_runtime': 0.1995, 'eval_samples_per_second': 150.376, 'eval_steps_per_second': 10.025, 'epoch': 1688.0}
{'eval_loss': 0.595770001411438, 'eval_f1': 0.419672131147541, 'eval_runtime': 0.2018, 'eval_samples_per_second': 148.698, 'eval_steps_per_second': 9.913, 'epoch': 1689.0}
{'eval_loss': 0.595757246017456, 'eval_f1': 0.419672131147541, 'eval_runtime': 0.2006, 'eval_samples_per_second': 149.561, 'eval_steps_per_second': 9.971, 'epoch': 1690.0}
{'eval_loss': 0.5958594083786011, 'eval_f1': 0.4131147540983607, 'eval_runtime': 0.2198, 'eval_samples_per_second': 136.459, 'eval_steps_per_second': 9.097, 'epoch': 1691.0}
{'eval_loss': 0.595898449420929, 'eval_f1': 0.4183006535947712, 'eval_runtime': 0.2018, 'eval_samples_per_second': 148.66, 'eval_steps_per_second': 9.911, 'epoch': 1692.0}
{'eval_loss': 0.595930814743042, 'eval_f1': 0.419672131147541, 'eval_runtime': 0.2015, 'eval_samples_per_second': 148.866, 'eval_steps_per_second': 9.924, 'epoch': 1693.0}
{'eval_loss': 0.595960259437561, 'eval_f1': 0.419672131147541, 'eval_runtime': 0.2188, 'eval_samples_per_second': 137.13, 'eval_steps_per_second': 9.142, 'epoch': 1694.0}
{'eval_loss': 0.5959872603416443, 'eval_f1': 0.4183006535947712, 'eval_runtime': 0.2095, 'eval_samples_per_second': 143.167, 'eval_steps_per_second': 9.544, 'epoch': 1695.0}
{'eval_loss': 0.5960130095481873, 'eval_f1': 0.419672131147541, 'eval_runtime': 0.2125, 'eval_samples_per_second': 141.172, 'eval_steps_per_second': 9.411, 'epoch': 1696.0}
{'eval_loss': 0.5960423946380615, 'eval_f1': 0.4183006535947712, 'eval_runtime': 0.2097, 'eval_samples_per_second': 143.063, 'eval_steps_per_second': 9.538, 'epoch': 1697.0}
{'eval_loss': 0.5961292386054993, 'eval_f1': 0.4183006535947712, 'eval_runtime': 0.21, 'eval_samples_per_second': 142.849, 'eval_steps_per_second': 9.523, 'epoch': 1698.0}
{'eval_loss': 0.5961524844169617, 'eval_f1': 0.4183006535947712, 'eval_runtime': 0.23, 'eval_samples_per_second': 130.42, 'eval_steps_per_second': 8.695, 'epoch': 1699.0}
{'eval_loss': 0.5962331891059875, 'eval_f1': 0.4183006535947712, 'eval_runtime': 0.2065, 'eval_samples_per_second': 145.254, 'eval_steps_per_second': 9.684, 'epoch': 1700.0}
{'eval_loss': 0.5963413715362549, 'eval_f1': 0.4183006535947712, 'eval_runtime': 0.2082, 'eval_samples_per_second': 144.074, 'eval_steps_per_second': 9.605, 'epoch': 1701.0}
{'eval_loss': 0.5963945984840393, 'eval_f1': 0.4183006535947712, 'eval_runtime': 0.208, 'eval_samples_per_second': 144.199, 'eval_steps_per_second': 9.613, 'epoch': 1702.0}
{'eval_loss': 0.5963704586029053, 'eval_f1': 0.4183006535947712, 'eval_runtime': 0.208, 'eval_samples_per_second': 144.203, 'eval_steps_per_second': 9.614, 'epoch': 1703.0}
{'eval_loss': 0.5963269472122192, 'eval_f1': 0.4183006535947712, 'eval_runtime': 0.2077, 'eval_samples_per_second': 144.41, 'eval_steps_per_second': 9.627, 'epoch': 1704.0}
{'eval_loss': 0.5964009165763855, 'eval_f1': 0.4183006535947712, 'eval_runtime': 0.2086, 'eval_samples_per_second': 143.787, 'eval_steps_per_second': 9.586, 'epoch': 1705.0}
{'eval_loss': 0.5965261459350586, 'eval_f1': 0.4183006535947712, 'eval_runtime': 0.2088, 'eval_samples_per_second': 143.659, 'eval_steps_per_second': 9.577, 'epoch': 1706.0}
{'eval_loss': 0.5966225266456604, 'eval_f1': 0.4183006535947712, 'eval_runtime': 0.2077, 'eval_samples_per_second': 144.414, 'eval_steps_per_second': 9.628, 'epoch': 1707.0}
{'eval_loss': 0.5966290235519409, 'eval_f1': 0.4183006535947712, 'eval_runtime': 0.2076, 'eval_samples_per_second': 144.51, 'eval_steps_per_second': 9.634, 'epoch': 1708.0}
{'eval_loss': 0.5966934561729431, 'eval_f1': 0.4183006535947712, 'eval_runtime': 0.2092, 'eval_samples_per_second': 143.395, 'eval_steps_per_second': 9.56, 'epoch': 1709.0}
{'eval_loss': 0.596756100654602, 'eval_f1': 0.419672131147541, 'eval_runtime': 0.2081, 'eval_samples_per_second': 144.184, 'eval_steps_per_second': 9.612, 'epoch': 1710.0}
{'eval_loss': 0.5966681241989136, 'eval_f1': 0.4183006535947712, 'eval_runtime': 0.2074, 'eval_samples_per_second': 144.65, 'eval_steps_per_second': 9.643, 'epoch': 1711.0}
{'eval_loss': 0.5966909527778625, 'eval_f1': 0.4183006535947712, 'eval_runtime': 0.2074, 'eval_samples_per_second': 144.671, 'eval_steps_per_second': 9.645, 'epoch': 1712.0}
{'eval_loss': 0.5966761112213135, 'eval_f1': 0.419672131147541, 'eval_runtime': 0.228, 'eval_samples_per_second': 131.569, 'eval_steps_per_second': 8.771, 'epoch': 1713.0}
{'eval_loss': 0.5966367721557617, 'eval_f1': 0.4248366013071896, 'eval_runtime': 0.2172, 'eval_samples_per_second': 138.108, 'eval_steps_per_second': 9.207, 'epoch': 1714.0}
{'eval_loss': 0.5966590642929077, 'eval_f1': 0.4248366013071896, 'eval_runtime': 0.2136, 'eval_samples_per_second': 140.429, 'eval_steps_per_second': 9.362, 'epoch': 1715.0}
{'eval_loss': 0.5967897772789001, 'eval_f1': 0.4248366013071896, 'eval_runtime': 0.2138, 'eval_samples_per_second': 140.301, 'eval_steps_per_second': 9.353, 'epoch': 1716.0}
{'eval_loss': 0.5968430638313293, 'eval_f1': 0.4183006535947712, 'eval_runtime': 0.2135, 'eval_samples_per_second': 140.524, 'eval_steps_per_second': 9.368, 'epoch': 1717.0}
{'eval_loss': 0.5968364477157593, 'eval_f1': 0.4131147540983607, 'eval_runtime': 0.2139, 'eval_samples_per_second': 140.282, 'eval_steps_per_second': 9.352, 'epoch': 1718.0}
{'eval_loss': 0.596809983253479, 'eval_f1': 0.4183006535947712, 'eval_runtime': 0.2136, 'eval_samples_per_second': 140.436, 'eval_steps_per_second': 9.362, 'epoch': 1719.0}
{'eval_loss': 0.5968061685562134, 'eval_f1': 0.419672131147541, 'eval_runtime': 0.2147, 'eval_samples_per_second': 139.698, 'eval_steps_per_second': 9.313, 'epoch': 1720.0}
{'eval_loss': 0.5968591570854187, 'eval_f1': 0.419672131147541, 'eval_runtime': 0.2138, 'eval_samples_per_second': 140.308, 'eval_steps_per_second': 9.354, 'epoch': 1721.0}
{'eval_loss': 0.5969337821006775, 'eval_f1': 0.419672131147541, 'eval_runtime': 0.2051, 'eval_samples_per_second': 146.298, 'eval_steps_per_second': 9.753, 'epoch': 1722.0}
{'eval_loss': 0.5970374345779419, 'eval_f1': 0.419672131147541, 'eval_runtime': 0.2087, 'eval_samples_per_second': 143.75, 'eval_steps_per_second': 9.583, 'epoch': 1723.0}
{'eval_loss': 0.5971108078956604, 'eval_f1': 0.419672131147541, 'eval_runtime': 0.2099, 'eval_samples_per_second': 142.9, 'eval_steps_per_second': 9.527, 'epoch': 1724.0}
{'eval_loss': 0.597122073173523, 'eval_f1': 0.419672131147541, 'eval_runtime': 0.2165, 'eval_samples_per_second': 138.557, 'eval_steps_per_second': 9.237, 'epoch': 1725.0}
{'eval_loss': 0.597108006477356, 'eval_f1': 0.419672131147541, 'eval_runtime': 0.2079, 'eval_samples_per_second': 144.275, 'eval_steps_per_second': 9.618, 'epoch': 1726.0}
{'eval_loss': 0.597213625907898, 'eval_f1': 0.42345276872964166, 'eval_runtime': 0.2084, 'eval_samples_per_second': 143.947, 'eval_steps_per_second': 9.596, 'epoch': 1727.0}
{'eval_loss': 0.5973788499832153, 'eval_f1': 0.42345276872964166, 'eval_runtime': 0.2078, 'eval_samples_per_second': 144.385, 'eval_steps_per_second': 9.626, 'epoch': 1728.0}
{'eval_loss': 0.5975062251091003, 'eval_f1': 0.42345276872964166, 'eval_runtime': 0.2108, 'eval_samples_per_second': 142.295, 'eval_steps_per_second': 9.486, 'epoch': 1729.0}
{'eval_loss': 0.5975313186645508, 'eval_f1': 0.42345276872964166, 'eval_runtime': 0.2126, 'eval_samples_per_second': 141.122, 'eval_steps_per_second': 9.408, 'epoch': 1730.0}
{'eval_loss': 0.597481906414032, 'eval_f1': 0.42345276872964166, 'eval_runtime': 0.2082, 'eval_samples_per_second': 144.122, 'eval_steps_per_second': 9.608, 'epoch': 1731.0}
{'eval_loss': 0.5973356366157532, 'eval_f1': 0.4248366013071896, 'eval_runtime': 0.2092, 'eval_samples_per_second': 143.39, 'eval_steps_per_second': 9.559, 'epoch': 1732.0}
{'eval_loss': 0.5973309278488159, 'eval_f1': 0.4248366013071896, 'eval_runtime': 0.2088, 'eval_samples_per_second': 143.687, 'eval_steps_per_second': 9.579, 'epoch': 1733.0}
{'eval_loss': 0.597304105758667, 'eval_f1': 0.4248366013071896, 'eval_runtime': 0.2083, 'eval_samples_per_second': 144.015, 'eval_steps_per_second': 9.601, 'epoch': 1734.0}
{'eval_loss': 0.5972057580947876, 'eval_f1': 0.4248366013071896, 'eval_runtime': 0.2078, 'eval_samples_per_second': 144.335, 'eval_steps_per_second': 9.622, 'epoch': 1735.0}
{'eval_loss': 0.5971634387969971, 'eval_f1': 0.42622950819672134, 'eval_runtime': 0.2084, 'eval_samples_per_second': 143.975, 'eval_steps_per_second': 9.598, 'epoch': 1736.0}
{'eval_loss': 0.597195565700531, 'eval_f1': 0.42622950819672134, 'eval_runtime': 0.2088, 'eval_samples_per_second': 143.697, 'eval_steps_per_second': 9.58, 'epoch': 1737.0}
{'eval_loss': 0.5971632599830627, 'eval_f1': 0.4313725490196078, 'eval_runtime': 0.2089, 'eval_samples_per_second': 143.59, 'eval_steps_per_second': 9.573, 'epoch': 1738.0}
{'eval_loss': 0.597137987613678, 'eval_f1': 0.4299674267100977, 'eval_runtime': 0.2097, 'eval_samples_per_second': 143.056, 'eval_steps_per_second': 9.537, 'epoch': 1739.0}
{'eval_loss': 0.5969952940940857, 'eval_f1': 0.4248366013071896, 'eval_runtime': 0.2124, 'eval_samples_per_second': 141.244, 'eval_steps_per_second': 9.416, 'epoch': 1740.0}
{'eval_loss': 0.5968654751777649, 'eval_f1': 0.4248366013071896, 'eval_runtime': 0.2109, 'eval_samples_per_second': 142.234, 'eval_steps_per_second': 9.482, 'epoch': 1741.0}
{'eval_loss': 0.5968388915061951, 'eval_f1': 0.4248366013071896, 'eval_runtime': 0.2112, 'eval_samples_per_second': 142.044, 'eval_steps_per_second': 9.47, 'epoch': 1742.0}
{'eval_loss': 0.5968084931373596, 'eval_f1': 0.4313725490196078, 'eval_runtime': 0.2203, 'eval_samples_per_second': 136.184, 'eval_steps_per_second': 9.079, 'epoch': 1743.0}
{'eval_loss': 0.5969229340553284, 'eval_f1': 0.4248366013071896, 'eval_runtime': 0.2114, 'eval_samples_per_second': 141.933, 'eval_steps_per_second': 9.462, 'epoch': 1744.0}
{'eval_loss': 0.5970747470855713, 'eval_f1': 0.4248366013071896, 'eval_runtime': 0.2113, 'eval_samples_per_second': 141.998, 'eval_steps_per_second': 9.467, 'epoch': 1745.0}
{'eval_loss': 0.5970770716667175, 'eval_f1': 0.4248366013071896, 'eval_runtime': 0.2116, 'eval_samples_per_second': 141.807, 'eval_steps_per_second': 9.454, 'epoch': 1746.0}
{'eval_loss': 0.5971623063087463, 'eval_f1': 0.4248366013071896, 'eval_runtime': 0.2188, 'eval_samples_per_second': 137.105, 'eval_steps_per_second': 9.14, 'epoch': 1747.0}
{'eval_loss': 0.5971928834915161, 'eval_f1': 0.4248366013071896, 'eval_runtime': 0.2182, 'eval_samples_per_second': 137.518, 'eval_steps_per_second': 9.168, 'epoch': 1748.0}
{'eval_loss': 0.5972672700881958, 'eval_f1': 0.4248366013071896, 'eval_runtime': 0.2193, 'eval_samples_per_second': 136.829, 'eval_steps_per_second': 9.122, 'epoch': 1749.0}
{'loss': 0.3609, 'grad_norm': 1.144627332687378, 'learning_rate': 8.333333333333334e-08, 'epoch': 1750.0}
{'eval_loss': 0.5972697138786316, 'eval_f1': 0.4248366013071896, 'eval_runtime': 0.2111, 'eval_samples_per_second': 142.143, 'eval_steps_per_second': 9.476, 'epoch': 1750.0}
{'eval_loss': 0.5972900986671448, 'eval_f1': 0.4248366013071896, 'eval_runtime': 0.2113, 'eval_samples_per_second': 141.984, 'eval_steps_per_second': 9.466, 'epoch': 1751.0}
{'eval_loss': 0.5973482131958008, 'eval_f1': 0.42622950819672134, 'eval_runtime': 0.213, 'eval_samples_per_second': 140.868, 'eval_steps_per_second': 9.391, 'epoch': 1752.0}
{'eval_loss': 0.5974134802818298, 'eval_f1': 0.42622950819672134, 'eval_runtime': 0.2136, 'eval_samples_per_second': 140.461, 'eval_steps_per_second': 9.364, 'epoch': 1753.0}
{'eval_loss': 0.5975019335746765, 'eval_f1': 0.42622950819672134, 'eval_runtime': 0.2123, 'eval_samples_per_second': 141.285, 'eval_steps_per_second': 9.419, 'epoch': 1754.0}
{'eval_loss': 0.5976039171218872, 'eval_f1': 0.42622950819672134, 'eval_runtime': 0.2123, 'eval_samples_per_second': 141.339, 'eval_steps_per_second': 9.423, 'epoch': 1755.0}
{'eval_loss': 0.5976657867431641, 'eval_f1': 0.42622950819672134, 'eval_runtime': 0.2144, 'eval_samples_per_second': 139.901, 'eval_steps_per_second': 9.327, 'epoch': 1756.0}
{'eval_loss': 0.5976784825325012, 'eval_f1': 0.42622950819672134, 'eval_runtime': 0.2095, 'eval_samples_per_second': 143.174, 'eval_steps_per_second': 9.545, 'epoch': 1757.0}
{'eval_loss': 0.5976654887199402, 'eval_f1': 0.42622950819672134, 'eval_runtime': 0.1899, 'eval_samples_per_second': 158.017, 'eval_steps_per_second': 10.534, 'epoch': 1758.0}
{'eval_loss': 0.5976741313934326, 'eval_f1': 0.4248366013071896, 'eval_runtime': 0.2166, 'eval_samples_per_second': 138.507, 'eval_steps_per_second': 9.234, 'epoch': 1759.0}
{'eval_loss': 0.5978375673294067, 'eval_f1': 0.419672131147541, 'eval_runtime': 0.2142, 'eval_samples_per_second': 140.073, 'eval_steps_per_second': 9.338, 'epoch': 1760.0}
{'eval_loss': 0.5980510711669922, 'eval_f1': 0.4183006535947712, 'eval_runtime': 0.2216, 'eval_samples_per_second': 135.364, 'eval_steps_per_second': 9.024, 'epoch': 1761.0}
{'eval_loss': 0.5980846881866455, 'eval_f1': 0.4183006535947712, 'eval_runtime': 0.21, 'eval_samples_per_second': 142.866, 'eval_steps_per_second': 9.524, 'epoch': 1762.0}
{'eval_loss': 0.5980122685432434, 'eval_f1': 0.419672131147541, 'eval_runtime': 0.2168, 'eval_samples_per_second': 138.366, 'eval_steps_per_second': 9.224, 'epoch': 1763.0}
{'eval_loss': 0.5979092121124268, 'eval_f1': 0.4248366013071896, 'eval_runtime': 0.2096, 'eval_samples_per_second': 143.114, 'eval_steps_per_second': 9.541, 'epoch': 1764.0}
{'eval_loss': 0.5978285074234009, 'eval_f1': 0.42622950819672134, 'eval_runtime': 0.2157, 'eval_samples_per_second': 139.075, 'eval_steps_per_second': 9.272, 'epoch': 1765.0}
{'eval_loss': 0.5977570414543152, 'eval_f1': 0.42622950819672134, 'eval_runtime': 0.2159, 'eval_samples_per_second': 138.962, 'eval_steps_per_second': 9.264, 'epoch': 1766.0}
{'eval_loss': 0.5977621078491211, 'eval_f1': 0.42622950819672134, 'eval_runtime': 0.245, 'eval_samples_per_second': 122.461, 'eval_steps_per_second': 8.164, 'epoch': 1767.0}
{'eval_loss': 0.5978994369506836, 'eval_f1': 0.42622950819672134, 'eval_runtime': 0.2258, 'eval_samples_per_second': 132.866, 'eval_steps_per_second': 8.858, 'epoch': 1768.0}
{'eval_loss': 0.5981325507164001, 'eval_f1': 0.42622950819672134, 'eval_runtime': 0.2192, 'eval_samples_per_second': 136.878, 'eval_steps_per_second': 9.125, 'epoch': 1769.0}
{'eval_loss': 0.5982330441474915, 'eval_f1': 0.4248366013071896, 'eval_runtime': 0.1996, 'eval_samples_per_second': 150.33, 'eval_steps_per_second': 10.022, 'epoch': 1770.0}
{'eval_loss': 0.5982467532157898, 'eval_f1': 0.42345276872964166, 'eval_runtime': 0.2007, 'eval_samples_per_second': 149.445, 'eval_steps_per_second': 9.963, 'epoch': 1771.0}
{'eval_loss': 0.5981928706169128, 'eval_f1': 0.4248366013071896, 'eval_runtime': 0.198, 'eval_samples_per_second': 151.527, 'eval_steps_per_second': 10.102, 'epoch': 1772.0}
{'eval_loss': 0.5982097387313843, 'eval_f1': 0.4248366013071896, 'eval_runtime': 0.1994, 'eval_samples_per_second': 150.483, 'eval_steps_per_second': 10.032, 'epoch': 1773.0}
{'eval_loss': 0.5982084274291992, 'eval_f1': 0.4248366013071896, 'eval_runtime': 0.2082, 'eval_samples_per_second': 144.083, 'eval_steps_per_second': 9.606, 'epoch': 1774.0}
{'eval_loss': 0.598196268081665, 'eval_f1': 0.42622950819672134, 'eval_runtime': 0.2059, 'eval_samples_per_second': 145.691, 'eval_steps_per_second': 9.713, 'epoch': 1775.0}
{'eval_loss': 0.5981175303459167, 'eval_f1': 0.42622950819672134, 'eval_runtime': 0.211, 'eval_samples_per_second': 142.163, 'eval_steps_per_second': 9.478, 'epoch': 1776.0}
{'eval_loss': 0.5981467962265015, 'eval_f1': 0.42622950819672134, 'eval_runtime': 0.2244, 'eval_samples_per_second': 133.685, 'eval_steps_per_second': 8.912, 'epoch': 1777.0}
{'eval_loss': 0.5980660319328308, 'eval_f1': 0.42622950819672134, 'eval_runtime': 0.2144, 'eval_samples_per_second': 139.898, 'eval_steps_per_second': 9.327, 'epoch': 1778.0}
{'eval_loss': 0.5979457497596741, 'eval_f1': 0.42622950819672134, 'eval_runtime': 0.2106, 'eval_samples_per_second': 142.463, 'eval_steps_per_second': 9.498, 'epoch': 1779.0}
{'eval_loss': 0.5978586673736572, 'eval_f1': 0.42622950819672134, 'eval_runtime': 0.2043, 'eval_samples_per_second': 146.828, 'eval_steps_per_second': 9.789, 'epoch': 1780.0}
{'eval_loss': 0.5978795289993286, 'eval_f1': 0.4313725490196078, 'eval_runtime': 0.2151, 'eval_samples_per_second': 139.482, 'eval_steps_per_second': 9.299, 'epoch': 1781.0}
{'eval_loss': 0.5978785157203674, 'eval_f1': 0.4313725490196078, 'eval_runtime': 0.2231, 'eval_samples_per_second': 134.49, 'eval_steps_per_second': 8.966, 'epoch': 1782.0}
{'eval_loss': 0.5977805256843567, 'eval_f1': 0.4313725490196078, 'eval_runtime': 0.2144, 'eval_samples_per_second': 139.924, 'eval_steps_per_second': 9.328, 'epoch': 1783.0}
{'eval_loss': 0.5977415442466736, 'eval_f1': 0.4313725490196078, 'eval_runtime': 0.2135, 'eval_samples_per_second': 140.492, 'eval_steps_per_second': 9.366, 'epoch': 1784.0}
{'eval_loss': 0.5977922677993774, 'eval_f1': 0.4313725490196078, 'eval_runtime': 0.2267, 'eval_samples_per_second': 132.339, 'eval_steps_per_second': 8.823, 'epoch': 1785.0}
{'eval_loss': 0.5978077054023743, 'eval_f1': 0.42622950819672134, 'eval_runtime': 0.2125, 'eval_samples_per_second': 141.19, 'eval_steps_per_second': 9.413, 'epoch': 1786.0}
{'eval_loss': 0.5978543162345886, 'eval_f1': 0.42622950819672134, 'eval_runtime': 0.2184, 'eval_samples_per_second': 137.333, 'eval_steps_per_second': 9.156, 'epoch': 1787.0}
{'eval_loss': 0.5977747440338135, 'eval_f1': 0.42622950819672134, 'eval_runtime': 0.2165, 'eval_samples_per_second': 138.553, 'eval_steps_per_second': 9.237, 'epoch': 1788.0}
{'eval_loss': 0.5976738333702087, 'eval_f1': 0.4248366013071896, 'eval_runtime': 0.2178, 'eval_samples_per_second': 137.73, 'eval_steps_per_second': 9.182, 'epoch': 1789.0}
{'eval_loss': 0.5976521372795105, 'eval_f1': 0.4248366013071896, 'eval_runtime': 0.231, 'eval_samples_per_second': 129.876, 'eval_steps_per_second': 8.658, 'epoch': 1790.0}
{'eval_loss': 0.5978408455848694, 'eval_f1': 0.42622950819672134, 'eval_runtime': 0.2195, 'eval_samples_per_second': 136.668, 'eval_steps_per_second': 9.111, 'epoch': 1791.0}
{'eval_loss': 0.5980311036109924, 'eval_f1': 0.42105263157894735, 'eval_runtime': 0.2168, 'eval_samples_per_second': 138.373, 'eval_steps_per_second': 9.225, 'epoch': 1792.0}
{'eval_loss': 0.598152756690979, 'eval_f1': 0.419672131147541, 'eval_runtime': 0.2148, 'eval_samples_per_second': 139.662, 'eval_steps_per_second': 9.311, 'epoch': 1793.0}
{'eval_loss': 0.5982024669647217, 'eval_f1': 0.4183006535947712, 'eval_runtime': 0.2125, 'eval_samples_per_second': 141.162, 'eval_steps_per_second': 9.411, 'epoch': 1794.0}
{'eval_loss': 0.5982005596160889, 'eval_f1': 0.419672131147541, 'eval_runtime': 0.2057, 'eval_samples_per_second': 145.858, 'eval_steps_per_second': 9.724, 'epoch': 1795.0}
{'eval_loss': 0.5982109904289246, 'eval_f1': 0.419672131147541, 'eval_runtime': 0.2064, 'eval_samples_per_second': 145.342, 'eval_steps_per_second': 9.689, 'epoch': 1796.0}
{'eval_loss': 0.5982397794723511, 'eval_f1': 0.419672131147541, 'eval_runtime': 0.2096, 'eval_samples_per_second': 143.106, 'eval_steps_per_second': 9.54, 'epoch': 1797.0}
{'eval_loss': 0.5982605814933777, 'eval_f1': 0.4313725490196078, 'eval_runtime': 0.2192, 'eval_samples_per_second': 136.846, 'eval_steps_per_second': 9.123, 'epoch': 1798.0}
{'eval_loss': 0.5983547568321228, 'eval_f1': 0.42622950819672134, 'eval_runtime': 0.232, 'eval_samples_per_second': 129.283, 'eval_steps_per_second': 8.619, 'epoch': 1799.0}
{'eval_loss': 0.5984360575675964, 'eval_f1': 0.4248366013071896, 'eval_runtime': 0.2183, 'eval_samples_per_second': 137.396, 'eval_steps_per_second': 9.16, 'epoch': 1800.0}
{'eval_loss': 0.5984860062599182, 'eval_f1': 0.42345276872964166, 'eval_runtime': 0.2179, 'eval_samples_per_second': 137.693, 'eval_steps_per_second': 9.18, 'epoch': 1801.0}
{'eval_loss': 0.5985659956932068, 'eval_f1': 0.42345276872964166, 'eval_runtime': 0.2204, 'eval_samples_per_second': 136.091, 'eval_steps_per_second': 9.073, 'epoch': 1802.0}
{'eval_loss': 0.5985802412033081, 'eval_f1': 0.42345276872964166, 'eval_runtime': 0.2182, 'eval_samples_per_second': 137.473, 'eval_steps_per_second': 9.165, 'epoch': 1803.0}
{'eval_loss': 0.5985733866691589, 'eval_f1': 0.42345276872964166, 'eval_runtime': 0.218, 'eval_samples_per_second': 137.584, 'eval_steps_per_second': 9.172, 'epoch': 1804.0}
{'eval_loss': 0.5985100865364075, 'eval_f1': 0.4248366013071896, 'eval_runtime': 0.2096, 'eval_samples_per_second': 143.109, 'eval_steps_per_second': 9.541, 'epoch': 1805.0}
{'eval_loss': 0.5984897613525391, 'eval_f1': 0.4248366013071896, 'eval_runtime': 0.2194, 'eval_samples_per_second': 136.766, 'eval_steps_per_second': 9.118, 'epoch': 1806.0}
{'eval_loss': 0.5984306931495667, 'eval_f1': 0.4313725490196078, 'eval_runtime': 0.2271, 'eval_samples_per_second': 132.088, 'eval_steps_per_second': 8.806, 'epoch': 1807.0}
{'eval_loss': 0.5983381271362305, 'eval_f1': 0.4313725490196078, 'eval_runtime': 0.21, 'eval_samples_per_second': 142.846, 'eval_steps_per_second': 9.523, 'epoch': 1808.0}
{'eval_loss': 0.5983642339706421, 'eval_f1': 0.4313725490196078, 'eval_runtime': 0.2127, 'eval_samples_per_second': 141.021, 'eval_steps_per_second': 9.401, 'epoch': 1809.0}
{'eval_loss': 0.5982228517532349, 'eval_f1': 0.4313725490196078, 'eval_runtime': 0.2105, 'eval_samples_per_second': 142.534, 'eval_steps_per_second': 9.502, 'epoch': 1810.0}
{'eval_loss': 0.5982964038848877, 'eval_f1': 0.42622950819672134, 'eval_runtime': 0.2291, 'eval_samples_per_second': 130.954, 'eval_steps_per_second': 8.73, 'epoch': 1811.0}
{'eval_loss': 0.5984107851982117, 'eval_f1': 0.42622950819672134, 'eval_runtime': 0.2154, 'eval_samples_per_second': 139.284, 'eval_steps_per_second': 9.286, 'epoch': 1812.0}
{'loss': 0.357, 'grad_norm': 0.7318674921989441, 'learning_rate': 7.916666666666665e-08, 'epoch': 1812.5}
{'eval_loss': 0.5984484553337097, 'eval_f1': 0.42622950819672134, 'eval_runtime': 0.2134, 'eval_samples_per_second': 140.567, 'eval_steps_per_second': 9.371, 'epoch': 1813.0}
{'eval_loss': 0.598547101020813, 'eval_f1': 0.4248366013071896, 'eval_runtime': 0.219, 'eval_samples_per_second': 137.017, 'eval_steps_per_second': 9.134, 'epoch': 1814.0}
{'eval_loss': 0.5985485911369324, 'eval_f1': 0.4248366013071896, 'eval_runtime': 0.2194, 'eval_samples_per_second': 136.765, 'eval_steps_per_second': 9.118, 'epoch': 1815.0}
{'eval_loss': 0.5985559225082397, 'eval_f1': 0.4248366013071896, 'eval_runtime': 0.2279, 'eval_samples_per_second': 131.663, 'eval_steps_per_second': 8.778, 'epoch': 1816.0}
{'eval_loss': 0.5985434055328369, 'eval_f1': 0.42622950819672134, 'eval_runtime': 0.2151, 'eval_samples_per_second': 139.472, 'eval_steps_per_second': 9.298, 'epoch': 1817.0}
{'eval_loss': 0.5985854864120483, 'eval_f1': 0.42622950819672134, 'eval_runtime': 0.2215, 'eval_samples_per_second': 135.42, 'eval_steps_per_second': 9.028, 'epoch': 1818.0}
{'eval_loss': 0.5986741781234741, 'eval_f1': 0.4248366013071896, 'eval_runtime': 0.2142, 'eval_samples_per_second': 140.074, 'eval_steps_per_second': 9.338, 'epoch': 1819.0}
{'eval_loss': 0.5986588001251221, 'eval_f1': 0.42622950819672134, 'eval_runtime': 0.2266, 'eval_samples_per_second': 132.416, 'eval_steps_per_second': 8.828, 'epoch': 1820.0}
{'eval_loss': 0.5986505746841431, 'eval_f1': 0.42622950819672134, 'eval_runtime': 0.2236, 'eval_samples_per_second': 134.162, 'eval_steps_per_second': 8.944, 'epoch': 1821.0}
{'eval_loss': 0.5987989902496338, 'eval_f1': 0.4248366013071896, 'eval_runtime': 0.2115, 'eval_samples_per_second': 141.824, 'eval_steps_per_second': 9.455, 'epoch': 1822.0}
{'eval_loss': 0.5990675091743469, 'eval_f1': 0.42345276872964166, 'eval_runtime': 0.2318, 'eval_samples_per_second': 129.397, 'eval_steps_per_second': 8.626, 'epoch': 1823.0}
{'eval_loss': 0.5992298722267151, 'eval_f1': 0.42345276872964166, 'eval_runtime': 0.2172, 'eval_samples_per_second': 138.146, 'eval_steps_per_second': 9.21, 'epoch': 1824.0}
{'eval_loss': 0.5993356108665466, 'eval_f1': 0.42071197411003236, 'eval_runtime': 0.2322, 'eval_samples_per_second': 129.198, 'eval_steps_per_second': 8.613, 'epoch': 1825.0}
{'eval_loss': 0.5993013978004456, 'eval_f1': 0.42207792207792205, 'eval_runtime': 0.2103, 'eval_samples_per_second': 142.673, 'eval_steps_per_second': 9.512, 'epoch': 1826.0}
{'eval_loss': 0.5993021130561829, 'eval_f1': 0.42207792207792205, 'eval_runtime': 0.221, 'eval_samples_per_second': 135.759, 'eval_steps_per_second': 9.051, 'epoch': 1827.0}
{'eval_loss': 0.599275529384613, 'eval_f1': 0.42207792207792205, 'eval_runtime': 0.2132, 'eval_samples_per_second': 140.716, 'eval_steps_per_second': 9.381, 'epoch': 1828.0}
{'eval_loss': 0.5992771983146667, 'eval_f1': 0.42207792207792205, 'eval_runtime': 0.2127, 'eval_samples_per_second': 141.059, 'eval_steps_per_second': 9.404, 'epoch': 1829.0}
{'eval_loss': 0.599089503288269, 'eval_f1': 0.42345276872964166, 'eval_runtime': 0.2091, 'eval_samples_per_second': 143.462, 'eval_steps_per_second': 9.564, 'epoch': 1830.0}
{'eval_loss': 0.598913311958313, 'eval_f1': 0.4248366013071896, 'eval_runtime': 0.2099, 'eval_samples_per_second': 142.922, 'eval_steps_per_second': 9.528, 'epoch': 1831.0}
{'eval_loss': 0.5988080501556396, 'eval_f1': 0.42622950819672134, 'eval_runtime': 0.2175, 'eval_samples_per_second': 137.929, 'eval_steps_per_second': 9.195, 'epoch': 1832.0}
{'eval_loss': 0.5988146066665649, 'eval_f1': 0.42622950819672134, 'eval_runtime': 0.2237, 'eval_samples_per_second': 134.084, 'eval_steps_per_second': 8.939, 'epoch': 1833.0}
{'eval_loss': 0.5988964438438416, 'eval_f1': 0.42622950819672134, 'eval_runtime': 0.2039, 'eval_samples_per_second': 147.122, 'eval_steps_per_second': 9.808, 'epoch': 1834.0}
{'eval_loss': 0.5989883542060852, 'eval_f1': 0.42345276872964166, 'eval_runtime': 0.2441, 'eval_samples_per_second': 122.914, 'eval_steps_per_second': 8.194, 'epoch': 1835.0}
{'eval_loss': 0.5990546941757202, 'eval_f1': 0.4248366013071896, 'eval_runtime': 0.2307, 'eval_samples_per_second': 130.038, 'eval_steps_per_second': 8.669, 'epoch': 1836.0}
{'eval_loss': 0.5990216135978699, 'eval_f1': 0.4248366013071896, 'eval_runtime': 0.2265, 'eval_samples_per_second': 132.47, 'eval_steps_per_second': 8.831, 'epoch': 1837.0}
{'eval_loss': 0.5991106629371643, 'eval_f1': 0.4248366013071896, 'eval_runtime': 0.214, 'eval_samples_per_second': 140.17, 'eval_steps_per_second': 9.345, 'epoch': 1838.0}
{'eval_loss': 0.599196195602417, 'eval_f1': 0.42207792207792205, 'eval_runtime': 0.2052, 'eval_samples_per_second': 146.174, 'eval_steps_per_second': 9.745, 'epoch': 1839.0}
{'eval_loss': 0.5991731882095337, 'eval_f1': 0.42207792207792205, 'eval_runtime': 0.2253, 'eval_samples_per_second': 133.133, 'eval_steps_per_second': 8.876, 'epoch': 1840.0}
{'eval_loss': 0.5991554856300354, 'eval_f1': 0.42207792207792205, 'eval_runtime': 0.2127, 'eval_samples_per_second': 141.055, 'eval_steps_per_second': 9.404, 'epoch': 1841.0}
{'eval_loss': 0.5991109609603882, 'eval_f1': 0.4248366013071896, 'eval_runtime': 0.2148, 'eval_samples_per_second': 139.65, 'eval_steps_per_second': 9.31, 'epoch': 1842.0}
{'eval_loss': 0.5990846753120422, 'eval_f1': 0.4248366013071896, 'eval_runtime': 0.2179, 'eval_samples_per_second': 137.685, 'eval_steps_per_second': 9.179, 'epoch': 1843.0}
{'eval_loss': 0.5990779995918274, 'eval_f1': 0.4248366013071896, 'eval_runtime': 0.2291, 'eval_samples_per_second': 130.94, 'eval_steps_per_second': 8.729, 'epoch': 1844.0}
{'eval_loss': 0.5991037487983704, 'eval_f1': 0.4248366013071896, 'eval_runtime': 0.2163, 'eval_samples_per_second': 138.688, 'eval_steps_per_second': 9.246, 'epoch': 1845.0}
{'eval_loss': 0.5991566181182861, 'eval_f1': 0.4248366013071896, 'eval_runtime': 0.2386, 'eval_samples_per_second': 125.746, 'eval_steps_per_second': 8.383, 'epoch': 1846.0}
{'eval_loss': 0.5991868376731873, 'eval_f1': 0.4248366013071896, 'eval_runtime': 0.2197, 'eval_samples_per_second': 136.548, 'eval_steps_per_second': 9.103, 'epoch': 1847.0}
{'eval_loss': 0.5991992950439453, 'eval_f1': 0.4248366013071896, 'eval_runtime': 0.2151, 'eval_samples_per_second': 139.456, 'eval_steps_per_second': 9.297, 'epoch': 1848.0}
{'eval_loss': 0.5991633534431458, 'eval_f1': 0.4248366013071896, 'eval_runtime': 0.2068, 'eval_samples_per_second': 145.099, 'eval_steps_per_second': 9.673, 'epoch': 1849.0}
{'eval_loss': 0.5992125272750854, 'eval_f1': 0.4248366013071896, 'eval_runtime': 0.2122, 'eval_samples_per_second': 141.382, 'eval_steps_per_second': 9.425, 'epoch': 1850.0}
{'eval_loss': 0.5991751551628113, 'eval_f1': 0.4248366013071896, 'eval_runtime': 0.2088, 'eval_samples_per_second': 143.688, 'eval_steps_per_second': 9.579, 'epoch': 1851.0}
{'eval_loss': 0.5991246104240417, 'eval_f1': 0.4248366013071896, 'eval_runtime': 0.2132, 'eval_samples_per_second': 140.707, 'eval_steps_per_second': 9.38, 'epoch': 1852.0}
{'eval_loss': 0.5991243720054626, 'eval_f1': 0.4248366013071896, 'eval_runtime': 0.2097, 'eval_samples_per_second': 143.057, 'eval_steps_per_second': 9.537, 'epoch': 1853.0}
{'eval_loss': 0.5991697311401367, 'eval_f1': 0.4248366013071896, 'eval_runtime': 0.2161, 'eval_samples_per_second': 138.82, 'eval_steps_per_second': 9.255, 'epoch': 1854.0}
{'eval_loss': 0.5991771817207336, 'eval_f1': 0.4248366013071896, 'eval_runtime': 0.2261, 'eval_samples_per_second': 132.667, 'eval_steps_per_second': 8.844, 'epoch': 1855.0}
{'eval_loss': 0.5991510152816772, 'eval_f1': 0.4248366013071896, 'eval_runtime': 0.2163, 'eval_samples_per_second': 138.691, 'eval_steps_per_second': 9.246, 'epoch': 1856.0}
{'eval_loss': 0.5990849733352661, 'eval_f1': 0.4248366013071896, 'eval_runtime': 0.217, 'eval_samples_per_second': 138.253, 'eval_steps_per_second': 9.217, 'epoch': 1857.0}
{'eval_loss': 0.5990970134735107, 'eval_f1': 0.42345276872964166, 'eval_runtime': 0.2161, 'eval_samples_per_second': 138.842, 'eval_steps_per_second': 9.256, 'epoch': 1858.0}
{'eval_loss': 0.5991106629371643, 'eval_f1': 0.42345276872964166, 'eval_runtime': 0.2194, 'eval_samples_per_second': 136.767, 'eval_steps_per_second': 9.118, 'epoch': 1859.0}
{'eval_loss': 0.5991665124893188, 'eval_f1': 0.42345276872964166, 'eval_runtime': 0.2179, 'eval_samples_per_second': 137.67, 'eval_steps_per_second': 9.178, 'epoch': 1860.0}
{'eval_loss': 0.5992277264595032, 'eval_f1': 0.42345276872964166, 'eval_runtime': 0.2063, 'eval_samples_per_second': 145.395, 'eval_steps_per_second': 9.693, 'epoch': 1861.0}
{'eval_loss': 0.5993003845214844, 'eval_f1': 0.42207792207792205, 'eval_runtime': 0.2069, 'eval_samples_per_second': 145.009, 'eval_steps_per_second': 9.667, 'epoch': 1862.0}
{'eval_loss': 0.5993309020996094, 'eval_f1': 0.42207792207792205, 'eval_runtime': 0.2177, 'eval_samples_per_second': 137.806, 'eval_steps_per_second': 9.187, 'epoch': 1863.0}
{'eval_loss': 0.5993443131446838, 'eval_f1': 0.42207792207792205, 'eval_runtime': 0.2126, 'eval_samples_per_second': 141.124, 'eval_steps_per_second': 9.408, 'epoch': 1864.0}
{'eval_loss': 0.5993013978004456, 'eval_f1': 0.42345276872964166, 'eval_runtime': 0.2136, 'eval_samples_per_second': 140.464, 'eval_steps_per_second': 9.364, 'epoch': 1865.0}
{'eval_loss': 0.5993593335151672, 'eval_f1': 0.42345276872964166, 'eval_runtime': 0.2156, 'eval_samples_per_second': 139.133, 'eval_steps_per_second': 9.276, 'epoch': 1866.0}
{'eval_loss': 0.5994179248809814, 'eval_f1': 0.42207792207792205, 'eval_runtime': 0.2163, 'eval_samples_per_second': 138.679, 'eval_steps_per_second': 9.245, 'epoch': 1867.0}
{'eval_loss': 0.5995222330093384, 'eval_f1': 0.42207792207792205, 'eval_runtime': 0.2113, 'eval_samples_per_second': 141.973, 'eval_steps_per_second': 9.465, 'epoch': 1868.0}
{'eval_loss': 0.5996386408805847, 'eval_f1': 0.42207792207792205, 'eval_runtime': 0.2094, 'eval_samples_per_second': 143.271, 'eval_steps_per_second': 9.551, 'epoch': 1869.0}
{'eval_loss': 0.5997273921966553, 'eval_f1': 0.42071197411003236, 'eval_runtime': 0.2225, 'eval_samples_per_second': 134.812, 'eval_steps_per_second': 8.987, 'epoch': 1870.0}
{'eval_loss': 0.5997635126113892, 'eval_f1': 0.42071197411003236, 'eval_runtime': 0.2131, 'eval_samples_per_second': 140.775, 'eval_steps_per_second': 9.385, 'epoch': 1871.0}
{'eval_loss': 0.5997830033302307, 'eval_f1': 0.42071197411003236, 'eval_runtime': 0.2161, 'eval_samples_per_second': 138.834, 'eval_steps_per_second': 9.256, 'epoch': 1872.0}
{'eval_loss': 0.5997154116630554, 'eval_f1': 0.42071197411003236, 'eval_runtime': 0.2293, 'eval_samples_per_second': 130.836, 'eval_steps_per_second': 8.722, 'epoch': 1873.0}
{'eval_loss': 0.5996924638748169, 'eval_f1': 0.42071197411003236, 'eval_runtime': 0.2089, 'eval_samples_per_second': 143.585, 'eval_steps_per_second': 9.572, 'epoch': 1874.0}
{'loss': 0.3534, 'grad_norm': 1.140482783317566, 'learning_rate': 7.5e-08, 'epoch': 1875.0}
{'eval_loss': 0.5997785925865173, 'eval_f1': 0.42071197411003236, 'eval_runtime': 0.2105, 'eval_samples_per_second': 142.549, 'eval_steps_per_second': 9.503, 'epoch': 1875.0}
{'eval_loss': 0.5997622609138489, 'eval_f1': 0.42071197411003236, 'eval_runtime': 0.2125, 'eval_samples_per_second': 141.184, 'eval_steps_per_second': 9.412, 'epoch': 1876.0}
{'eval_loss': 0.5996502637863159, 'eval_f1': 0.4258064516129032, 'eval_runtime': 0.2201, 'eval_samples_per_second': 136.316, 'eval_steps_per_second': 9.088, 'epoch': 1877.0}
{'eval_loss': 0.599575400352478, 'eval_f1': 0.4258064516129032, 'eval_runtime': 0.2098, 'eval_samples_per_second': 142.969, 'eval_steps_per_second': 9.531, 'epoch': 1878.0}
{'eval_loss': 0.5996163487434387, 'eval_f1': 0.4258064516129032, 'eval_runtime': 0.2083, 'eval_samples_per_second': 144.0, 'eval_steps_per_second': 9.6, 'epoch': 1879.0}
{'eval_loss': 0.5995854735374451, 'eval_f1': 0.4258064516129032, 'eval_runtime': 0.2135, 'eval_samples_per_second': 140.495, 'eval_steps_per_second': 9.366, 'epoch': 1880.0}
{'eval_loss': 0.5996048450469971, 'eval_f1': 0.4258064516129032, 'eval_runtime': 0.2341, 'eval_samples_per_second': 128.158, 'eval_steps_per_second': 8.544, 'epoch': 1881.0}
{'eval_loss': 0.5996533036231995, 'eval_f1': 0.4258064516129032, 'eval_runtime': 0.2173, 'eval_samples_per_second': 138.045, 'eval_steps_per_second': 9.203, 'epoch': 1882.0}
{'eval_loss': 0.5996782779693604, 'eval_f1': 0.4258064516129032, 'eval_runtime': 0.2159, 'eval_samples_per_second': 138.942, 'eval_steps_per_second': 9.263, 'epoch': 1883.0}
{'eval_loss': 0.5997334122657776, 'eval_f1': 0.42071197411003236, 'eval_runtime': 0.2059, 'eval_samples_per_second': 145.687, 'eval_steps_per_second': 9.712, 'epoch': 1884.0}
{'eval_loss': 0.5997138619422913, 'eval_f1': 0.4258064516129032, 'eval_runtime': 0.207, 'eval_samples_per_second': 144.893, 'eval_steps_per_second': 9.66, 'epoch': 1885.0}
{'eval_loss': 0.5996923446655273, 'eval_f1': 0.4258064516129032, 'eval_runtime': 0.2069, 'eval_samples_per_second': 145.019, 'eval_steps_per_second': 9.668, 'epoch': 1886.0}
{'eval_loss': 0.5996789336204529, 'eval_f1': 0.4258064516129032, 'eval_runtime': 0.2126, 'eval_samples_per_second': 141.131, 'eval_steps_per_second': 9.409, 'epoch': 1887.0}
{'eval_loss': 0.5997656583786011, 'eval_f1': 0.4258064516129032, 'eval_runtime': 0.2059, 'eval_samples_per_second': 145.68, 'eval_steps_per_second': 9.712, 'epoch': 1888.0}
{'eval_loss': 0.5997636914253235, 'eval_f1': 0.4258064516129032, 'eval_runtime': 0.2221, 'eval_samples_per_second': 135.098, 'eval_steps_per_second': 9.007, 'epoch': 1889.0}
{'eval_loss': 0.5997609496116638, 'eval_f1': 0.4258064516129032, 'eval_runtime': 0.2214, 'eval_samples_per_second': 135.488, 'eval_steps_per_second': 9.033, 'epoch': 1890.0}
{'eval_loss': 0.5997432470321655, 'eval_f1': 0.4258064516129032, 'eval_runtime': 0.2066, 'eval_samples_per_second': 145.224, 'eval_steps_per_second': 9.682, 'epoch': 1891.0}
{'eval_loss': 0.5997533798217773, 'eval_f1': 0.4258064516129032, 'eval_runtime': 0.2163, 'eval_samples_per_second': 138.677, 'eval_steps_per_second': 9.245, 'epoch': 1892.0}
{'eval_loss': 0.5997750759124756, 'eval_f1': 0.4258064516129032, 'eval_runtime': 0.2173, 'eval_samples_per_second': 138.03, 'eval_steps_per_second': 9.202, 'epoch': 1893.0}
{'eval_loss': 0.5998478531837463, 'eval_f1': 0.42071197411003236, 'eval_runtime': 0.2132, 'eval_samples_per_second': 140.74, 'eval_steps_per_second': 9.383, 'epoch': 1894.0}
{'eval_loss': 0.5999099016189575, 'eval_f1': 0.4258064516129032, 'eval_runtime': 0.2165, 'eval_samples_per_second': 138.58, 'eval_steps_per_second': 9.239, 'epoch': 1895.0}
{'eval_loss': 0.5999028086662292, 'eval_f1': 0.4258064516129032, 'eval_runtime': 0.2082, 'eval_samples_per_second': 144.087, 'eval_steps_per_second': 9.606, 'epoch': 1896.0}
{'eval_loss': 0.5998202562332153, 'eval_f1': 0.4258064516129032, 'eval_runtime': 0.207, 'eval_samples_per_second': 144.953, 'eval_steps_per_second': 9.664, 'epoch': 1897.0}
{'eval_loss': 0.5997413396835327, 'eval_f1': 0.43086816720257237, 'eval_runtime': 0.2077, 'eval_samples_per_second': 144.462, 'eval_steps_per_second': 9.631, 'epoch': 1898.0}
{'eval_loss': 0.5996996760368347, 'eval_f1': 0.43225806451612897, 'eval_runtime': 0.2083, 'eval_samples_per_second': 144.0, 'eval_steps_per_second': 9.6, 'epoch': 1899.0}
{'eval_loss': 0.5997479557991028, 'eval_f1': 0.4271844660194174, 'eval_runtime': 0.2156, 'eval_samples_per_second': 139.133, 'eval_steps_per_second': 9.276, 'epoch': 1900.0}
{'eval_loss': 0.5998169779777527, 'eval_f1': 0.4271844660194174, 'eval_runtime': 0.2255, 'eval_samples_per_second': 133.017, 'eval_steps_per_second': 8.868, 'epoch': 1901.0}
{'eval_loss': 0.5998739004135132, 'eval_f1': 0.42207792207792205, 'eval_runtime': 0.214, 'eval_samples_per_second': 140.195, 'eval_steps_per_second': 9.346, 'epoch': 1902.0}
{'eval_loss': 0.5998423099517822, 'eval_f1': 0.42207792207792205, 'eval_runtime': 0.2142, 'eval_samples_per_second': 140.034, 'eval_steps_per_second': 9.336, 'epoch': 1903.0}
{'eval_loss': 0.5998296737670898, 'eval_f1': 0.42345276872964166, 'eval_runtime': 0.2218, 'eval_samples_per_second': 135.27, 'eval_steps_per_second': 9.018, 'epoch': 1904.0}
{'eval_loss': 0.5997734665870667, 'eval_f1': 0.42345276872964166, 'eval_runtime': 0.2137, 'eval_samples_per_second': 140.412, 'eval_steps_per_second': 9.361, 'epoch': 1905.0}
{'eval_loss': 0.599769651889801, 'eval_f1': 0.42345276872964166, 'eval_runtime': 0.202, 'eval_samples_per_second': 148.523, 'eval_steps_per_second': 9.902, 'epoch': 1906.0}
{'eval_loss': 0.5997881293296814, 'eval_f1': 0.42345276872964166, 'eval_runtime': 0.2168, 'eval_samples_per_second': 138.385, 'eval_steps_per_second': 9.226, 'epoch': 1907.0}
{'eval_loss': 0.599747359752655, 'eval_f1': 0.42345276872964166, 'eval_runtime': 0.2041, 'eval_samples_per_second': 146.997, 'eval_steps_per_second': 9.8, 'epoch': 1908.0}
{'eval_loss': 0.5998509526252747, 'eval_f1': 0.42345276872964166, 'eval_runtime': 0.2033, 'eval_samples_per_second': 147.567, 'eval_steps_per_second': 9.838, 'epoch': 1909.0}
{'eval_loss': 0.5999792218208313, 'eval_f1': 0.42207792207792205, 'eval_runtime': 0.2214, 'eval_samples_per_second': 135.53, 'eval_steps_per_second': 9.035, 'epoch': 1910.0}
{'eval_loss': 0.6001294255256653, 'eval_f1': 0.42071197411003236, 'eval_runtime': 0.226, 'eval_samples_per_second': 132.718, 'eval_steps_per_second': 8.848, 'epoch': 1911.0}
{'eval_loss': 0.6001427173614502, 'eval_f1': 0.42071197411003236, 'eval_runtime': 0.2141, 'eval_samples_per_second': 140.095, 'eval_steps_per_second': 9.34, 'epoch': 1912.0}
{'eval_loss': 0.6000455021858215, 'eval_f1': 0.42207792207792205, 'eval_runtime': 0.2164, 'eval_samples_per_second': 138.651, 'eval_steps_per_second': 9.243, 'epoch': 1913.0}
{'eval_loss': 0.5999659299850464, 'eval_f1': 0.42207792207792205, 'eval_runtime': 0.2132, 'eval_samples_per_second': 140.735, 'eval_steps_per_second': 9.382, 'epoch': 1914.0}
{'eval_loss': 0.5998986959457397, 'eval_f1': 0.42207792207792205, 'eval_runtime': 0.2067, 'eval_samples_per_second': 145.157, 'eval_steps_per_second': 9.677, 'epoch': 1915.0}
{'eval_loss': 0.5998060703277588, 'eval_f1': 0.42207792207792205, 'eval_runtime': 0.206, 'eval_samples_per_second': 145.663, 'eval_steps_per_second': 9.711, 'epoch': 1916.0}
{'eval_loss': 0.5998743772506714, 'eval_f1': 0.42207792207792205, 'eval_runtime': 0.2028, 'eval_samples_per_second': 147.957, 'eval_steps_per_second': 9.864, 'epoch': 1917.0}
{'eval_loss': 0.5999829173088074, 'eval_f1': 0.42207792207792205, 'eval_runtime': 0.2331, 'eval_samples_per_second': 128.68, 'eval_steps_per_second': 8.579, 'epoch': 1918.0}
{'eval_loss': 0.6000174283981323, 'eval_f1': 0.42207792207792205, 'eval_runtime': 0.2164, 'eval_samples_per_second': 138.646, 'eval_steps_per_second': 9.243, 'epoch': 1919.0}
{'eval_loss': 0.6001062989234924, 'eval_f1': 0.42207792207792205, 'eval_runtime': 0.2071, 'eval_samples_per_second': 144.863, 'eval_steps_per_second': 9.658, 'epoch': 1920.0}
{'eval_loss': 0.6001510620117188, 'eval_f1': 0.42207792207792205, 'eval_runtime': 0.2002, 'eval_samples_per_second': 149.819, 'eval_steps_per_second': 9.988, 'epoch': 1921.0}
{'eval_loss': 0.6002102494239807, 'eval_f1': 0.42071197411003236, 'eval_runtime': 0.1998, 'eval_samples_per_second': 150.185, 'eval_steps_per_second': 10.012, 'epoch': 1922.0}
{'eval_loss': 0.6003075838088989, 'eval_f1': 0.42071197411003236, 'eval_runtime': 0.2144, 'eval_samples_per_second': 139.894, 'eval_steps_per_second': 9.326, 'epoch': 1923.0}
{'eval_loss': 0.6003643870353699, 'eval_f1': 0.42071197411003236, 'eval_runtime': 0.2135, 'eval_samples_per_second': 140.512, 'eval_steps_per_second': 9.367, 'epoch': 1924.0}
{'eval_loss': 0.6003694534301758, 'eval_f1': 0.42071197411003236, 'eval_runtime': 0.2143, 'eval_samples_per_second': 140.018, 'eval_steps_per_second': 9.335, 'epoch': 1925.0}
{'eval_loss': 0.6003285646438599, 'eval_f1': 0.42071197411003236, 'eval_runtime': 0.2153, 'eval_samples_per_second': 139.336, 'eval_steps_per_second': 9.289, 'epoch': 1926.0}
{'eval_loss': 0.6002531051635742, 'eval_f1': 0.42207792207792205, 'eval_runtime': 0.2134, 'eval_samples_per_second': 140.608, 'eval_steps_per_second': 9.374, 'epoch': 1927.0}
{'eval_loss': 0.6002597808837891, 'eval_f1': 0.42207792207792205, 'eval_runtime': 0.2121, 'eval_samples_per_second': 141.413, 'eval_steps_per_second': 9.428, 'epoch': 1928.0}
{'eval_loss': 0.6002827882766724, 'eval_f1': 0.42207792207792205, 'eval_runtime': 0.2227, 'eval_samples_per_second': 134.714, 'eval_steps_per_second': 8.981, 'epoch': 1929.0}
{'eval_loss': 0.600398063659668, 'eval_f1': 0.42071197411003236, 'eval_runtime': 0.2133, 'eval_samples_per_second': 140.614, 'eval_steps_per_second': 9.374, 'epoch': 1930.0}
{'eval_loss': 0.6004697680473328, 'eval_f1': 0.42071197411003236, 'eval_runtime': 0.2127, 'eval_samples_per_second': 141.061, 'eval_steps_per_second': 9.404, 'epoch': 1931.0}
{'eval_loss': 0.6005052328109741, 'eval_f1': 0.42071197411003236, 'eval_runtime': 0.2123, 'eval_samples_per_second': 141.303, 'eval_steps_per_second': 9.42, 'epoch': 1932.0}
{'eval_loss': 0.6005181074142456, 'eval_f1': 0.42071197411003236, 'eval_runtime': 0.2128, 'eval_samples_per_second': 140.992, 'eval_steps_per_second': 9.399, 'epoch': 1933.0}
{'eval_loss': 0.6004212498664856, 'eval_f1': 0.42071197411003236, 'eval_runtime': 0.2123, 'eval_samples_per_second': 141.315, 'eval_steps_per_second': 9.421, 'epoch': 1934.0}
{'eval_loss': 0.6003440022468567, 'eval_f1': 0.42207792207792205, 'eval_runtime': 0.215, 'eval_samples_per_second': 139.507, 'eval_steps_per_second': 9.3, 'epoch': 1935.0}
{'eval_loss': 0.6003068089485168, 'eval_f1': 0.42207792207792205, 'eval_runtime': 0.2679, 'eval_samples_per_second': 111.995, 'eval_steps_per_second': 7.466, 'epoch': 1936.0}
{'eval_loss': 0.6003237366676331, 'eval_f1': 0.42207792207792205, 'eval_runtime': 0.2067, 'eval_samples_per_second': 145.14, 'eval_steps_per_second': 9.676, 'epoch': 1937.0}
{'loss': 0.3499, 'grad_norm': 0.8207244873046875, 'learning_rate': 7.083333333333334e-08, 'epoch': 1937.5}
{'eval_loss': 0.6004079580307007, 'eval_f1': 0.42207792207792205, 'eval_runtime': 0.207, 'eval_samples_per_second': 144.957, 'eval_steps_per_second': 9.664, 'epoch': 1938.0}
{'eval_loss': 0.6004596948623657, 'eval_f1': 0.42207792207792205, 'eval_runtime': 0.2071, 'eval_samples_per_second': 144.872, 'eval_steps_per_second': 9.658, 'epoch': 1939.0}
{'eval_loss': 0.6005222797393799, 'eval_f1': 0.42207792207792205, 'eval_runtime': 0.2124, 'eval_samples_per_second': 141.255, 'eval_steps_per_second': 9.417, 'epoch': 1940.0}
{'eval_loss': 0.6004860997200012, 'eval_f1': 0.42207792207792205, 'eval_runtime': 0.2132, 'eval_samples_per_second': 140.691, 'eval_steps_per_second': 9.379, 'epoch': 1941.0}
{'eval_loss': 0.6004149317741394, 'eval_f1': 0.42207792207792205, 'eval_runtime': 0.2132, 'eval_samples_per_second': 140.713, 'eval_steps_per_second': 9.381, 'epoch': 1942.0}
{'eval_loss': 0.6003697514533997, 'eval_f1': 0.42345276872964166, 'eval_runtime': 0.213, 'eval_samples_per_second': 140.849, 'eval_steps_per_second': 9.39, 'epoch': 1943.0}
{'eval_loss': 0.600330650806427, 'eval_f1': 0.42207792207792205, 'eval_runtime': 0.2149, 'eval_samples_per_second': 139.625, 'eval_steps_per_second': 9.308, 'epoch': 1944.0}
{'eval_loss': 0.6003921627998352, 'eval_f1': 0.42207792207792205, 'eval_runtime': 0.2133, 'eval_samples_per_second': 140.647, 'eval_steps_per_second': 9.376, 'epoch': 1945.0}
{'eval_loss': 0.6004781723022461, 'eval_f1': 0.42207792207792205, 'eval_runtime': 0.2122, 'eval_samples_per_second': 141.38, 'eval_steps_per_second': 9.425, 'epoch': 1946.0}
{'eval_loss': 0.6005229949951172, 'eval_f1': 0.42207792207792205, 'eval_runtime': 0.238, 'eval_samples_per_second': 126.045, 'eval_steps_per_second': 8.403, 'epoch': 1947.0}
{'eval_loss': 0.6005269289016724, 'eval_f1': 0.42207792207792205, 'eval_runtime': 0.2394, 'eval_samples_per_second': 125.31, 'eval_steps_per_second': 8.354, 'epoch': 1948.0}
{'eval_loss': 0.6004955172538757, 'eval_f1': 0.42207792207792205, 'eval_runtime': 0.2209, 'eval_samples_per_second': 135.804, 'eval_steps_per_second': 9.054, 'epoch': 1949.0}
{'eval_loss': 0.6005124449729919, 'eval_f1': 0.42207792207792205, 'eval_runtime': 0.2114, 'eval_samples_per_second': 141.907, 'eval_steps_per_second': 9.46, 'epoch': 1950.0}
{'eval_loss': 0.6005308032035828, 'eval_f1': 0.4271844660194174, 'eval_runtime': 0.2107, 'eval_samples_per_second': 142.387, 'eval_steps_per_second': 9.492, 'epoch': 1951.0}
{'eval_loss': 0.6006270051002502, 'eval_f1': 0.4258064516129032, 'eval_runtime': 0.2119, 'eval_samples_per_second': 141.567, 'eval_steps_per_second': 9.438, 'epoch': 1952.0}
{'eval_loss': 0.600700318813324, 'eval_f1': 0.4258064516129032, 'eval_runtime': 0.2117, 'eval_samples_per_second': 141.737, 'eval_steps_per_second': 9.449, 'epoch': 1953.0}
{'eval_loss': 0.6007887125015259, 'eval_f1': 0.4258064516129032, 'eval_runtime': 0.2116, 'eval_samples_per_second': 141.767, 'eval_steps_per_second': 9.451, 'epoch': 1954.0}
{'eval_loss': 0.6008427739143372, 'eval_f1': 0.4258064516129032, 'eval_runtime': 0.2125, 'eval_samples_per_second': 141.167, 'eval_steps_per_second': 9.411, 'epoch': 1955.0}
{'eval_loss': 0.6008424162864685, 'eval_f1': 0.4258064516129032, 'eval_runtime': 0.2141, 'eval_samples_per_second': 140.131, 'eval_steps_per_second': 9.342, 'epoch': 1956.0}
{'eval_loss': 0.6008537411689758, 'eval_f1': 0.4258064516129032, 'eval_runtime': 0.2114, 'eval_samples_per_second': 141.943, 'eval_steps_per_second': 9.463, 'epoch': 1957.0}
{'eval_loss': 0.6008559465408325, 'eval_f1': 0.4258064516129032, 'eval_runtime': 0.2116, 'eval_samples_per_second': 141.778, 'eval_steps_per_second': 9.452, 'epoch': 1958.0}
{'eval_loss': 0.600916862487793, 'eval_f1': 0.4258064516129032, 'eval_runtime': 0.2115, 'eval_samples_per_second': 141.825, 'eval_steps_per_second': 9.455, 'epoch': 1959.0}
{'eval_loss': 0.6009947061538696, 'eval_f1': 0.4258064516129032, 'eval_runtime': 0.2124, 'eval_samples_per_second': 141.249, 'eval_steps_per_second': 9.417, 'epoch': 1960.0}
{'eval_loss': 0.6009686589241028, 'eval_f1': 0.4258064516129032, 'eval_runtime': 0.213, 'eval_samples_per_second': 140.822, 'eval_steps_per_second': 9.388, 'epoch': 1961.0}
{'eval_loss': 0.6009671092033386, 'eval_f1': 0.4258064516129032, 'eval_runtime': 0.2193, 'eval_samples_per_second': 136.781, 'eval_steps_per_second': 9.119, 'epoch': 1962.0}
{'eval_loss': 0.6009073257446289, 'eval_f1': 0.4258064516129032, 'eval_runtime': 0.2264, 'eval_samples_per_second': 132.506, 'eval_steps_per_second': 8.834, 'epoch': 1963.0}
{'eval_loss': 0.6008765697479248, 'eval_f1': 0.4258064516129032, 'eval_runtime': 0.2124, 'eval_samples_per_second': 141.216, 'eval_steps_per_second': 9.414, 'epoch': 1964.0}
{'eval_loss': 0.6009172201156616, 'eval_f1': 0.4258064516129032, 'eval_runtime': 0.2113, 'eval_samples_per_second': 141.969, 'eval_steps_per_second': 9.465, 'epoch': 1965.0}
{'eval_loss': 0.6010828614234924, 'eval_f1': 0.4258064516129032, 'eval_runtime': 0.2068, 'eval_samples_per_second': 145.038, 'eval_steps_per_second': 9.669, 'epoch': 1966.0}
{'eval_loss': 0.6011601090431213, 'eval_f1': 0.4258064516129032, 'eval_runtime': 0.2254, 'eval_samples_per_second': 133.075, 'eval_steps_per_second': 8.872, 'epoch': 1967.0}
{'eval_loss': 0.6012375950813293, 'eval_f1': 0.4258064516129032, 'eval_runtime': 0.2255, 'eval_samples_per_second': 133.054, 'eval_steps_per_second': 8.87, 'epoch': 1968.0}
{'eval_loss': 0.6012918949127197, 'eval_f1': 0.4258064516129032, 'eval_runtime': 0.2095, 'eval_samples_per_second': 143.23, 'eval_steps_per_second': 9.549, 'epoch': 1969.0}
{'eval_loss': 0.6013200879096985, 'eval_f1': 0.4258064516129032, 'eval_runtime': 0.2091, 'eval_samples_per_second': 143.473, 'eval_steps_per_second': 9.565, 'epoch': 1970.0}
{'eval_loss': 0.6013526916503906, 'eval_f1': 0.4258064516129032, 'eval_runtime': 0.209, 'eval_samples_per_second': 143.54, 'eval_steps_per_second': 9.569, 'epoch': 1971.0}
{'eval_loss': 0.6013555526733398, 'eval_f1': 0.4258064516129032, 'eval_runtime': 0.21, 'eval_samples_per_second': 142.867, 'eval_steps_per_second': 9.524, 'epoch': 1972.0}
{'eval_loss': 0.6012685894966125, 'eval_f1': 0.4258064516129032, 'eval_runtime': 0.2104, 'eval_samples_per_second': 142.599, 'eval_steps_per_second': 9.507, 'epoch': 1973.0}
{'eval_loss': 0.6011830568313599, 'eval_f1': 0.4258064516129032, 'eval_runtime': 0.2134, 'eval_samples_per_second': 140.59, 'eval_steps_per_second': 9.373, 'epoch': 1974.0}
{'eval_loss': 0.601142942905426, 'eval_f1': 0.4258064516129032, 'eval_runtime': 0.2083, 'eval_samples_per_second': 143.995, 'eval_steps_per_second': 9.6, 'epoch': 1975.0}
{'eval_loss': 0.6011155843734741, 'eval_f1': 0.43086816720257237, 'eval_runtime': 0.2311, 'eval_samples_per_second': 129.837, 'eval_steps_per_second': 8.656, 'epoch': 1976.0}
{'eval_loss': 0.6011765599250793, 'eval_f1': 0.43086816720257237, 'eval_runtime': 0.2103, 'eval_samples_per_second': 142.643, 'eval_steps_per_second': 9.51, 'epoch': 1977.0}
{'eval_loss': 0.6013480424880981, 'eval_f1': 0.43086816720257237, 'eval_runtime': 0.2091, 'eval_samples_per_second': 143.473, 'eval_steps_per_second': 9.565, 'epoch': 1978.0}
{'eval_loss': 0.6014702916145325, 'eval_f1': 0.43086816720257237, 'eval_runtime': 0.2078, 'eval_samples_per_second': 144.404, 'eval_steps_per_second': 9.627, 'epoch': 1979.0}
{'eval_loss': 0.6016097664833069, 'eval_f1': 0.4258064516129032, 'eval_runtime': 0.2149, 'eval_samples_per_second': 139.621, 'eval_steps_per_second': 9.308, 'epoch': 1980.0}
{'eval_loss': 0.601591169834137, 'eval_f1': 0.4258064516129032, 'eval_runtime': 0.2143, 'eval_samples_per_second': 139.981, 'eval_steps_per_second': 9.332, 'epoch': 1981.0}
{'eval_loss': 0.6015451550483704, 'eval_f1': 0.4258064516129032, 'eval_runtime': 0.2103, 'eval_samples_per_second': 142.63, 'eval_steps_per_second': 9.509, 'epoch': 1982.0}
{'eval_loss': 0.6016710996627808, 'eval_f1': 0.42071197411003236, 'eval_runtime': 0.2181, 'eval_samples_per_second': 137.54, 'eval_steps_per_second': 9.169, 'epoch': 1983.0}
{'eval_loss': 0.6018593907356262, 'eval_f1': 0.42071197411003236, 'eval_runtime': 0.2146, 'eval_samples_per_second': 139.787, 'eval_steps_per_second': 9.319, 'epoch': 1984.0}
{'eval_loss': 0.6020376086235046, 'eval_f1': 0.42071197411003236, 'eval_runtime': 0.2268, 'eval_samples_per_second': 132.249, 'eval_steps_per_second': 8.817, 'epoch': 1985.0}
{'eval_loss': 0.6020655035972595, 'eval_f1': 0.42071197411003236, 'eval_runtime': 0.2261, 'eval_samples_per_second': 132.663, 'eval_steps_per_second': 8.844, 'epoch': 1986.0}
{'eval_loss': 0.6020962595939636, 'eval_f1': 0.42071197411003236, 'eval_runtime': 0.2214, 'eval_samples_per_second': 135.506, 'eval_steps_per_second': 9.034, 'epoch': 1987.0}
{'eval_loss': 0.6020326614379883, 'eval_f1': 0.42071197411003236, 'eval_runtime': 0.2149, 'eval_samples_per_second': 139.623, 'eval_steps_per_second': 9.308, 'epoch': 1988.0}
{'eval_loss': 0.6019173264503479, 'eval_f1': 0.42071197411003236, 'eval_runtime': 0.2155, 'eval_samples_per_second': 139.187, 'eval_steps_per_second': 9.279, 'epoch': 1989.0}
{'eval_loss': 0.6017987132072449, 'eval_f1': 0.42071197411003236, 'eval_runtime': 0.2145, 'eval_samples_per_second': 139.875, 'eval_steps_per_second': 9.325, 'epoch': 1990.0}
{'eval_loss': 0.6017077565193176, 'eval_f1': 0.4258064516129032, 'eval_runtime': 0.2155, 'eval_samples_per_second': 139.229, 'eval_steps_per_second': 9.282, 'epoch': 1991.0}
{'eval_loss': 0.6016853451728821, 'eval_f1': 0.4258064516129032, 'eval_runtime': 0.2168, 'eval_samples_per_second': 138.379, 'eval_steps_per_second': 9.225, 'epoch': 1992.0}
{'eval_loss': 0.6017060875892639, 'eval_f1': 0.4258064516129032, 'eval_runtime': 0.2147, 'eval_samples_per_second': 139.711, 'eval_steps_per_second': 9.314, 'epoch': 1993.0}
{'eval_loss': 0.6017042994499207, 'eval_f1': 0.4258064516129032, 'eval_runtime': 0.2158, 'eval_samples_per_second': 139.028, 'eval_steps_per_second': 9.269, 'epoch': 1994.0}
{'eval_loss': 0.6017624735832214, 'eval_f1': 0.4258064516129032, 'eval_runtime': 0.2253, 'eval_samples_per_second': 133.154, 'eval_steps_per_second': 8.877, 'epoch': 1995.0}
{'eval_loss': 0.6018142700195312, 'eval_f1': 0.4258064516129032, 'eval_runtime': 0.2219, 'eval_samples_per_second': 135.171, 'eval_steps_per_second': 9.011, 'epoch': 1996.0}
{'eval_loss': 0.6017672419548035, 'eval_f1': 0.4258064516129032, 'eval_runtime': 0.2165, 'eval_samples_per_second': 138.544, 'eval_steps_per_second': 9.236, 'epoch': 1997.0}
{'eval_loss': 0.6016937494277954, 'eval_f1': 0.4258064516129032, 'eval_runtime': 0.2312, 'eval_samples_per_second': 129.756, 'eval_steps_per_second': 8.65, 'epoch': 1998.0}
{'eval_loss': 0.6017059087753296, 'eval_f1': 0.4258064516129032, 'eval_runtime': 0.2058, 'eval_samples_per_second': 145.794, 'eval_steps_per_second': 9.72, 'epoch': 1999.0}
{'loss': 0.3467, 'grad_norm': 1.3790779113769531, 'learning_rate': 6.666666666666665e-08, 'epoch': 2000.0}
{'eval_loss': 0.6017049551010132, 'eval_f1': 0.4258064516129032, 'eval_runtime': 0.2095, 'eval_samples_per_second': 143.218, 'eval_steps_per_second': 9.548, 'epoch': 2000.0}
{'eval_loss': 0.6017910838127136, 'eval_f1': 0.4258064516129032, 'eval_runtime': 0.211, 'eval_samples_per_second': 142.175, 'eval_steps_per_second': 9.478, 'epoch': 2001.0}
{'eval_loss': 0.6018517017364502, 'eval_f1': 0.4258064516129032, 'eval_runtime': 0.2203, 'eval_samples_per_second': 136.155, 'eval_steps_per_second': 9.077, 'epoch': 2002.0}
{'eval_loss': 0.6019025444984436, 'eval_f1': 0.4258064516129032, 'eval_runtime': 0.2142, 'eval_samples_per_second': 140.042, 'eval_steps_per_second': 9.336, 'epoch': 2003.0}
{'eval_loss': 0.6018791198730469, 'eval_f1': 0.4258064516129032, 'eval_runtime': 0.203, 'eval_samples_per_second': 147.78, 'eval_steps_per_second': 9.852, 'epoch': 2004.0}
{'eval_loss': 0.6018350124359131, 'eval_f1': 0.4258064516129032, 'eval_runtime': 0.2025, 'eval_samples_per_second': 148.149, 'eval_steps_per_second': 9.877, 'epoch': 2005.0}
{'eval_loss': 0.6018189191818237, 'eval_f1': 0.4258064516129032, 'eval_runtime': 0.2025, 'eval_samples_per_second': 148.138, 'eval_steps_per_second': 9.876, 'epoch': 2006.0}
{'eval_loss': 0.601859986782074, 'eval_f1': 0.4258064516129032, 'eval_runtime': 0.2027, 'eval_samples_per_second': 147.989, 'eval_steps_per_second': 9.866, 'epoch': 2007.0}
{'eval_loss': 0.6019020080566406, 'eval_f1': 0.4258064516129032, 'eval_runtime': 0.2023, 'eval_samples_per_second': 148.305, 'eval_steps_per_second': 9.887, 'epoch': 2008.0}
{'eval_loss': 0.6019204258918762, 'eval_f1': 0.4258064516129032, 'eval_runtime': 0.2019, 'eval_samples_per_second': 148.606, 'eval_steps_per_second': 9.907, 'epoch': 2009.0}
{'eval_loss': 0.6019643545150757, 'eval_f1': 0.4258064516129032, 'eval_runtime': 0.3278, 'eval_samples_per_second': 91.527, 'eval_steps_per_second': 6.102, 'epoch': 2010.0}
{'eval_loss': 0.6020879149436951, 'eval_f1': 0.4258064516129032, 'eval_runtime': 0.2089, 'eval_samples_per_second': 143.606, 'eval_steps_per_second': 9.574, 'epoch': 2011.0}
{'eval_loss': 0.6022639870643616, 'eval_f1': 0.42071197411003236, 'eval_runtime': 0.2028, 'eval_samples_per_second': 147.941, 'eval_steps_per_second': 9.863, 'epoch': 2012.0}
{'eval_loss': 0.6023951172828674, 'eval_f1': 0.42207792207792205, 'eval_runtime': 0.2132, 'eval_samples_per_second': 140.698, 'eval_steps_per_second': 9.38, 'epoch': 2013.0}
{'eval_loss': 0.6024749279022217, 'eval_f1': 0.42207792207792205, 'eval_runtime': 0.231, 'eval_samples_per_second': 129.882, 'eval_steps_per_second': 8.659, 'epoch': 2014.0}
{'eval_loss': 0.6024705767631531, 'eval_f1': 0.42207792207792205, 'eval_runtime': 0.2289, 'eval_samples_per_second': 131.08, 'eval_steps_per_second': 8.739, 'epoch': 2015.0}
{'eval_loss': 0.6023808121681213, 'eval_f1': 0.42207792207792205, 'eval_runtime': 0.2104, 'eval_samples_per_second': 142.589, 'eval_steps_per_second': 9.506, 'epoch': 2016.0}
{'eval_loss': 0.6023345589637756, 'eval_f1': 0.42207792207792205, 'eval_runtime': 0.2111, 'eval_samples_per_second': 142.128, 'eval_steps_per_second': 9.475, 'epoch': 2017.0}
{'eval_loss': 0.6022891998291016, 'eval_f1': 0.4271844660194174, 'eval_runtime': 0.2082, 'eval_samples_per_second': 144.069, 'eval_steps_per_second': 9.605, 'epoch': 2018.0}
{'eval_loss': 0.6023063063621521, 'eval_f1': 0.4271844660194174, 'eval_runtime': 0.2222, 'eval_samples_per_second': 135.024, 'eval_steps_per_second': 9.002, 'epoch': 2019.0}
{'eval_loss': 0.6023085713386536, 'eval_f1': 0.4271844660194174, 'eval_runtime': 0.2108, 'eval_samples_per_second': 142.327, 'eval_steps_per_second': 9.488, 'epoch': 2020.0}
{'eval_loss': 0.6023105382919312, 'eval_f1': 0.4258064516129032, 'eval_runtime': 0.2124, 'eval_samples_per_second': 141.239, 'eval_steps_per_second': 9.416, 'epoch': 2021.0}
{'eval_loss': 0.602392852306366, 'eval_f1': 0.4258064516129032, 'eval_runtime': 0.2092, 'eval_samples_per_second': 143.406, 'eval_steps_per_second': 9.56, 'epoch': 2022.0}
{'eval_loss': 0.6023115515708923, 'eval_f1': 0.4258064516129032, 'eval_runtime': 0.2104, 'eval_samples_per_second': 142.6, 'eval_steps_per_second': 9.507, 'epoch': 2023.0}
{'eval_loss': 0.6021882891654968, 'eval_f1': 0.4258064516129032, 'eval_runtime': 0.2152, 'eval_samples_per_second': 139.422, 'eval_steps_per_second': 9.295, 'epoch': 2024.0}
{'eval_loss': 0.6022463440895081, 'eval_f1': 0.4258064516129032, 'eval_runtime': 0.2138, 'eval_samples_per_second': 140.307, 'eval_steps_per_second': 9.354, 'epoch': 2025.0}
{'eval_loss': 0.6023793816566467, 'eval_f1': 0.4258064516129032, 'eval_runtime': 0.2157, 'eval_samples_per_second': 139.09, 'eval_steps_per_second': 9.273, 'epoch': 2026.0}
{'eval_loss': 0.6025342345237732, 'eval_f1': 0.4258064516129032, 'eval_runtime': 0.2129, 'eval_samples_per_second': 140.915, 'eval_steps_per_second': 9.394, 'epoch': 2027.0}
{'eval_loss': 0.6026510000228882, 'eval_f1': 0.42207792207792205, 'eval_runtime': 0.2139, 'eval_samples_per_second': 140.236, 'eval_steps_per_second': 9.349, 'epoch': 2028.0}
{'eval_loss': 0.6026569604873657, 'eval_f1': 0.42207792207792205, 'eval_runtime': 0.2195, 'eval_samples_per_second': 136.692, 'eval_steps_per_second': 9.113, 'epoch': 2029.0}
{'eval_loss': 0.6025100350379944, 'eval_f1': 0.42207792207792205, 'eval_runtime': 0.2179, 'eval_samples_per_second': 137.701, 'eval_steps_per_second': 9.18, 'epoch': 2030.0}
{'eval_loss': 0.6023892164230347, 'eval_f1': 0.42207792207792205, 'eval_runtime': 0.2016, 'eval_samples_per_second': 148.8, 'eval_steps_per_second': 9.92, 'epoch': 2031.0}
{'eval_loss': 0.6023105382919312, 'eval_f1': 0.4271844660194174, 'eval_runtime': 0.2295, 'eval_samples_per_second': 130.711, 'eval_steps_per_second': 8.714, 'epoch': 2032.0}
{'eval_loss': 0.602321982383728, 'eval_f1': 0.4271844660194174, 'eval_runtime': 0.2053, 'eval_samples_per_second': 146.122, 'eval_steps_per_second': 9.741, 'epoch': 2033.0}
{'eval_loss': 0.6023963093757629, 'eval_f1': 0.43225806451612897, 'eval_runtime': 0.2008, 'eval_samples_per_second': 149.394, 'eval_steps_per_second': 9.96, 'epoch': 2034.0}
{'eval_loss': 0.6024295091629028, 'eval_f1': 0.4271844660194174, 'eval_runtime': 0.2004, 'eval_samples_per_second': 149.702, 'eval_steps_per_second': 9.98, 'epoch': 2035.0}
{'eval_loss': 0.6024494171142578, 'eval_f1': 0.4271844660194174, 'eval_runtime': 0.2115, 'eval_samples_per_second': 141.844, 'eval_steps_per_second': 9.456, 'epoch': 2036.0}
{'eval_loss': 0.602557361125946, 'eval_f1': 0.4271844660194174, 'eval_runtime': 0.2071, 'eval_samples_per_second': 144.883, 'eval_steps_per_second': 9.659, 'epoch': 2037.0}
{'eval_loss': 0.6025371551513672, 'eval_f1': 0.4271844660194174, 'eval_runtime': 0.2016, 'eval_samples_per_second': 148.812, 'eval_steps_per_second': 9.921, 'epoch': 2038.0}
{'eval_loss': 0.6025912761688232, 'eval_f1': 0.4271844660194174, 'eval_runtime': 0.2038, 'eval_samples_per_second': 147.233, 'eval_steps_per_second': 9.816, 'epoch': 2039.0}
{'eval_loss': 0.6026374697685242, 'eval_f1': 0.4271844660194174, 'eval_runtime': 0.2011, 'eval_samples_per_second': 149.215, 'eval_steps_per_second': 9.948, 'epoch': 2040.0}
{'eval_loss': 0.602591335773468, 'eval_f1': 0.42207792207792205, 'eval_runtime': 0.2062, 'eval_samples_per_second': 145.46, 'eval_steps_per_second': 9.697, 'epoch': 2041.0}
{'eval_loss': 0.6025699973106384, 'eval_f1': 0.4271844660194174, 'eval_runtime': 0.2183, 'eval_samples_per_second': 137.413, 'eval_steps_per_second': 9.161, 'epoch': 2042.0}
{'eval_loss': 0.6025484800338745, 'eval_f1': 0.4271844660194174, 'eval_runtime': 0.2097, 'eval_samples_per_second': 143.073, 'eval_steps_per_second': 9.538, 'epoch': 2043.0}
{'eval_loss': 0.6025134921073914, 'eval_f1': 0.4271844660194174, 'eval_runtime': 0.2077, 'eval_samples_per_second': 144.451, 'eval_steps_per_second': 9.63, 'epoch': 2044.0}
{'eval_loss': 0.6024538278579712, 'eval_f1': 0.4258064516129032, 'eval_runtime': 0.2075, 'eval_samples_per_second': 144.564, 'eval_steps_per_second': 9.638, 'epoch': 2045.0}
{'eval_loss': 0.6024272441864014, 'eval_f1': 0.4258064516129032, 'eval_runtime': 0.2068, 'eval_samples_per_second': 145.083, 'eval_steps_per_second': 9.672, 'epoch': 2046.0}
{'eval_loss': 0.6024472713470459, 'eval_f1': 0.4258064516129032, 'eval_runtime': 0.2178, 'eval_samples_per_second': 137.761, 'eval_steps_per_second': 9.184, 'epoch': 2047.0}
{'eval_loss': 0.6024948954582214, 'eval_f1': 0.4258064516129032, 'eval_runtime': 0.2007, 'eval_samples_per_second': 149.489, 'eval_steps_per_second': 9.966, 'epoch': 2048.0}
{'eval_loss': 0.6025373935699463, 'eval_f1': 0.4258064516129032, 'eval_runtime': 0.2075, 'eval_samples_per_second': 144.606, 'eval_steps_per_second': 9.64, 'epoch': 2049.0}
{'eval_loss': 0.602573812007904, 'eval_f1': 0.4258064516129032, 'eval_runtime': 0.2074, 'eval_samples_per_second': 144.667, 'eval_steps_per_second': 9.644, 'epoch': 2050.0}
{'eval_loss': 0.6026377081871033, 'eval_f1': 0.4258064516129032, 'eval_runtime': 0.2155, 'eval_samples_per_second': 139.211, 'eval_steps_per_second': 9.281, 'epoch': 2051.0}
{'eval_loss': 0.6027781963348389, 'eval_f1': 0.4258064516129032, 'eval_runtime': 0.2147, 'eval_samples_per_second': 139.733, 'eval_steps_per_second': 9.316, 'epoch': 2052.0}
{'eval_loss': 0.6028689742088318, 'eval_f1': 0.4258064516129032, 'eval_runtime': 0.2146, 'eval_samples_per_second': 139.807, 'eval_steps_per_second': 9.32, 'epoch': 2053.0}
{'eval_loss': 0.603016197681427, 'eval_f1': 0.4258064516129032, 'eval_runtime': 0.2153, 'eval_samples_per_second': 139.356, 'eval_steps_per_second': 9.29, 'epoch': 2054.0}
{'eval_loss': 0.6031662225723267, 'eval_f1': 0.4258064516129032, 'eval_runtime': 0.2173, 'eval_samples_per_second': 138.077, 'eval_steps_per_second': 9.205, 'epoch': 2055.0}
{'eval_loss': 0.6032593250274658, 'eval_f1': 0.4258064516129032, 'eval_runtime': 0.2216, 'eval_samples_per_second': 135.351, 'eval_steps_per_second': 9.023, 'epoch': 2056.0}
{'eval_loss': 0.6032900214195251, 'eval_f1': 0.4258064516129032, 'eval_runtime': 0.2119, 'eval_samples_per_second': 141.594, 'eval_steps_per_second': 9.44, 'epoch': 2057.0}
{'eval_loss': 0.6033149361610413, 'eval_f1': 0.4258064516129032, 'eval_runtime': 0.2113, 'eval_samples_per_second': 141.977, 'eval_steps_per_second': 9.465, 'epoch': 2058.0}
{'eval_loss': 0.6032488942146301, 'eval_f1': 0.4258064516129032, 'eval_runtime': 0.2116, 'eval_samples_per_second': 141.752, 'eval_steps_per_second': 9.45, 'epoch': 2059.0}
{'eval_loss': 0.6031789183616638, 'eval_f1': 0.4258064516129032, 'eval_runtime': 0.1994, 'eval_samples_per_second': 150.424, 'eval_steps_per_second': 10.028, 'epoch': 2060.0}
{'eval_loss': 0.6032006144523621, 'eval_f1': 0.4258064516129032, 'eval_runtime': 0.2089, 'eval_samples_per_second': 143.632, 'eval_steps_per_second': 9.575, 'epoch': 2061.0}
{'eval_loss': 0.6032239198684692, 'eval_f1': 0.4258064516129032, 'eval_runtime': 0.2006, 'eval_samples_per_second': 149.534, 'eval_steps_per_second': 9.969, 'epoch': 2062.0}
{'loss': 0.3439, 'grad_norm': 0.755608856678009, 'learning_rate': 6.25e-08, 'epoch': 2062.5}
{'eval_loss': 0.6031707525253296, 'eval_f1': 0.4258064516129032, 'eval_runtime': 0.2, 'eval_samples_per_second': 149.98, 'eval_steps_per_second': 9.999, 'epoch': 2063.0}
{'eval_loss': 0.6031211614608765, 'eval_f1': 0.4244372990353697, 'eval_runtime': 0.2026, 'eval_samples_per_second': 148.066, 'eval_steps_per_second': 9.871, 'epoch': 2064.0}
{'eval_loss': 0.6030990481376648, 'eval_f1': 0.4244372990353697, 'eval_runtime': 0.2006, 'eval_samples_per_second': 149.547, 'eval_steps_per_second': 9.97, 'epoch': 2065.0}
{'eval_loss': 0.6030004024505615, 'eval_f1': 0.4244372990353697, 'eval_runtime': 0.2001, 'eval_samples_per_second': 149.892, 'eval_steps_per_second': 9.993, 'epoch': 2066.0}
{'eval_loss': 0.6029630303382874, 'eval_f1': 0.4271844660194174, 'eval_runtime': 0.1997, 'eval_samples_per_second': 150.225, 'eval_steps_per_second': 10.015, 'epoch': 2067.0}
{'eval_loss': 0.6030018329620361, 'eval_f1': 0.4271844660194174, 'eval_runtime': 0.2091, 'eval_samples_per_second': 143.481, 'eval_steps_per_second': 9.565, 'epoch': 2068.0}
{'eval_loss': 0.6030713319778442, 'eval_f1': 0.4271844660194174, 'eval_runtime': 0.2084, 'eval_samples_per_second': 143.972, 'eval_steps_per_second': 9.598, 'epoch': 2069.0}
{'eval_loss': 0.6030733585357666, 'eval_f1': 0.4271844660194174, 'eval_runtime': 0.2037, 'eval_samples_per_second': 147.283, 'eval_steps_per_second': 9.819, 'epoch': 2070.0}
{'eval_loss': 0.6030746102333069, 'eval_f1': 0.4271844660194174, 'eval_runtime': 0.2319, 'eval_samples_per_second': 129.372, 'eval_steps_per_second': 8.625, 'epoch': 2071.0}
{'eval_loss': 0.6031197309494019, 'eval_f1': 0.4271844660194174, 'eval_runtime': 0.2289, 'eval_samples_per_second': 131.07, 'eval_steps_per_second': 8.738, 'epoch': 2072.0}
{'eval_loss': 0.6031571626663208, 'eval_f1': 0.4271844660194174, 'eval_runtime': 0.2292, 'eval_samples_per_second': 130.873, 'eval_steps_per_second': 8.725, 'epoch': 2073.0}
{'eval_loss': 0.6031762957572937, 'eval_f1': 0.4271844660194174, 'eval_runtime': 0.2287, 'eval_samples_per_second': 131.15, 'eval_steps_per_second': 8.743, 'epoch': 2074.0}
{'eval_loss': 0.603215217590332, 'eval_f1': 0.4271844660194174, 'eval_runtime': 0.2287, 'eval_samples_per_second': 131.172, 'eval_steps_per_second': 8.745, 'epoch': 2075.0}
{'eval_loss': 0.6032597422599792, 'eval_f1': 0.4271844660194174, 'eval_runtime': 0.2321, 'eval_samples_per_second': 129.282, 'eval_steps_per_second': 8.619, 'epoch': 2076.0}
{'eval_loss': 0.6033321619033813, 'eval_f1': 0.4271844660194174, 'eval_runtime': 0.2288, 'eval_samples_per_second': 131.094, 'eval_steps_per_second': 8.74, 'epoch': 2077.0}
{'eval_loss': 0.60337895154953, 'eval_f1': 0.4271844660194174, 'eval_runtime': 0.2304, 'eval_samples_per_second': 130.205, 'eval_steps_per_second': 8.68, 'epoch': 2078.0}
{'eval_loss': 0.6033728122711182, 'eval_f1': 0.4271844660194174, 'eval_runtime': 0.2216, 'eval_samples_per_second': 135.356, 'eval_steps_per_second': 9.024, 'epoch': 2079.0}
{'eval_loss': 0.6032877564430237, 'eval_f1': 0.4258064516129032, 'eval_runtime': 0.2223, 'eval_samples_per_second': 134.942, 'eval_steps_per_second': 8.996, 'epoch': 2080.0}
{'eval_loss': 0.6033010482788086, 'eval_f1': 0.4258064516129032, 'eval_runtime': 0.2216, 'eval_samples_per_second': 135.406, 'eval_steps_per_second': 9.027, 'epoch': 2081.0}
{'eval_loss': 0.6033934950828552, 'eval_f1': 0.4271844660194174, 'eval_runtime': 0.2219, 'eval_samples_per_second': 135.193, 'eval_steps_per_second': 9.013, 'epoch': 2082.0}
{'eval_loss': 0.6034823656082153, 'eval_f1': 0.4271844660194174, 'eval_runtime': 0.2217, 'eval_samples_per_second': 135.298, 'eval_steps_per_second': 9.02, 'epoch': 2083.0}
{'eval_loss': 0.6035376191139221, 'eval_f1': 0.4258064516129032, 'eval_runtime': 0.2228, 'eval_samples_per_second': 134.647, 'eval_steps_per_second': 8.976, 'epoch': 2084.0}
{'eval_loss': 0.6036325097084045, 'eval_f1': 0.4258064516129032, 'eval_runtime': 0.2215, 'eval_samples_per_second': 135.43, 'eval_steps_per_second': 9.029, 'epoch': 2085.0}
{'eval_loss': 0.6036401391029358, 'eval_f1': 0.4271844660194174, 'eval_runtime': 0.2222, 'eval_samples_per_second': 135.004, 'eval_steps_per_second': 9.0, 'epoch': 2086.0}
{'eval_loss': 0.6036416888237, 'eval_f1': 0.4271844660194174, 'eval_runtime': 0.2217, 'eval_samples_per_second': 135.294, 'eval_steps_per_second': 9.02, 'epoch': 2087.0}
{'eval_loss': 0.6037241220474243, 'eval_f1': 0.4271844660194174, 'eval_runtime': 0.207, 'eval_samples_per_second': 144.925, 'eval_steps_per_second': 9.662, 'epoch': 2088.0}
{'eval_loss': 0.6037920713424683, 'eval_f1': 0.42207792207792205, 'eval_runtime': 0.2111, 'eval_samples_per_second': 142.143, 'eval_steps_per_second': 9.476, 'epoch': 2089.0}
{'eval_loss': 0.6037481427192688, 'eval_f1': 0.42207792207792205, 'eval_runtime': 0.2063, 'eval_samples_per_second': 145.437, 'eval_steps_per_second': 9.696, 'epoch': 2090.0}
{'eval_loss': 0.6037169694900513, 'eval_f1': 0.42207792207792205, 'eval_runtime': 0.207, 'eval_samples_per_second': 144.909, 'eval_steps_per_second': 9.661, 'epoch': 2091.0}
{'eval_loss': 0.6037558913230896, 'eval_f1': 0.42207792207792205, 'eval_runtime': 0.2073, 'eval_samples_per_second': 144.723, 'eval_steps_per_second': 9.648, 'epoch': 2092.0}
{'eval_loss': 0.6038406491279602, 'eval_f1': 0.42071197411003236, 'eval_runtime': 0.2068, 'eval_samples_per_second': 145.087, 'eval_steps_per_second': 9.672, 'epoch': 2093.0}
{'eval_loss': 0.6038525700569153, 'eval_f1': 0.42071197411003236, 'eval_runtime': 0.2104, 'eval_samples_per_second': 142.612, 'eval_steps_per_second': 9.507, 'epoch': 2094.0}
{'eval_loss': 0.6038552522659302, 'eval_f1': 0.4258064516129032, 'eval_runtime': 0.2155, 'eval_samples_per_second': 139.199, 'eval_steps_per_second': 9.28, 'epoch': 2095.0}
{'eval_loss': 0.6038467884063721, 'eval_f1': 0.4258064516129032, 'eval_runtime': 0.2077, 'eval_samples_per_second': 144.44, 'eval_steps_per_second': 9.629, 'epoch': 2096.0}
{'eval_loss': 0.603821337223053, 'eval_f1': 0.4244372990353697, 'eval_runtime': 0.2054, 'eval_samples_per_second': 146.068, 'eval_steps_per_second': 9.738, 'epoch': 2097.0}
{'eval_loss': 0.6037987470626831, 'eval_f1': 0.4244372990353697, 'eval_runtime': 0.2, 'eval_samples_per_second': 150.028, 'eval_steps_per_second': 10.002, 'epoch': 2098.0}
{'eval_loss': 0.6037644743919373, 'eval_f1': 0.4244372990353697, 'eval_runtime': 0.2202, 'eval_samples_per_second': 136.228, 'eval_steps_per_second': 9.082, 'epoch': 2099.0}
{'eval_loss': 0.6037909388542175, 'eval_f1': 0.4258064516129032, 'eval_runtime': 0.2077, 'eval_samples_per_second': 144.415, 'eval_steps_per_second': 9.628, 'epoch': 2100.0}
{'eval_loss': 0.6038267016410828, 'eval_f1': 0.4258064516129032, 'eval_runtime': 0.2164, 'eval_samples_per_second': 138.636, 'eval_steps_per_second': 9.242, 'epoch': 2101.0}
{'eval_loss': 0.6039461493492126, 'eval_f1': 0.4244372990353697, 'eval_runtime': 0.2163, 'eval_samples_per_second': 138.686, 'eval_steps_per_second': 9.246, 'epoch': 2102.0}
{'eval_loss': 0.6040619015693665, 'eval_f1': 0.4244372990353697, 'eval_runtime': 0.2073, 'eval_samples_per_second': 144.75, 'eval_steps_per_second': 9.65, 'epoch': 2103.0}
{'eval_loss': 0.6041203141212463, 'eval_f1': 0.4193548387096774, 'eval_runtime': 0.2081, 'eval_samples_per_second': 144.158, 'eval_steps_per_second': 9.611, 'epoch': 2104.0}
{'eval_loss': 0.604114830493927, 'eval_f1': 0.4193548387096774, 'eval_runtime': 0.2063, 'eval_samples_per_second': 145.405, 'eval_steps_per_second': 9.694, 'epoch': 2105.0}
{'eval_loss': 0.6041201949119568, 'eval_f1': 0.4193548387096774, 'eval_runtime': 0.2068, 'eval_samples_per_second': 145.072, 'eval_steps_per_second': 9.671, 'epoch': 2106.0}
{'eval_loss': 0.60415118932724, 'eval_f1': 0.4193548387096774, 'eval_runtime': 0.2086, 'eval_samples_per_second': 143.801, 'eval_steps_per_second': 9.587, 'epoch': 2107.0}
{'eval_loss': 0.6041765809059143, 'eval_f1': 0.4244372990353697, 'eval_runtime': 0.2097, 'eval_samples_per_second': 143.058, 'eval_steps_per_second': 9.537, 'epoch': 2108.0}
{'eval_loss': 0.6041920185089111, 'eval_f1': 0.4244372990353697, 'eval_runtime': 0.2071, 'eval_samples_per_second': 144.865, 'eval_steps_per_second': 9.658, 'epoch': 2109.0}
{'eval_loss': 0.604100227355957, 'eval_f1': 0.4244372990353697, 'eval_runtime': 0.2121, 'eval_samples_per_second': 141.423, 'eval_steps_per_second': 9.428, 'epoch': 2110.0}
{'eval_loss': 0.6040153503417969, 'eval_f1': 0.4258064516129032, 'eval_runtime': 0.2077, 'eval_samples_per_second': 144.432, 'eval_steps_per_second': 9.629, 'epoch': 2111.0}
{'eval_loss': 0.6038976311683655, 'eval_f1': 0.43086816720257237, 'eval_runtime': 0.2087, 'eval_samples_per_second': 143.718, 'eval_steps_per_second': 9.581, 'epoch': 2112.0}
{'eval_loss': 0.6038745045661926, 'eval_f1': 0.43086816720257237, 'eval_runtime': 0.2082, 'eval_samples_per_second': 144.09, 'eval_steps_per_second': 9.606, 'epoch': 2113.0}
{'eval_loss': 0.6038065552711487, 'eval_f1': 0.43086816720257237, 'eval_runtime': 0.209, 'eval_samples_per_second': 143.536, 'eval_steps_per_second': 9.569, 'epoch': 2114.0}
{'eval_loss': 0.6036721467971802, 'eval_f1': 0.43086816720257237, 'eval_runtime': 0.2079, 'eval_samples_per_second': 144.305, 'eval_steps_per_second': 9.62, 'epoch': 2115.0}
{'eval_loss': 0.6036407351493835, 'eval_f1': 0.43086816720257237, 'eval_runtime': 0.2078, 'eval_samples_per_second': 144.389, 'eval_steps_per_second': 9.626, 'epoch': 2116.0}
{'eval_loss': 0.6036169528961182, 'eval_f1': 0.43086816720257237, 'eval_runtime': 0.2084, 'eval_samples_per_second': 143.981, 'eval_steps_per_second': 9.599, 'epoch': 2117.0}
{'eval_loss': 0.6036490797996521, 'eval_f1': 0.43086816720257237, 'eval_runtime': 0.2109, 'eval_samples_per_second': 142.267, 'eval_steps_per_second': 9.484, 'epoch': 2118.0}
{'eval_loss': 0.6036712527275085, 'eval_f1': 0.43086816720257237, 'eval_runtime': 0.2073, 'eval_samples_per_second': 144.714, 'eval_steps_per_second': 9.648, 'epoch': 2119.0}
{'eval_loss': 0.6037150025367737, 'eval_f1': 0.43086816720257237, 'eval_runtime': 0.2089, 'eval_samples_per_second': 143.643, 'eval_steps_per_second': 9.576, 'epoch': 2120.0}
{'eval_loss': 0.6037763953208923, 'eval_f1': 0.43086816720257237, 'eval_runtime': 0.2074, 'eval_samples_per_second': 144.67, 'eval_steps_per_second': 9.645, 'epoch': 2121.0}
{'eval_loss': 0.6038295030593872, 'eval_f1': 0.43086816720257237, 'eval_runtime': 0.2128, 'eval_samples_per_second': 140.955, 'eval_steps_per_second': 9.397, 'epoch': 2122.0}
{'eval_loss': 0.6039100885391235, 'eval_f1': 0.43086816720257237, 'eval_runtime': 0.2127, 'eval_samples_per_second': 141.068, 'eval_steps_per_second': 9.405, 'epoch': 2123.0}
{'eval_loss': 0.6040039658546448, 'eval_f1': 0.43086816720257237, 'eval_runtime': 0.2251, 'eval_samples_per_second': 133.288, 'eval_steps_per_second': 8.886, 'epoch': 2124.0}
{'loss': 0.341, 'grad_norm': 1.1761335134506226, 'learning_rate': 5.833333333333333e-08, 'epoch': 2125.0}
{'eval_loss': 0.6041215658187866, 'eval_f1': 0.42948717948717946, 'eval_runtime': 0.2143, 'eval_samples_per_second': 140.002, 'eval_steps_per_second': 9.333, 'epoch': 2125.0}
{'eval_loss': 0.6041305661201477, 'eval_f1': 0.42948717948717946, 'eval_runtime': 0.2117, 'eval_samples_per_second': 141.7, 'eval_steps_per_second': 9.447, 'epoch': 2126.0}
{'eval_loss': 0.6041985154151917, 'eval_f1': 0.42948717948717946, 'eval_runtime': 0.2073, 'eval_samples_per_second': 144.723, 'eval_steps_per_second': 9.648, 'epoch': 2127.0}
{'eval_loss': 0.6042484045028687, 'eval_f1': 0.42948717948717946, 'eval_runtime': 0.2034, 'eval_samples_per_second': 147.524, 'eval_steps_per_second': 9.835, 'epoch': 2128.0}
{'eval_loss': 0.6042472720146179, 'eval_f1': 0.42948717948717946, 'eval_runtime': 0.2097, 'eval_samples_per_second': 143.03, 'eval_steps_per_second': 9.535, 'epoch': 2129.0}
{'eval_loss': 0.6042101383209229, 'eval_f1': 0.42948717948717946, 'eval_runtime': 0.2064, 'eval_samples_per_second': 145.354, 'eval_steps_per_second': 9.69, 'epoch': 2130.0}
{'eval_loss': 0.6042349934577942, 'eval_f1': 0.42948717948717946, 'eval_runtime': 0.2039, 'eval_samples_per_second': 147.107, 'eval_steps_per_second': 9.807, 'epoch': 2131.0}
{'eval_loss': 0.6042228937149048, 'eval_f1': 0.4244372990353697, 'eval_runtime': 0.1954, 'eval_samples_per_second': 153.532, 'eval_steps_per_second': 10.235, 'epoch': 2132.0}
{'eval_loss': 0.6042459011077881, 'eval_f1': 0.4244372990353697, 'eval_runtime': 0.2413, 'eval_samples_per_second': 124.321, 'eval_steps_per_second': 8.288, 'epoch': 2133.0}
{'eval_loss': 0.6041994094848633, 'eval_f1': 0.4244372990353697, 'eval_runtime': 0.2151, 'eval_samples_per_second': 139.481, 'eval_steps_per_second': 9.299, 'epoch': 2134.0}
{'eval_loss': 0.604144275188446, 'eval_f1': 0.4244372990353697, 'eval_runtime': 0.2221, 'eval_samples_per_second': 135.095, 'eval_steps_per_second': 9.006, 'epoch': 2135.0}
{'eval_loss': 0.6040971279144287, 'eval_f1': 0.42948717948717946, 'eval_runtime': 0.2163, 'eval_samples_per_second': 138.697, 'eval_steps_per_second': 9.246, 'epoch': 2136.0}
{'eval_loss': 0.6041228175163269, 'eval_f1': 0.4244372990353697, 'eval_runtime': 0.2183, 'eval_samples_per_second': 137.446, 'eval_steps_per_second': 9.163, 'epoch': 2137.0}
{'eval_loss': 0.6042316555976868, 'eval_f1': 0.4244372990353697, 'eval_runtime': 0.2101, 'eval_samples_per_second': 142.773, 'eval_steps_per_second': 9.518, 'epoch': 2138.0}
{'eval_loss': 0.6041902899742126, 'eval_f1': 0.4244372990353697, 'eval_runtime': 0.2135, 'eval_samples_per_second': 140.509, 'eval_steps_per_second': 9.367, 'epoch': 2139.0}
{'eval_loss': 0.6041319966316223, 'eval_f1': 0.42948717948717946, 'eval_runtime': 0.2089, 'eval_samples_per_second': 143.642, 'eval_steps_per_second': 9.576, 'epoch': 2140.0}
{'eval_loss': 0.6041491031646729, 'eval_f1': 0.42948717948717946, 'eval_runtime': 0.214, 'eval_samples_per_second': 140.193, 'eval_steps_per_second': 9.346, 'epoch': 2141.0}
{'eval_loss': 0.6042641401290894, 'eval_f1': 0.42948717948717946, 'eval_runtime': 0.2089, 'eval_samples_per_second': 143.631, 'eval_steps_per_second': 9.575, 'epoch': 2142.0}
{'eval_loss': 0.6043282151222229, 'eval_f1': 0.4244372990353697, 'eval_runtime': 0.2087, 'eval_samples_per_second': 143.726, 'eval_steps_per_second': 9.582, 'epoch': 2143.0}
{'eval_loss': 0.6044251918792725, 'eval_f1': 0.4244372990353697, 'eval_runtime': 0.2092, 'eval_samples_per_second': 143.387, 'eval_steps_per_second': 9.559, 'epoch': 2144.0}
{'eval_loss': 0.6045382618904114, 'eval_f1': 0.4244372990353697, 'eval_runtime': 0.2139, 'eval_samples_per_second': 140.259, 'eval_steps_per_second': 9.351, 'epoch': 2145.0}
{'eval_loss': 0.6045834422111511, 'eval_f1': 0.4193548387096774, 'eval_runtime': 0.2162, 'eval_samples_per_second': 138.78, 'eval_steps_per_second': 9.252, 'epoch': 2146.0}
{'eval_loss': 0.6045511960983276, 'eval_f1': 0.4193548387096774, 'eval_runtime': 0.2091, 'eval_samples_per_second': 143.452, 'eval_steps_per_second': 9.563, 'epoch': 2147.0}
{'eval_loss': 0.6044687628746033, 'eval_f1': 0.4244372990353697, 'eval_runtime': 0.2089, 'eval_samples_per_second': 143.638, 'eval_steps_per_second': 9.576, 'epoch': 2148.0}
{'eval_loss': 0.6043909788131714, 'eval_f1': 0.4244372990353697, 'eval_runtime': 0.213, 'eval_samples_per_second': 140.863, 'eval_steps_per_second': 9.391, 'epoch': 2149.0}
{'eval_loss': 0.604402482509613, 'eval_f1': 0.4244372990353697, 'eval_runtime': 0.2126, 'eval_samples_per_second': 141.12, 'eval_steps_per_second': 9.408, 'epoch': 2150.0}
{'eval_loss': 0.6044042706489563, 'eval_f1': 0.42948717948717946, 'eval_runtime': 0.2092, 'eval_samples_per_second': 143.424, 'eval_steps_per_second': 9.562, 'epoch': 2151.0}
{'eval_loss': 0.6043712496757507, 'eval_f1': 0.42948717948717946, 'eval_runtime': 0.2082, 'eval_samples_per_second': 144.122, 'eval_steps_per_second': 9.608, 'epoch': 2152.0}
{'eval_loss': 0.6043650507926941, 'eval_f1': 0.42948717948717946, 'eval_runtime': 0.2113, 'eval_samples_per_second': 141.961, 'eval_steps_per_second': 9.464, 'epoch': 2153.0}
{'eval_loss': 0.6043609976768494, 'eval_f1': 0.42948717948717946, 'eval_runtime': 0.2143, 'eval_samples_per_second': 139.97, 'eval_steps_per_second': 9.331, 'epoch': 2154.0}
{'eval_loss': 0.6043652296066284, 'eval_f1': 0.43086816720257237, 'eval_runtime': 0.2263, 'eval_samples_per_second': 132.592, 'eval_steps_per_second': 8.839, 'epoch': 2155.0}
{'eval_loss': 0.6043844223022461, 'eval_f1': 0.43086816720257237, 'eval_runtime': 0.2173, 'eval_samples_per_second': 138.042, 'eval_steps_per_second': 9.203, 'epoch': 2156.0}
{'eval_loss': 0.6044350266456604, 'eval_f1': 0.43086816720257237, 'eval_runtime': 0.2176, 'eval_samples_per_second': 137.891, 'eval_steps_per_second': 9.193, 'epoch': 2157.0}
{'eval_loss': 0.6044682860374451, 'eval_f1': 0.42948717948717946, 'eval_runtime': 0.217, 'eval_samples_per_second': 138.273, 'eval_steps_per_second': 9.218, 'epoch': 2158.0}
{'eval_loss': 0.6045122742652893, 'eval_f1': 0.42948717948717946, 'eval_runtime': 0.2205, 'eval_samples_per_second': 136.082, 'eval_steps_per_second': 9.072, 'epoch': 2159.0}
{'eval_loss': 0.6045166254043579, 'eval_f1': 0.42948717948717946, 'eval_runtime': 0.2095, 'eval_samples_per_second': 143.174, 'eval_steps_per_second': 9.545, 'epoch': 2160.0}
{'eval_loss': 0.6044848561286926, 'eval_f1': 0.42948717948717946, 'eval_runtime': 0.21, 'eval_samples_per_second': 142.88, 'eval_steps_per_second': 9.525, 'epoch': 2161.0}
{'eval_loss': 0.6045052409172058, 'eval_f1': 0.42948717948717946, 'eval_runtime': 0.2104, 'eval_samples_per_second': 142.608, 'eval_steps_per_second': 9.507, 'epoch': 2162.0}
{'eval_loss': 0.604498028755188, 'eval_f1': 0.42948717948717946, 'eval_runtime': 0.2167, 'eval_samples_per_second': 138.417, 'eval_steps_per_second': 9.228, 'epoch': 2163.0}
{'eval_loss': 0.6045064330101013, 'eval_f1': 0.42948717948717946, 'eval_runtime': 0.2176, 'eval_samples_per_second': 137.84, 'eval_steps_per_second': 9.189, 'epoch': 2164.0}
{'eval_loss': 0.6045016646385193, 'eval_f1': 0.43086816720257237, 'eval_runtime': 0.2129, 'eval_samples_per_second': 140.893, 'eval_steps_per_second': 9.393, 'epoch': 2165.0}
{'eval_loss': 0.604601263999939, 'eval_f1': 0.42948717948717946, 'eval_runtime': 0.2038, 'eval_samples_per_second': 147.232, 'eval_steps_per_second': 9.815, 'epoch': 2166.0}
{'eval_loss': 0.6047422289848328, 'eval_f1': 0.4193548387096774, 'eval_runtime': 0.2123, 'eval_samples_per_second': 141.294, 'eval_steps_per_second': 9.42, 'epoch': 2167.0}
{'eval_loss': 0.6048629283905029, 'eval_f1': 0.4193548387096774, 'eval_runtime': 0.2233, 'eval_samples_per_second': 134.376, 'eval_steps_per_second': 8.958, 'epoch': 2168.0}
{'eval_loss': 0.6048845052719116, 'eval_f1': 0.4193548387096774, 'eval_runtime': 0.2142, 'eval_samples_per_second': 140.076, 'eval_steps_per_second': 9.338, 'epoch': 2169.0}
{'eval_loss': 0.6048526763916016, 'eval_f1': 0.4244372990353697, 'eval_runtime': 0.2214, 'eval_samples_per_second': 135.49, 'eval_steps_per_second': 9.033, 'epoch': 2170.0}
{'eval_loss': 0.6047733426094055, 'eval_f1': 0.4244372990353697, 'eval_runtime': 0.2093, 'eval_samples_per_second': 143.323, 'eval_steps_per_second': 9.555, 'epoch': 2171.0}
{'eval_loss': 0.6047045588493347, 'eval_f1': 0.42948717948717946, 'eval_runtime': 0.2274, 'eval_samples_per_second': 131.929, 'eval_steps_per_second': 8.795, 'epoch': 2172.0}
{'eval_loss': 0.6047662496566772, 'eval_f1': 0.42948717948717946, 'eval_runtime': 0.2086, 'eval_samples_per_second': 143.8, 'eval_steps_per_second': 9.587, 'epoch': 2173.0}
{'eval_loss': 0.6048038601875305, 'eval_f1': 0.42948717948717946, 'eval_runtime': 0.2169, 'eval_samples_per_second': 138.335, 'eval_steps_per_second': 9.222, 'epoch': 2174.0}
{'eval_loss': 0.6047985553741455, 'eval_f1': 0.42948717948717946, 'eval_runtime': 0.2161, 'eval_samples_per_second': 138.821, 'eval_steps_per_second': 9.255, 'epoch': 2175.0}
{'eval_loss': 0.6047763824462891, 'eval_f1': 0.42948717948717946, 'eval_runtime': 0.2104, 'eval_samples_per_second': 142.594, 'eval_steps_per_second': 9.506, 'epoch': 2176.0}
{'eval_loss': 0.6047214865684509, 'eval_f1': 0.42948717948717946, 'eval_runtime': 0.2075, 'eval_samples_per_second': 144.569, 'eval_steps_per_second': 9.638, 'epoch': 2177.0}
{'eval_loss': 0.6047418117523193, 'eval_f1': 0.42948717948717946, 'eval_runtime': 0.2077, 'eval_samples_per_second': 144.409, 'eval_steps_per_second': 9.627, 'epoch': 2178.0}
{'eval_loss': 0.6048593521118164, 'eval_f1': 0.42948717948717946, 'eval_runtime': 0.2088, 'eval_samples_per_second': 143.648, 'eval_steps_per_second': 9.577, 'epoch': 2179.0}
{'eval_loss': 0.6049779653549194, 'eval_f1': 0.4281150159744409, 'eval_runtime': 0.2134, 'eval_samples_per_second': 140.585, 'eval_steps_per_second': 9.372, 'epoch': 2180.0}
{'eval_loss': 0.6050621867179871, 'eval_f1': 0.4281150159744409, 'eval_runtime': 0.2083, 'eval_samples_per_second': 144.03, 'eval_steps_per_second': 9.602, 'epoch': 2181.0}
{'eval_loss': 0.605115532875061, 'eval_f1': 0.4281150159744409, 'eval_runtime': 0.2135, 'eval_samples_per_second': 140.548, 'eval_steps_per_second': 9.37, 'epoch': 2182.0}
{'eval_loss': 0.6051875352859497, 'eval_f1': 0.423076923076923, 'eval_runtime': 0.2085, 'eval_samples_per_second': 143.858, 'eval_steps_per_second': 9.591, 'epoch': 2183.0}
{'eval_loss': 0.6052674055099487, 'eval_f1': 0.423076923076923, 'eval_runtime': 0.2283, 'eval_samples_per_second': 131.391, 'eval_steps_per_second': 8.759, 'epoch': 2184.0}
{'eval_loss': 0.6053778529167175, 'eval_f1': 0.41800643086816724, 'eval_runtime': 0.2169, 'eval_samples_per_second': 138.287, 'eval_steps_per_second': 9.219, 'epoch': 2185.0}
{'eval_loss': 0.6054288744926453, 'eval_f1': 0.41800643086816724, 'eval_runtime': 0.2165, 'eval_samples_per_second': 138.594, 'eval_steps_per_second': 9.24, 'epoch': 2186.0}
{'eval_loss': 0.6053525805473328, 'eval_f1': 0.423076923076923, 'eval_runtime': 0.2164, 'eval_samples_per_second': 138.645, 'eval_steps_per_second': 9.243, 'epoch': 2187.0}
{'loss': 0.3379, 'grad_norm': 0.9995931386947632, 'learning_rate': 5.416666666666666e-08, 'epoch': 2187.5}
{'eval_loss': 0.6053503155708313, 'eval_f1': 0.4281150159744409, 'eval_runtime': 0.2207, 'eval_samples_per_second': 135.954, 'eval_steps_per_second': 9.064, 'epoch': 2188.0}
{'eval_loss': 0.6053137183189392, 'eval_f1': 0.4281150159744409, 'eval_runtime': 0.2233, 'eval_samples_per_second': 134.346, 'eval_steps_per_second': 8.956, 'epoch': 2189.0}
{'eval_loss': 0.6052395701408386, 'eval_f1': 0.4281150159744409, 'eval_runtime': 0.2234, 'eval_samples_per_second': 134.271, 'eval_steps_per_second': 8.951, 'epoch': 2190.0}
{'eval_loss': 0.6051577925682068, 'eval_f1': 0.4281150159744409, 'eval_runtime': 0.2194, 'eval_samples_per_second': 136.756, 'eval_steps_per_second': 9.117, 'epoch': 2191.0}
{'eval_loss': 0.6049816608428955, 'eval_f1': 0.4281150159744409, 'eval_runtime': 0.2085, 'eval_samples_per_second': 143.899, 'eval_steps_per_second': 9.593, 'epoch': 2192.0}
{'eval_loss': 0.6048800945281982, 'eval_f1': 0.42948717948717946, 'eval_runtime': 0.22, 'eval_samples_per_second': 136.392, 'eval_steps_per_second': 9.093, 'epoch': 2193.0}
{'eval_loss': 0.6048219203948975, 'eval_f1': 0.42948717948717946, 'eval_runtime': 0.2237, 'eval_samples_per_second': 134.091, 'eval_steps_per_second': 8.939, 'epoch': 2194.0}
{'eval_loss': 0.6048753261566162, 'eval_f1': 0.42948717948717946, 'eval_runtime': 0.2096, 'eval_samples_per_second': 143.115, 'eval_steps_per_second': 9.541, 'epoch': 2195.0}
{'eval_loss': 0.6049128174781799, 'eval_f1': 0.42948717948717946, 'eval_runtime': 0.2089, 'eval_samples_per_second': 143.638, 'eval_steps_per_second': 9.576, 'epoch': 2196.0}
{'eval_loss': 0.6049172282218933, 'eval_f1': 0.42948717948717946, 'eval_runtime': 0.2095, 'eval_samples_per_second': 143.226, 'eval_steps_per_second': 9.548, 'epoch': 2197.0}
{'eval_loss': 0.6049556136131287, 'eval_f1': 0.42948717948717946, 'eval_runtime': 0.2283, 'eval_samples_per_second': 131.403, 'eval_steps_per_second': 8.76, 'epoch': 2198.0}
{'eval_loss': 0.6050518751144409, 'eval_f1': 0.42948717948717946, 'eval_runtime': 0.203, 'eval_samples_per_second': 147.767, 'eval_steps_per_second': 9.851, 'epoch': 2199.0}
{'eval_loss': 0.6051010489463806, 'eval_f1': 0.42948717948717946, 'eval_runtime': 0.1863, 'eval_samples_per_second': 161.017, 'eval_steps_per_second': 10.734, 'epoch': 2200.0}
{'eval_loss': 0.6051101684570312, 'eval_f1': 0.42948717948717946, 'eval_runtime': 0.2224, 'eval_samples_per_second': 134.88, 'eval_steps_per_second': 8.992, 'epoch': 2201.0}
{'eval_loss': 0.6051562428474426, 'eval_f1': 0.4281150159744409, 'eval_runtime': 0.2164, 'eval_samples_per_second': 138.637, 'eval_steps_per_second': 9.242, 'epoch': 2202.0}
{'eval_loss': 0.6052059531211853, 'eval_f1': 0.4281150159744409, 'eval_runtime': 0.2218, 'eval_samples_per_second': 135.235, 'eval_steps_per_second': 9.016, 'epoch': 2203.0}
{'eval_loss': 0.6052563786506653, 'eval_f1': 0.4281150159744409, 'eval_runtime': 0.2164, 'eval_samples_per_second': 138.641, 'eval_steps_per_second': 9.243, 'epoch': 2204.0}
{'eval_loss': 0.605338454246521, 'eval_f1': 0.4281150159744409, 'eval_runtime': 0.2108, 'eval_samples_per_second': 142.302, 'eval_steps_per_second': 9.487, 'epoch': 2205.0}
{'eval_loss': 0.6054089069366455, 'eval_f1': 0.4281150159744409, 'eval_runtime': 0.2099, 'eval_samples_per_second': 142.905, 'eval_steps_per_second': 9.527, 'epoch': 2206.0}
{'eval_loss': 0.6054216623306274, 'eval_f1': 0.4281150159744409, 'eval_runtime': 0.2178, 'eval_samples_per_second': 137.753, 'eval_steps_per_second': 9.184, 'epoch': 2207.0}
{'eval_loss': 0.605402946472168, 'eval_f1': 0.4281150159744409, 'eval_runtime': 0.2238, 'eval_samples_per_second': 134.072, 'eval_steps_per_second': 8.938, 'epoch': 2208.0}
{'eval_loss': 0.6053906679153442, 'eval_f1': 0.4281150159744409, 'eval_runtime': 0.2181, 'eval_samples_per_second': 137.521, 'eval_steps_per_second': 9.168, 'epoch': 2209.0}
{'eval_loss': 0.6054268479347229, 'eval_f1': 0.4281150159744409, 'eval_runtime': 0.2202, 'eval_samples_per_second': 136.257, 'eval_steps_per_second': 9.084, 'epoch': 2210.0}
{'eval_loss': 0.6054126024246216, 'eval_f1': 0.4281150159744409, 'eval_runtime': 0.2175, 'eval_samples_per_second': 137.956, 'eval_steps_per_second': 9.197, 'epoch': 2211.0}
{'eval_loss': 0.6054180860519409, 'eval_f1': 0.4281150159744409, 'eval_runtime': 0.2102, 'eval_samples_per_second': 142.728, 'eval_steps_per_second': 9.515, 'epoch': 2212.0}
{'eval_loss': 0.605396032333374, 'eval_f1': 0.4281150159744409, 'eval_runtime': 0.2112, 'eval_samples_per_second': 142.073, 'eval_steps_per_second': 9.472, 'epoch': 2213.0}
{'eval_loss': 0.6053745746612549, 'eval_f1': 0.4281150159744409, 'eval_runtime': 0.2253, 'eval_samples_per_second': 133.133, 'eval_steps_per_second': 8.876, 'epoch': 2214.0}
{'eval_loss': 0.6053981781005859, 'eval_f1': 0.4281150159744409, 'eval_runtime': 0.2268, 'eval_samples_per_second': 132.278, 'eval_steps_per_second': 8.819, 'epoch': 2215.0}
{'eval_loss': 0.605387270450592, 'eval_f1': 0.4281150159744409, 'eval_runtime': 0.2249, 'eval_samples_per_second': 133.406, 'eval_steps_per_second': 8.894, 'epoch': 2216.0}
{'eval_loss': 0.605394721031189, 'eval_f1': 0.4281150159744409, 'eval_runtime': 0.2156, 'eval_samples_per_second': 139.121, 'eval_steps_per_second': 9.275, 'epoch': 2217.0}
{'eval_loss': 0.6054447889328003, 'eval_f1': 0.4281150159744409, 'eval_runtime': 0.2278, 'eval_samples_per_second': 131.689, 'eval_steps_per_second': 8.779, 'epoch': 2218.0}
{'eval_loss': 0.6054949164390564, 'eval_f1': 0.423076923076923, 'eval_runtime': 0.2156, 'eval_samples_per_second': 139.172, 'eval_steps_per_second': 9.278, 'epoch': 2219.0}
{'eval_loss': 0.6055188775062561, 'eval_f1': 0.423076923076923, 'eval_runtime': 0.2148, 'eval_samples_per_second': 139.66, 'eval_steps_per_second': 9.311, 'epoch': 2220.0}
{'eval_loss': 0.6055272221565247, 'eval_f1': 0.423076923076923, 'eval_runtime': 0.217, 'eval_samples_per_second': 138.265, 'eval_steps_per_second': 9.218, 'epoch': 2221.0}
{'eval_loss': 0.6055276393890381, 'eval_f1': 0.423076923076923, 'eval_runtime': 0.2154, 'eval_samples_per_second': 139.277, 'eval_steps_per_second': 9.285, 'epoch': 2222.0}
{'eval_loss': 0.6055259108543396, 'eval_f1': 0.423076923076923, 'eval_runtime': 0.2164, 'eval_samples_per_second': 138.638, 'eval_steps_per_second': 9.243, 'epoch': 2223.0}
{'eval_loss': 0.6055746078491211, 'eval_f1': 0.423076923076923, 'eval_runtime': 0.2271, 'eval_samples_per_second': 132.118, 'eval_steps_per_second': 8.808, 'epoch': 2224.0}
{'eval_loss': 0.6056168079376221, 'eval_f1': 0.423076923076923, 'eval_runtime': 0.2201, 'eval_samples_per_second': 136.319, 'eval_steps_per_second': 9.088, 'epoch': 2225.0}
{'eval_loss': 0.6056080460548401, 'eval_f1': 0.423076923076923, 'eval_runtime': 0.2157, 'eval_samples_per_second': 139.094, 'eval_steps_per_second': 9.273, 'epoch': 2226.0}
{'eval_loss': 0.6056324243545532, 'eval_f1': 0.423076923076923, 'eval_runtime': 0.2339, 'eval_samples_per_second': 128.252, 'eval_steps_per_second': 8.55, 'epoch': 2227.0}
{'eval_loss': 0.6057058572769165, 'eval_f1': 0.423076923076923, 'eval_runtime': 0.2113, 'eval_samples_per_second': 141.977, 'eval_steps_per_second': 9.465, 'epoch': 2228.0}
{'eval_loss': 0.605763852596283, 'eval_f1': 0.423076923076923, 'eval_runtime': 0.2159, 'eval_samples_per_second': 138.938, 'eval_steps_per_second': 9.263, 'epoch': 2229.0}
{'eval_loss': 0.605743944644928, 'eval_f1': 0.423076923076923, 'eval_runtime': 0.2244, 'eval_samples_per_second': 133.694, 'eval_steps_per_second': 8.913, 'epoch': 2230.0}
{'eval_loss': 0.6057114005088806, 'eval_f1': 0.423076923076923, 'eval_runtime': 0.2102, 'eval_samples_per_second': 142.694, 'eval_steps_per_second': 9.513, 'epoch': 2231.0}
{'eval_loss': 0.6056959629058838, 'eval_f1': 0.423076923076923, 'eval_runtime': 0.2104, 'eval_samples_per_second': 142.589, 'eval_steps_per_second': 9.506, 'epoch': 2232.0}
{'eval_loss': 0.6057678461074829, 'eval_f1': 0.423076923076923, 'eval_runtime': 0.2159, 'eval_samples_per_second': 138.926, 'eval_steps_per_second': 9.262, 'epoch': 2233.0}
{'eval_loss': 0.6058522462844849, 'eval_f1': 0.423076923076923, 'eval_runtime': 0.2156, 'eval_samples_per_second': 139.159, 'eval_steps_per_second': 9.277, 'epoch': 2234.0}
{'eval_loss': 0.6058856248855591, 'eval_f1': 0.423076923076923, 'eval_runtime': 0.2194, 'eval_samples_per_second': 136.733, 'eval_steps_per_second': 9.116, 'epoch': 2235.0}
{'eval_loss': 0.6058836579322815, 'eval_f1': 0.423076923076923, 'eval_runtime': 0.2306, 'eval_samples_per_second': 130.108, 'eval_steps_per_second': 8.674, 'epoch': 2236.0}
{'eval_loss': 0.6058614253997803, 'eval_f1': 0.4281150159744409, 'eval_runtime': 0.2197, 'eval_samples_per_second': 136.54, 'eval_steps_per_second': 9.103, 'epoch': 2237.0}
{'eval_loss': 0.605825662612915, 'eval_f1': 0.4281150159744409, 'eval_runtime': 0.2177, 'eval_samples_per_second': 137.791, 'eval_steps_per_second': 9.186, 'epoch': 2238.0}
{'eval_loss': 0.6058314442634583, 'eval_f1': 0.4281150159744409, 'eval_runtime': 0.2115, 'eval_samples_per_second': 141.824, 'eval_steps_per_second': 9.455, 'epoch': 2239.0}
{'eval_loss': 0.6058276295661926, 'eval_f1': 0.4281150159744409, 'eval_runtime': 0.2201, 'eval_samples_per_second': 136.305, 'eval_steps_per_second': 9.087, 'epoch': 2240.0}
{'eval_loss': 0.6058176755905151, 'eval_f1': 0.4281150159744409, 'eval_runtime': 0.2158, 'eval_samples_per_second': 139.015, 'eval_steps_per_second': 9.268, 'epoch': 2241.0}
{'eval_loss': 0.6057425141334534, 'eval_f1': 0.4281150159744409, 'eval_runtime': 0.2126, 'eval_samples_per_second': 141.142, 'eval_steps_per_second': 9.409, 'epoch': 2242.0}
{'eval_loss': 0.6056606769561768, 'eval_f1': 0.4281150159744409, 'eval_runtime': 0.2163, 'eval_samples_per_second': 138.685, 'eval_steps_per_second': 9.246, 'epoch': 2243.0}
{'eval_loss': 0.6055970788002014, 'eval_f1': 0.4281150159744409, 'eval_runtime': 0.2123, 'eval_samples_per_second': 141.335, 'eval_steps_per_second': 9.422, 'epoch': 2244.0}
{'eval_loss': 0.6055572032928467, 'eval_f1': 0.4281150159744409, 'eval_runtime': 0.2359, 'eval_samples_per_second': 127.177, 'eval_steps_per_second': 8.478, 'epoch': 2245.0}
{'eval_loss': 0.6056463718414307, 'eval_f1': 0.4281150159744409, 'eval_runtime': 0.2146, 'eval_samples_per_second': 139.815, 'eval_steps_per_second': 9.321, 'epoch': 2246.0}
{'eval_loss': 0.6057168841362, 'eval_f1': 0.4281150159744409, 'eval_runtime': 0.2123, 'eval_samples_per_second': 141.318, 'eval_steps_per_second': 9.421, 'epoch': 2247.0}
{'eval_loss': 0.6057787537574768, 'eval_f1': 0.4281150159744409, 'eval_runtime': 0.2272, 'eval_samples_per_second': 132.017, 'eval_steps_per_second': 8.801, 'epoch': 2248.0}
{'eval_loss': 0.6058123707771301, 'eval_f1': 0.4281150159744409, 'eval_runtime': 0.225, 'eval_samples_per_second': 133.329, 'eval_steps_per_second': 8.889, 'epoch': 2249.0}
{'loss': 0.3355, 'grad_norm': 1.1243611574172974, 'learning_rate': 5e-08, 'epoch': 2250.0}
{'eval_loss': 0.6058528423309326, 'eval_f1': 0.4281150159744409, 'eval_runtime': 0.2171, 'eval_samples_per_second': 138.206, 'eval_steps_per_second': 9.214, 'epoch': 2250.0}
{'eval_loss': 0.6059369444847107, 'eval_f1': 0.4281150159744409, 'eval_runtime': 0.2228, 'eval_samples_per_second': 134.652, 'eval_steps_per_second': 8.977, 'epoch': 2251.0}
{'eval_loss': 0.605999231338501, 'eval_f1': 0.4281150159744409, 'eval_runtime': 0.2177, 'eval_samples_per_second': 137.81, 'eval_steps_per_second': 9.187, 'epoch': 2252.0}
{'eval_loss': 0.6059765219688416, 'eval_f1': 0.4281150159744409, 'eval_runtime': 0.2187, 'eval_samples_per_second': 137.181, 'eval_steps_per_second': 9.145, 'epoch': 2253.0}
{'eval_loss': 0.6059607267379761, 'eval_f1': 0.4281150159744409, 'eval_runtime': 0.2179, 'eval_samples_per_second': 137.704, 'eval_steps_per_second': 9.18, 'epoch': 2254.0}
{'eval_loss': 0.6059924960136414, 'eval_f1': 0.4281150159744409, 'eval_runtime': 0.2168, 'eval_samples_per_second': 138.375, 'eval_steps_per_second': 9.225, 'epoch': 2255.0}
{'eval_loss': 0.6060623526573181, 'eval_f1': 0.4281150159744409, 'eval_runtime': 0.2091, 'eval_samples_per_second': 143.451, 'eval_steps_per_second': 9.563, 'epoch': 2256.0}
{'eval_loss': 0.6061072945594788, 'eval_f1': 0.423076923076923, 'eval_runtime': 0.21, 'eval_samples_per_second': 142.871, 'eval_steps_per_second': 9.525, 'epoch': 2257.0}
{'eval_loss': 0.6061199307441711, 'eval_f1': 0.423076923076923, 'eval_runtime': 0.2098, 'eval_samples_per_second': 142.968, 'eval_steps_per_second': 9.531, 'epoch': 2258.0}
{'eval_loss': 0.606211245059967, 'eval_f1': 0.423076923076923, 'eval_runtime': 0.215, 'eval_samples_per_second': 139.547, 'eval_steps_per_second': 9.303, 'epoch': 2259.0}
{'eval_loss': 0.6063594818115234, 'eval_f1': 0.423076923076923, 'eval_runtime': 0.2113, 'eval_samples_per_second': 141.945, 'eval_steps_per_second': 9.463, 'epoch': 2260.0}
{'eval_loss': 0.6064120531082153, 'eval_f1': 0.423076923076923, 'eval_runtime': 0.2511, 'eval_samples_per_second': 119.451, 'eval_steps_per_second': 7.963, 'epoch': 2261.0}
{'eval_loss': 0.6064367890357971, 'eval_f1': 0.423076923076923, 'eval_runtime': 0.2133, 'eval_samples_per_second': 140.668, 'eval_steps_per_second': 9.378, 'epoch': 2262.0}
{'eval_loss': 0.6063939332962036, 'eval_f1': 0.423076923076923, 'eval_runtime': 0.2097, 'eval_samples_per_second': 143.028, 'eval_steps_per_second': 9.535, 'epoch': 2263.0}
{'eval_loss': 0.6063806414604187, 'eval_f1': 0.423076923076923, 'eval_runtime': 0.2102, 'eval_samples_per_second': 142.739, 'eval_steps_per_second': 9.516, 'epoch': 2264.0}
{'eval_loss': 0.606315553188324, 'eval_f1': 0.4281150159744409, 'eval_runtime': 0.2109, 'eval_samples_per_second': 142.262, 'eval_steps_per_second': 9.484, 'epoch': 2265.0}
{'eval_loss': 0.6062745451927185, 'eval_f1': 0.4281150159744409, 'eval_runtime': 0.2146, 'eval_samples_per_second': 139.812, 'eval_steps_per_second': 9.321, 'epoch': 2266.0}
{'eval_loss': 0.6062638163566589, 'eval_f1': 0.4281150159744409, 'eval_runtime': 0.2054, 'eval_samples_per_second': 146.073, 'eval_steps_per_second': 9.738, 'epoch': 2267.0}
{'eval_loss': 0.6062465906143188, 'eval_f1': 0.4281150159744409, 'eval_runtime': 0.2057, 'eval_samples_per_second': 145.823, 'eval_steps_per_second': 9.722, 'epoch': 2268.0}
{'eval_loss': 0.6062113642692566, 'eval_f1': 0.4281150159744409, 'eval_runtime': 0.2062, 'eval_samples_per_second': 145.521, 'eval_steps_per_second': 9.701, 'epoch': 2269.0}
{'eval_loss': 0.6062633395195007, 'eval_f1': 0.4281150159744409, 'eval_runtime': 0.2036, 'eval_samples_per_second': 147.335, 'eval_steps_per_second': 9.822, 'epoch': 2270.0}
{'eval_loss': 0.6063114404678345, 'eval_f1': 0.4281150159744409, 'eval_runtime': 0.2034, 'eval_samples_per_second': 147.515, 'eval_steps_per_second': 9.834, 'epoch': 2271.0}
{'eval_loss': 0.6062777638435364, 'eval_f1': 0.4281150159744409, 'eval_runtime': 0.2369, 'eval_samples_per_second': 126.631, 'eval_steps_per_second': 8.442, 'epoch': 2272.0}
{'eval_loss': 0.606222927570343, 'eval_f1': 0.4281150159744409, 'eval_runtime': 0.238, 'eval_samples_per_second': 126.026, 'eval_steps_per_second': 8.402, 'epoch': 2273.0}
{'eval_loss': 0.6062308549880981, 'eval_f1': 0.4281150159744409, 'eval_runtime': 0.2389, 'eval_samples_per_second': 125.555, 'eval_steps_per_second': 8.37, 'epoch': 2274.0}
{'eval_loss': 0.6061927676200867, 'eval_f1': 0.4281150159744409, 'eval_runtime': 0.2177, 'eval_samples_per_second': 137.774, 'eval_steps_per_second': 9.185, 'epoch': 2275.0}
{'eval_loss': 0.6062217354774475, 'eval_f1': 0.4281150159744409, 'eval_runtime': 0.2184, 'eval_samples_per_second': 137.387, 'eval_steps_per_second': 9.159, 'epoch': 2276.0}
{'eval_loss': 0.6062988638877869, 'eval_f1': 0.4281150159744409, 'eval_runtime': 0.2119, 'eval_samples_per_second': 141.551, 'eval_steps_per_second': 9.437, 'epoch': 2277.0}
{'eval_loss': 0.6063864231109619, 'eval_f1': 0.423076923076923, 'eval_runtime': 0.217, 'eval_samples_per_second': 138.271, 'eval_steps_per_second': 9.218, 'epoch': 2278.0}
{'eval_loss': 0.60643470287323, 'eval_f1': 0.423076923076923, 'eval_runtime': 0.2296, 'eval_samples_per_second': 130.635, 'eval_steps_per_second': 8.709, 'epoch': 2279.0}
{'eval_loss': 0.6065111756324768, 'eval_f1': 0.423076923076923, 'eval_runtime': 0.2125, 'eval_samples_per_second': 141.151, 'eval_steps_per_second': 9.41, 'epoch': 2280.0}
{'eval_loss': 0.606627881526947, 'eval_f1': 0.423076923076923, 'eval_runtime': 0.2138, 'eval_samples_per_second': 140.33, 'eval_steps_per_second': 9.355, 'epoch': 2281.0}
{'eval_loss': 0.6066240072250366, 'eval_f1': 0.423076923076923, 'eval_runtime': 0.2122, 'eval_samples_per_second': 141.392, 'eval_steps_per_second': 9.426, 'epoch': 2282.0}
{'eval_loss': 0.6066484451293945, 'eval_f1': 0.423076923076923, 'eval_runtime': 0.2201, 'eval_samples_per_second': 136.314, 'eval_steps_per_second': 9.088, 'epoch': 2283.0}
{'eval_loss': 0.6066768169403076, 'eval_f1': 0.423076923076923, 'eval_runtime': 0.2134, 'eval_samples_per_second': 140.551, 'eval_steps_per_second': 9.37, 'epoch': 2284.0}
{'eval_loss': 0.6067168712615967, 'eval_f1': 0.423076923076923, 'eval_runtime': 0.2037, 'eval_samples_per_second': 147.305, 'eval_steps_per_second': 9.82, 'epoch': 2285.0}
{'eval_loss': 0.6067827343940735, 'eval_f1': 0.4281150159744409, 'eval_runtime': 0.2086, 'eval_samples_per_second': 143.804, 'eval_steps_per_second': 9.587, 'epoch': 2286.0}
{'eval_loss': 0.6068161725997925, 'eval_f1': 0.4281150159744409, 'eval_runtime': 0.2144, 'eval_samples_per_second': 139.93, 'eval_steps_per_second': 9.329, 'epoch': 2287.0}
{'eval_loss': 0.6068050861358643, 'eval_f1': 0.4281150159744409, 'eval_runtime': 0.2291, 'eval_samples_per_second': 130.935, 'eval_steps_per_second': 8.729, 'epoch': 2288.0}
{'eval_loss': 0.6068089604377747, 'eval_f1': 0.4281150159744409, 'eval_runtime': 0.2079, 'eval_samples_per_second': 144.276, 'eval_steps_per_second': 9.618, 'epoch': 2289.0}
{'eval_loss': 0.6068309545516968, 'eval_f1': 0.4281150159744409, 'eval_runtime': 0.2141, 'eval_samples_per_second': 140.1, 'eval_steps_per_second': 9.34, 'epoch': 2290.0}
{'eval_loss': 0.6067700982093811, 'eval_f1': 0.4281150159744409, 'eval_runtime': 0.2036, 'eval_samples_per_second': 147.341, 'eval_steps_per_second': 9.823, 'epoch': 2291.0}
{'eval_loss': 0.6066780686378479, 'eval_f1': 0.423076923076923, 'eval_runtime': 0.211, 'eval_samples_per_second': 142.151, 'eval_steps_per_second': 9.477, 'epoch': 2292.0}
{'eval_loss': 0.6066208481788635, 'eval_f1': 0.423076923076923, 'eval_runtime': 0.205, 'eval_samples_per_second': 146.334, 'eval_steps_per_second': 9.756, 'epoch': 2293.0}
{'eval_loss': 0.6066364049911499, 'eval_f1': 0.423076923076923, 'eval_runtime': 0.2177, 'eval_samples_per_second': 137.792, 'eval_steps_per_second': 9.186, 'epoch': 2294.0}
{'eval_loss': 0.6066766977310181, 'eval_f1': 0.423076923076923, 'eval_runtime': 0.2199, 'eval_samples_per_second': 136.412, 'eval_steps_per_second': 9.094, 'epoch': 2295.0}
{'eval_loss': 0.606718897819519, 'eval_f1': 0.423076923076923, 'eval_runtime': 0.2095, 'eval_samples_per_second': 143.166, 'eval_steps_per_second': 9.544, 'epoch': 2296.0}
{'eval_loss': 0.6068593263626099, 'eval_f1': 0.423076923076923, 'eval_runtime': 0.2116, 'eval_samples_per_second': 141.777, 'eval_steps_per_second': 9.452, 'epoch': 2297.0}
{'eval_loss': 0.606941819190979, 'eval_f1': 0.423076923076923, 'eval_runtime': 0.2115, 'eval_samples_per_second': 141.86, 'eval_steps_per_second': 9.457, 'epoch': 2298.0}
{'eval_loss': 0.6069889068603516, 'eval_f1': 0.423076923076923, 'eval_runtime': 0.2109, 'eval_samples_per_second': 142.25, 'eval_steps_per_second': 9.483, 'epoch': 2299.0}
{'eval_loss': 0.606981635093689, 'eval_f1': 0.423076923076923, 'eval_runtime': 0.2142, 'eval_samples_per_second': 140.073, 'eval_steps_per_second': 9.338, 'epoch': 2300.0}
{'eval_loss': 0.6069424152374268, 'eval_f1': 0.423076923076923, 'eval_runtime': 0.2141, 'eval_samples_per_second': 140.095, 'eval_steps_per_second': 9.34, 'epoch': 2301.0}
{'eval_loss': 0.6069876551628113, 'eval_f1': 0.423076923076923, 'eval_runtime': 0.2155, 'eval_samples_per_second': 139.236, 'eval_steps_per_second': 9.282, 'epoch': 2302.0}
{'eval_loss': 0.6069197058677673, 'eval_f1': 0.423076923076923, 'eval_runtime': 0.2088, 'eval_samples_per_second': 143.668, 'eval_steps_per_second': 9.578, 'epoch': 2303.0}
{'eval_loss': 0.606873095035553, 'eval_f1': 0.423076923076923, 'eval_runtime': 0.2155, 'eval_samples_per_second': 139.217, 'eval_steps_per_second': 9.281, 'epoch': 2304.0}
{'eval_loss': 0.6067933440208435, 'eval_f1': 0.423076923076923, 'eval_runtime': 0.2149, 'eval_samples_per_second': 139.625, 'eval_steps_per_second': 9.308, 'epoch': 2305.0}
{'eval_loss': 0.6067166924476624, 'eval_f1': 0.423076923076923, 'eval_runtime': 0.2221, 'eval_samples_per_second': 135.08, 'eval_steps_per_second': 9.005, 'epoch': 2306.0}
{'eval_loss': 0.6066638827323914, 'eval_f1': 0.423076923076923, 'eval_runtime': 0.2187, 'eval_samples_per_second': 137.198, 'eval_steps_per_second': 9.147, 'epoch': 2307.0}
{'eval_loss': 0.6066049337387085, 'eval_f1': 0.423076923076923, 'eval_runtime': 0.2224, 'eval_samples_per_second': 134.87, 'eval_steps_per_second': 8.991, 'epoch': 2308.0}
{'eval_loss': 0.6066598296165466, 'eval_f1': 0.423076923076923, 'eval_runtime': 0.2184, 'eval_samples_per_second': 137.344, 'eval_steps_per_second': 9.156, 'epoch': 2309.0}
{'eval_loss': 0.6066517233848572, 'eval_f1': 0.423076923076923, 'eval_runtime': 0.2346, 'eval_samples_per_second': 127.89, 'eval_steps_per_second': 8.526, 'epoch': 2310.0}
{'eval_loss': 0.6066683530807495, 'eval_f1': 0.423076923076923, 'eval_runtime': 0.2286, 'eval_samples_per_second': 131.212, 'eval_steps_per_second': 8.747, 'epoch': 2311.0}
{'eval_loss': 0.6066713333129883, 'eval_f1': 0.423076923076923, 'eval_runtime': 0.2288, 'eval_samples_per_second': 131.111, 'eval_steps_per_second': 8.741, 'epoch': 2312.0}
{'loss': 0.3335, 'grad_norm': 0.8920769095420837, 'learning_rate': 4.583333333333333e-08, 'epoch': 2312.5}
{'eval_loss': 0.6067085862159729, 'eval_f1': 0.423076923076923, 'eval_runtime': 0.2178, 'eval_samples_per_second': 137.739, 'eval_steps_per_second': 9.183, 'epoch': 2313.0}
{'eval_loss': 0.606764018535614, 'eval_f1': 0.423076923076923, 'eval_runtime': 0.2206, 'eval_samples_per_second': 135.975, 'eval_steps_per_second': 9.065, 'epoch': 2314.0}
{'eval_loss': 0.6067949533462524, 'eval_f1': 0.423076923076923, 'eval_runtime': 0.2071, 'eval_samples_per_second': 144.826, 'eval_steps_per_second': 9.655, 'epoch': 2315.0}
{'eval_loss': 0.6068347096443176, 'eval_f1': 0.423076923076923, 'eval_runtime': 0.2046, 'eval_samples_per_second': 146.622, 'eval_steps_per_second': 9.775, 'epoch': 2316.0}
{'eval_loss': 0.6068397760391235, 'eval_f1': 0.423076923076923, 'eval_runtime': 0.2038, 'eval_samples_per_second': 147.191, 'eval_steps_per_second': 9.813, 'epoch': 2317.0}
{'eval_loss': 0.6068154573440552, 'eval_f1': 0.423076923076923, 'eval_runtime': 0.2021, 'eval_samples_per_second': 148.421, 'eval_steps_per_second': 9.895, 'epoch': 2318.0}
{'eval_loss': 0.6068676710128784, 'eval_f1': 0.423076923076923, 'eval_runtime': 0.2172, 'eval_samples_per_second': 138.124, 'eval_steps_per_second': 9.208, 'epoch': 2319.0}
{'eval_loss': 0.6069194078445435, 'eval_f1': 0.423076923076923, 'eval_runtime': 0.2155, 'eval_samples_per_second': 139.206, 'eval_steps_per_second': 9.28, 'epoch': 2320.0}
{'eval_loss': 0.6069334745407104, 'eval_f1': 0.423076923076923, 'eval_runtime': 0.2191, 'eval_samples_per_second': 136.951, 'eval_steps_per_second': 9.13, 'epoch': 2321.0}
{'eval_loss': 0.6069139242172241, 'eval_f1': 0.423076923076923, 'eval_runtime': 0.2171, 'eval_samples_per_second': 138.193, 'eval_steps_per_second': 9.213, 'epoch': 2322.0}
{'eval_loss': 0.6068775057792664, 'eval_f1': 0.423076923076923, 'eval_runtime': 0.215, 'eval_samples_per_second': 139.545, 'eval_steps_per_second': 9.303, 'epoch': 2323.0}
{'eval_loss': 0.6068509817123413, 'eval_f1': 0.423076923076923, 'eval_runtime': 0.2141, 'eval_samples_per_second': 140.104, 'eval_steps_per_second': 9.34, 'epoch': 2324.0}
{'eval_loss': 0.6068264842033386, 'eval_f1': 0.423076923076923, 'eval_runtime': 0.2154, 'eval_samples_per_second': 139.296, 'eval_steps_per_second': 9.286, 'epoch': 2325.0}
{'eval_loss': 0.6068268418312073, 'eval_f1': 0.423076923076923, 'eval_runtime': 0.2219, 'eval_samples_per_second': 135.181, 'eval_steps_per_second': 9.012, 'epoch': 2326.0}
{'eval_loss': 0.6068426370620728, 'eval_f1': 0.423076923076923, 'eval_runtime': 0.2117, 'eval_samples_per_second': 141.731, 'eval_steps_per_second': 9.449, 'epoch': 2327.0}
{'eval_loss': 0.6068891286849976, 'eval_f1': 0.423076923076923, 'eval_runtime': 0.2205, 'eval_samples_per_second': 136.084, 'eval_steps_per_second': 9.072, 'epoch': 2328.0}
{'eval_loss': 0.6069232821464539, 'eval_f1': 0.423076923076923, 'eval_runtime': 0.2114, 'eval_samples_per_second': 141.886, 'eval_steps_per_second': 9.459, 'epoch': 2329.0}
{'eval_loss': 0.6069315671920776, 'eval_f1': 0.423076923076923, 'eval_runtime': 0.2335, 'eval_samples_per_second': 128.478, 'eval_steps_per_second': 8.565, 'epoch': 2330.0}
{'eval_loss': 0.6069077849388123, 'eval_f1': 0.4281150159744409, 'eval_runtime': 0.2123, 'eval_samples_per_second': 141.28, 'eval_steps_per_second': 9.419, 'epoch': 2331.0}
{'eval_loss': 0.6068690419197083, 'eval_f1': 0.4281150159744409, 'eval_runtime': 0.2131, 'eval_samples_per_second': 140.776, 'eval_steps_per_second': 9.385, 'epoch': 2332.0}
{'eval_loss': 0.6068645119667053, 'eval_f1': 0.4281150159744409, 'eval_runtime': 0.221, 'eval_samples_per_second': 135.731, 'eval_steps_per_second': 9.049, 'epoch': 2333.0}
{'eval_loss': 0.6068487763404846, 'eval_f1': 0.4281150159744409, 'eval_runtime': 0.2152, 'eval_samples_per_second': 139.427, 'eval_steps_per_second': 9.295, 'epoch': 2334.0}
{'eval_loss': 0.6068764925003052, 'eval_f1': 0.423076923076923, 'eval_runtime': 0.2104, 'eval_samples_per_second': 142.593, 'eval_steps_per_second': 9.506, 'epoch': 2335.0}
{'eval_loss': 0.6068986058235168, 'eval_f1': 0.423076923076923, 'eval_runtime': 0.2211, 'eval_samples_per_second': 135.704, 'eval_steps_per_second': 9.047, 'epoch': 2336.0}
{'eval_loss': 0.6069345474243164, 'eval_f1': 0.423076923076923, 'eval_runtime': 0.2257, 'eval_samples_per_second': 132.938, 'eval_steps_per_second': 8.863, 'epoch': 2337.0}
{'eval_loss': 0.60699063539505, 'eval_f1': 0.423076923076923, 'eval_runtime': 0.2203, 'eval_samples_per_second': 136.184, 'eval_steps_per_second': 9.079, 'epoch': 2338.0}
{'eval_loss': 0.607061505317688, 'eval_f1': 0.423076923076923, 'eval_runtime': 0.2168, 'eval_samples_per_second': 138.362, 'eval_steps_per_second': 9.224, 'epoch': 2339.0}
{'eval_loss': 0.6070795655250549, 'eval_f1': 0.423076923076923, 'eval_runtime': 0.2209, 'eval_samples_per_second': 135.778, 'eval_steps_per_second': 9.052, 'epoch': 2340.0}
{'eval_loss': 0.6070591807365417, 'eval_f1': 0.423076923076923, 'eval_runtime': 0.2209, 'eval_samples_per_second': 135.777, 'eval_steps_per_second': 9.052, 'epoch': 2341.0}
{'eval_loss': 0.6070786714553833, 'eval_f1': 0.423076923076923, 'eval_runtime': 0.2056, 'eval_samples_per_second': 145.886, 'eval_steps_per_second': 9.726, 'epoch': 2342.0}
{'eval_loss': 0.6071118712425232, 'eval_f1': 0.423076923076923, 'eval_runtime': 0.2205, 'eval_samples_per_second': 136.06, 'eval_steps_per_second': 9.071, 'epoch': 2343.0}
{'eval_loss': 0.6071521043777466, 'eval_f1': 0.423076923076923, 'eval_runtime': 0.217, 'eval_samples_per_second': 138.243, 'eval_steps_per_second': 9.216, 'epoch': 2344.0}
{'eval_loss': 0.6071288585662842, 'eval_f1': 0.423076923076923, 'eval_runtime': 0.2242, 'eval_samples_per_second': 133.825, 'eval_steps_per_second': 8.922, 'epoch': 2345.0}
{'eval_loss': 0.6071041822433472, 'eval_f1': 0.423076923076923, 'eval_runtime': 0.2126, 'eval_samples_per_second': 141.117, 'eval_steps_per_second': 9.408, 'epoch': 2346.0}
{'eval_loss': 0.6070493459701538, 'eval_f1': 0.423076923076923, 'eval_runtime': 0.2141, 'eval_samples_per_second': 140.144, 'eval_steps_per_second': 9.343, 'epoch': 2347.0}
